{
  "type": "FeatureCollection",
  "bbox": [
    -5.131172,
    41.3444254,
    9.529451,
    51.0820631
  ],
  "_meta": {
    "crs": "EPSG:4326",
    "generated": "2026-06-07",
    "source": "OpenStreetMap via Overpass API — sport=yoga in metropolitan France and Corsica"
  },
  "features": [
    {
      "type": "Feature",
      "id": "yoga-france-0001",
      "geometry": {
        "type": "Point",
        "coordinates": [
          6.9198863,
          50.951031
        ]
      },
      "properties": {
        "name": "Jayjay Yoga",
        "category": "Yoga",
        "icon": "🧘",
        "coord_source": "osm",
        "coord_accuracy": "high",
        "place_id": "osm:node/333609209",
        "phone": "+49 221 69039933",
        "url": "https://jayjayyoga.com/"
      }
    },
    {
      "type": "Feature",
      "id": "yoga-france-0002",
      "geometry": {
        "type": "Point",
        "coordinates": [
          8.6168696,
          47.3963422
        ]
      },
      "properties": {
        "name": "Adishiv",
        "category": "Yoga",
        "icon": "🧘",
        "coord_source": "osm",
        "coord_accuracy": "high",
        "place_id": "osm:node/565278481",
        "phone": "+41 43 819 13 23",
        "url": "https://www.adishivom.com"
      }
    },
    {
      "type": "Feature",
      "id": "yoga-france-0003",
      "geometry": {
        "type": "Point",
        "coordinates": [
          9.0816786,
          48.9053236
        ]
      },
      "properties": {
        "name": "Raum für dich",
        "category": "Yoga",
        "icon": "🧘",
        "coord_source": "osm",
        "coord_accuracy": "high",
        "place_id": "osm:node/599429670",
        "address": "11 Ostergasse 71706 Markgröningen"
      }
    },
    {
      "type": "Feature",
      "id": "yoga-france-0004",
      "geometry": {
        "type": "Point",
        "coordinates": [
          7.8404793,
          47.9931587
        ]
      },
      "properties": {
        "name": "Kultur in Bewegung e. V.",
        "category": "Yoga",
        "icon": "🧘",
        "coord_source": "osm",
        "coord_accuracy": "high",
        "place_id": "osm:node/679144213",
        "url": "https://www.yoga-jetzt.de/kontakt/raumvermietung/;https://www.yoga-jetzt.de"
      }
    },
    {
      "type": "Feature",
      "id": "yoga-france-0005",
      "geometry": {
        "type": "Point",
        "coordinates": [
          2.3963155,
          41.5060069
        ]
      },
      "properties": {
        "name": "L'estudi Yoga",
        "category": "Yoga",
        "icon": "🧘",
        "coord_source": "osm",
        "coord_accuracy": "high",
        "place_id": "osm:node/843363592"
      }
    },
    {
      "type": "Feature",
      "id": "yoga-france-0006",
      "geometry": {
        "type": "Point",
        "coordinates": [
          8.4503537,
          48.0661496
        ]
      },
      "properties": {
        "name": "Yogi Natur",
        "category": "Yoga",
        "icon": "🧘",
        "coord_source": "osm",
        "coord_accuracy": "high",
        "place_id": "osm:node/885644337",
        "address": "Sebastian-Kneipp-Straße 78048 Villingen-Schwenningen",
        "url": "https://www.yoginatur.de"
      }
    },
    {
      "type": "Feature",
      "id": "yoga-france-0007",
      "geometry": {
        "type": "Point",
        "coordinates": [
          6.9464269,
          46.2542824
        ]
      },
      "properties": {
        "name": "Samgati - La Pause Yoga",
        "category": "Yoga",
        "icon": "🧘",
        "coord_source": "osm",
        "coord_accuracy": "high",
        "place_id": "osm:node/896758524"
      }
    },
    {
      "type": "Feature",
      "id": "yoga-france-0008",
      "geometry": {
        "type": "Point",
        "coordinates": [
          8.5288966,
          47.3751511
        ]
      },
      "properties": {
        "name": "Yoga City",
        "category": "Yoga",
        "icon": "🧘",
        "coord_source": "osm",
        "coord_accuracy": "high",
        "place_id": "osm:node/914703161",
        "address": "40 Bäckerstrasse"
      }
    },
    {
      "type": "Feature",
      "id": "yoga-france-0009",
      "geometry": {
        "type": "Point",
        "coordinates": [
          8.5299677,
          47.3759336
        ]
      },
      "properties": {
        "name": "Studio 45",
        "category": "Yoga",
        "icon": "🧘",
        "coord_source": "osm",
        "coord_accuracy": "high",
        "place_id": "osm:node/915410096",
        "address": "45 Zeughausstrasse"
      }
    },
    {
      "type": "Feature",
      "id": "yoga-france-0010",
      "geometry": {
        "type": "Point",
        "coordinates": [
          6.936493,
          50.9385015
        ]
      },
      "properties": {
        "name": "Yogamama",
        "category": "Yoga",
        "icon": "🧘",
        "coord_source": "osm",
        "coord_accuracy": "high",
        "place_id": "osm:node/942678120",
        "address": "26 Maastrichter Straße 50672 Köln",
        "url": "https://www.yoma-koeln.de/"
      }
    },
    {
      "type": "Feature",
      "id": "yoga-france-0011",
      "geometry": {
        "type": "Point",
        "coordinates": [
          0.686557,
          47.3892526
        ]
      },
      "properties": {
        "name": "L'espace d'un instant",
        "category": "Yoga",
        "icon": "🧘",
        "coord_source": "osm",
        "coord_accuracy": "high",
        "place_id": "osm:node/968852881",
        "address": "7 Rue George Sand"
      }
    },
    {
      "type": "Feature",
      "id": "yoga-france-0012",
      "geometry": {
        "type": "Point",
        "coordinates": [
          4.815998,
          44.1364689
        ]
      },
      "properties": {
        "name": "Centre Movimento",
        "category": "Yoga",
        "icon": "🧘",
        "coord_source": "osm",
        "coord_accuracy": "high",
        "place_id": "osm:node/1300464983",
        "address": "Orange",
        "phone": "+33 6 61 72 67 62",
        "url": "https://www.centre-movimento.fr/"
      }
    },
    {
      "type": "Feature",
      "id": "yoga-france-0013",
      "geometry": {
        "type": "Point",
        "coordinates": [
          9.1963683,
          48.6553461
        ]
      },
      "properties": {
        "name": "Yoga Lounge",
        "category": "Yoga",
        "icon": "🧘",
        "coord_source": "osm",
        "coord_accuracy": "high",
        "place_id": "osm:node/1309643835"
      }
    },
    {
      "type": "Feature",
      "id": "yoga-france-0014",
      "geometry": {
        "type": "Point",
        "coordinates": [
          8.4936116,
          47.2467686
        ]
      },
      "properties": {
        "name": "Freiraum",
        "category": "Yoga",
        "icon": "🧘",
        "coord_source": "osm",
        "coord_accuracy": "high",
        "place_id": "osm:node/1319874353",
        "address": "23 Jonenbachstrasse",
        "url": "https://www.freiraum-rifferswil.ch/"
      }
    },
    {
      "type": "Feature",
      "id": "yoga-france-0015",
      "geometry": {
        "type": "Point",
        "coordinates": [
          9.1143943,
          48.7189089
        ]
      },
      "properties": {
        "name": "Yoga Studio Fox",
        "category": "Yoga",
        "icon": "🧘",
        "coord_source": "osm",
        "coord_accuracy": "high",
        "place_id": "osm:node/1393758911",
        "hours": "\"Je nach Kursangebot\"",
        "url": "https://yogastudiofox.com/"
      }
    },
    {
      "type": "Feature",
      "id": "yoga-france-0016",
      "geometry": {
        "type": "Point",
        "coordinates": [
          8.2259461,
          50.079219
        ]
      },
      "properties": {
        "name": "Yogaraum Wiesbaden",
        "category": "Yoga",
        "icon": "🧘",
        "coord_source": "osm",
        "coord_accuracy": "high",
        "place_id": "osm:node/1603569103",
        "phone": "+49 611 5900377",
        "url": "http://www.yogaraum-wiesbaden.de/"
      }
    },
    {
      "type": "Feature",
      "id": "yoga-france-0017",
      "geometry": {
        "type": "Point",
        "coordinates": [
          8.4742593,
          49.4865712
        ]
      },
      "properties": {
        "name": "Moksha Yoga Center",
        "category": "Yoga",
        "icon": "🧘",
        "coord_source": "osm",
        "coord_accuracy": "high",
        "place_id": "osm:node/1632759599",
        "url": "https://www.mokshayogastudio.de/"
      }
    },
    {
      "type": "Feature",
      "id": "yoga-france-0018",
      "geometry": {
        "type": "Point",
        "coordinates": [
          2.2578859,
          48.8401487
        ]
      },
      "properties": {
        "name": "Body & Brain",
        "category": "Yoga",
        "icon": "🧘",
        "coord_source": "osm",
        "coord_accuracy": "high",
        "place_id": "osm:node/1640452952"
      }
    },
    {
      "type": "Feature",
      "id": "yoga-france-0019",
      "geometry": {
        "type": "Point",
        "coordinates": [
          4.4086413,
          50.8038847
        ]
      },
      "properties": {
        "name": "Saï yoga asbl",
        "category": "Yoga",
        "icon": "🧘",
        "coord_source": "osm",
        "coord_accuracy": "high",
        "place_id": "osm:node/1641664839"
      }
    },
    {
      "type": "Feature",
      "id": "yoga-france-0020",
      "geometry": {
        "type": "Point",
        "coordinates": [
          1.4908833,
          48.4469256
        ]
      },
      "properties": {
        "name": "Maison du Yoga",
        "category": "Yoga",
        "icon": "🧘",
        "coord_source": "osm",
        "coord_accuracy": "high",
        "place_id": "osm:node/1780098825"
      }
    },
    {
      "type": "Feature",
      "id": "yoga-france-0021",
      "geometry": {
        "type": "Point",
        "coordinates": [
          3.8653361,
          43.6101706
        ]
      },
      "properties": {
        "name": "Centre de Yoga des Arceaux",
        "category": "Yoga",
        "icon": "🧘",
        "coord_source": "osm",
        "coord_accuracy": "high",
        "place_id": "osm:node/1795770152",
        "address": "1 Rue Duval-Jouve",
        "phone": "+33961385138",
        "url": "http://yoga-montpellier.com/"
      }
    },
    {
      "type": "Feature",
      "id": "yoga-france-0022",
      "geometry": {
        "type": "Point",
        "coordinates": [
          8.5494149,
          49.4665448
        ]
      },
      "properties": {
        "name": "YogaRaum",
        "category": "Yoga",
        "icon": "🧘",
        "coord_source": "osm",
        "coord_accuracy": "high",
        "place_id": "osm:node/1924864493",
        "phone": "+49 621 43728352",
        "url": "https://yogaraum-mannheim.de/"
      }
    },
    {
      "type": "Feature",
      "id": "yoga-france-0023",
      "geometry": {
        "type": "Point",
        "coordinates": [
          2.3994073,
          51.0435918
        ]
      },
      "properties": {
        "name": "La palma zen",
        "category": "Yoga",
        "icon": "🧘",
        "coord_source": "osm",
        "coord_accuracy": "high",
        "place_id": "osm:node/1988078159",
        "address": "120 Boulevard de la République - François Mitterrand 59240 Dunkerque"
      }
    },
    {
      "type": "Feature",
      "id": "yoga-france-0024",
      "geometry": {
        "type": "Point",
        "coordinates": [
          2.39385,
          48.8706475
        ]
      },
      "properties": {
        "name": "Espace Jaya",
        "category": "Yoga",
        "icon": "🧘",
        "coord_source": "osm",
        "coord_accuracy": "high",
        "place_id": "osm:node/1990798379",
        "url": "https://www.jayaparis.com"
      }
    },
    {
      "type": "Feature",
      "id": "yoga-france-0025",
      "geometry": {
        "type": "Point",
        "coordinates": [
          8.7398008,
          47.123249
        ]
      },
      "properties": {
        "name": "Yogastudio Ganesha",
        "category": "Yoga",
        "icon": "🧘",
        "coord_source": "osm",
        "coord_accuracy": "high",
        "place_id": "osm:node/2003430844",
        "address": "15 Allmeindstrasse 8840",
        "url": "https://www.ganesha-yoga.ch/"
      }
    },
    {
      "type": "Feature",
      "id": "yoga-france-0026",
      "geometry": {
        "type": "Point",
        "coordinates": [
          6.9552299,
          50.962056
        ]
      },
      "properties": {
        "name": "Hatha-Yoga-Köln",
        "category": "Yoga",
        "icon": "🧘",
        "coord_source": "osm",
        "coord_accuracy": "high",
        "place_id": "osm:node/2111949315",
        "address": "220 Neusser Straße 50733",
        "url": "https://www.hatha-yoga-koeln.de/"
      }
    },
    {
      "type": "Feature",
      "id": "yoga-france-0027",
      "geometry": {
        "type": "Point",
        "coordinates": [
          6.595259,
          50.7681913
        ]
      },
      "properties": {
        "name": "Yogastudio",
        "category": "Yoga",
        "icon": "🧘",
        "coord_source": "osm",
        "coord_accuracy": "high",
        "place_id": "osm:node/2125717789",
        "address": "2 Klosterstraße 52391 Vettweiß",
        "phone": "+49 2424 202360",
        "url": "https://yogastudio.de/"
      }
    },
    {
      "type": "Feature",
      "id": "yoga-france-0028",
      "geometry": {
        "type": "Point",
        "coordinates": [
          8.4705429,
          49.4701152
        ]
      },
      "properties": {
        "name": "VAYOGA Yoga & Pilates Studio",
        "category": "Yoga",
        "icon": "🧘",
        "coord_source": "osm",
        "coord_accuracy": "high",
        "place_id": "osm:node/2165966560",
        "hours": "\"Wir öffnen immer 15 Minuten vor Kursbeginn\""
      }
    },
    {
      "type": "Feature",
      "id": "yoga-france-0029",
      "geometry": {
        "type": "Point",
        "coordinates": [
          5.6947263,
          45.186551
        ]
      },
      "properties": {
        "name": "Le Clair de L'Aube",
        "category": "Yoga",
        "icon": "🧘",
        "coord_source": "osm",
        "coord_accuracy": "high",
        "place_id": "osm:node/2166243881",
        "address": "2 Rue d'Alpignano 38600 Fontaine"
      }
    },
    {
      "type": "Feature",
      "id": "yoga-france-0030",
      "geometry": {
        "type": "Point",
        "coordinates": [
          2.15704,
          41.4054523
        ]
      },
      "properties": {
        "name": "Yoga con Gracia",
        "category": "Yoga",
        "icon": "🧘",
        "coord_source": "osm",
        "coord_accuracy": "high",
        "place_id": "osm:node/2231258484",
        "address": "4,6,8,10 Carrer de l'Església 08024"
      }
    },
    {
      "type": "Feature",
      "id": "yoga-france-0031",
      "geometry": {
        "type": "Point",
        "coordinates": [
          5.2536878,
          45.7249094
        ]
      },
      "properties": {
        "name": "Gaëlle Yoga",
        "category": "Yoga",
        "icon": "🧘",
        "coord_source": "osm",
        "coord_accuracy": "high",
        "place_id": "osm:node/2281925128",
        "phone": "+33 6 26 07 68 60",
        "url": "https://gaelleyoga.com/"
      }
    },
    {
      "type": "Feature",
      "id": "yoga-france-0032",
      "geometry": {
        "type": "Point",
        "coordinates": [
          8.5357429,
          49.4863349
        ]
      },
      "properties": {
        "name": "Yoga Institut Mannheim",
        "category": "Yoga",
        "icon": "🧘",
        "coord_source": "osm",
        "coord_accuracy": "high",
        "place_id": "osm:node/2327342620",
        "phone": "+49 621 853655",
        "url": "https://www.yoga-institut-mannheim.de/"
      }
    },
    {
      "type": "Feature",
      "id": "yoga-france-0033",
      "geometry": {
        "type": "Point",
        "coordinates": [
          2.2573353,
          48.914697
        ]
      },
      "properties": {
        "name": "Studio selíni",
        "category": "Yoga",
        "icon": "🧘",
        "coord_source": "osm",
        "coord_accuracy": "high",
        "place_id": "osm:node/2347328882"
      }
    },
    {
      "type": "Feature",
      "id": "yoga-france-0034",
      "geometry": {
        "type": "Point",
        "coordinates": [
          5.7218087,
          45.1882289
        ]
      },
      "properties": {
        "name": "La Boîte à Plumes",
        "category": "Yoga",
        "icon": "🧘",
        "coord_source": "osm",
        "coord_accuracy": "high",
        "place_id": "osm:node/2373745782",
        "hours": "Mo-Fr 09:30-19:30; Sa 09:00-13:00"
      }
    },
    {
      "type": "Feature",
      "id": "yoga-france-0035",
      "geometry": {
        "type": "Point",
        "coordinates": [
          9.334584,
          48.048126
        ]
      },
      "properties": {
        "name": "Yoga-Studio Zeit und Raum",
        "category": "Yoga",
        "icon": "🧘",
        "coord_source": "osm",
        "coord_accuracy": "high",
        "place_id": "osm:node/2396579012",
        "phone": "+49 7576 7050",
        "url": "http://inspired-yoga.de"
      }
    },
    {
      "type": "Feature",
      "id": "yoga-france-0036",
      "geometry": {
        "type": "Point",
        "coordinates": [
          7.1185831,
          50.5464172
        ]
      },
      "properties": {
        "name": "Jenny Redmann Yoga und Pilates",
        "category": "Yoga",
        "icon": "🧘",
        "coord_source": "osm",
        "coord_accuracy": "high",
        "place_id": "osm:node/2399197379",
        "address": "7b Ahrweilerstraße 53474 Bad Neuenahr-Ahrweiler",
        "phone": "+49 2641 9167273",
        "url": "https://jenny-redmann.de/"
      }
    },
    {
      "type": "Feature",
      "id": "yoga-france-0037",
      "geometry": {
        "type": "Point",
        "coordinates": [
          -1.0318461,
          45.6321741
        ]
      },
      "properties": {
        "name": "Yoga #37",
        "category": "Yoga",
        "icon": "🧘",
        "coord_source": "osm",
        "coord_accuracy": "high",
        "place_id": "osm:node/2466334530"
      }
    },
    {
      "type": "Feature",
      "id": "yoga-france-0038",
      "geometry": {
        "type": "Point",
        "coordinates": [
          4.3582183,
          50.8271181
        ]
      },
      "properties": {
        "name": "Yoga Room",
        "category": "Yoga",
        "icon": "🧘",
        "coord_source": "osm",
        "coord_accuracy": "high",
        "place_id": "osm:node/2466779676",
        "phone": "+32 2 534 41 61",
        "url": "https://www.yoga-room.be"
      }
    },
    {
      "type": "Feature",
      "id": "yoga-france-0039",
      "geometry": {
        "type": "Point",
        "coordinates": [
          4.8061306,
          44.1383015
        ]
      },
      "properties": {
        "name": "Rendez-vous en Provence",
        "category": "Yoga",
        "icon": "🧘",
        "coord_source": "osm",
        "coord_accuracy": "high",
        "place_id": "osm:node/2542663482",
        "address": "9 Rue Victor Hugo Orange",
        "url": "https://enjoy-studio.fr/"
      }
    },
    {
      "type": "Feature",
      "id": "yoga-france-0040",
      "geometry": {
        "type": "Point",
        "coordinates": [
          -3.7932315,
          43.4686745
        ]
      },
      "properties": {
        "name": "Dávila Fisioterapia Pilates",
        "category": "Yoga",
        "icon": "🧘",
        "coord_source": "osm",
        "coord_accuracy": "high",
        "place_id": "osm:node/2592649321",
        "address": "30 Bajo Paseo de Altamira 39005 Santander",
        "hours": "Mo-Fr 09:30-13:30,16:30-20:30; Sa 09:30-13:30",
        "phone": "+34 942280529"
      }
    },
    {
      "type": "Feature",
      "id": "yoga-france-0041",
      "geometry": {
        "type": "Point",
        "coordinates": [
          -3.8210966,
          43.4613677
        ]
      },
      "properties": {
        "name": "MidTown",
        "category": "Yoga",
        "icon": "🧘",
        "coord_source": "osm",
        "coord_accuracy": "high",
        "place_id": "osm:node/2592649859",
        "address": "17 Calle de Narciso Cuevas 39010 Santander",
        "hours": "Mo-Fr 08:00-22:00",
        "phone": "+34 645835706"
      }
    },
    {
      "type": "Feature",
      "id": "yoga-france-0042",
      "geometry": {
        "type": "Point",
        "coordinates": [
          -3.8073288,
          43.4601505
        ]
      },
      "properties": {
        "name": "Pilates Bahía de Santander",
        "category": "Yoga",
        "icon": "🧘",
        "coord_source": "osm",
        "coord_accuracy": "high",
        "place_id": "osm:node/2592656490",
        "address": "16 Calle de Cádiz 39002 Santander",
        "hours": "Sa 10:00-12:00; Mo-Fr 08:00-22:00",
        "phone": "+34 942310464",
        "url": "http://www.pilatesbahiasantander.com"
      }
    },
    {
      "type": "Feature",
      "id": "yoga-france-0043",
      "geometry": {
        "type": "Point",
        "coordinates": [
          -0.4137488,
          48.5574703
        ]
      },
      "properties": {
        "name": "Studio Padma",
        "category": "Yoga",
        "icon": "🧘",
        "coord_source": "osm",
        "coord_accuracy": "high",
        "place_id": "osm:node/2702848584"
      }
    },
    {
      "type": "Feature",
      "id": "yoga-france-0044",
      "geometry": {
        "type": "Point",
        "coordinates": [
          8.2412287,
          48.7547204
        ]
      },
      "properties": {
        "name": "Jaswaga Yoga",
        "category": "Yoga",
        "icon": "🧘",
        "coord_source": "osm",
        "coord_accuracy": "high",
        "place_id": "osm:node/2722410224"
      }
    },
    {
      "type": "Feature",
      "id": "yoga-france-0045",
      "geometry": {
        "type": "Point",
        "coordinates": [
          2.2897029,
          48.8350353
        ]
      },
      "properties": {
        "name": "Espace Yuzu",
        "category": "Yoga",
        "icon": "🧘",
        "coord_source": "osm",
        "coord_accuracy": "high",
        "place_id": "osm:node/2799009834"
      }
    },
    {
      "type": "Feature",
      "id": "yoga-france-0046",
      "geometry": {
        "type": "Point",
        "coordinates": [
          9.3971287,
          50.6370438
        ]
      },
      "properties": {
        "name": "Yoga täglich frisch",
        "category": "Yoga",
        "icon": "🧘",
        "coord_source": "osm",
        "coord_accuracy": "high",
        "place_id": "osm:node/2815203732",
        "address": "18 Marktplatz 36341 Lauterbach (Hessen)",
        "url": "https://www.yoga-täglich-frisch.de/"
      }
    },
    {
      "type": "Feature",
      "id": "yoga-france-0047",
      "geometry": {
        "type": "Point",
        "coordinates": [
          6.9512664,
          49.4135643
        ]
      },
      "properties": {
        "name": "Yoga Eppelborn mit Tatjana Folz",
        "category": "Yoga",
        "icon": "🧘",
        "coord_source": "osm",
        "coord_accuracy": "high",
        "place_id": "osm:node/2830796719"
      }
    },
    {
      "type": "Feature",
      "id": "yoga-france-0048",
      "geometry": {
        "type": "Point",
        "coordinates": [
          7.4514455,
          46.9413425
        ]
      },
      "properties": {
        "name": "yogabern",
        "category": "Yoga",
        "icon": "🧘",
        "coord_source": "osm",
        "coord_accuracy": "high",
        "place_id": "osm:node/2850647801",
        "phone": "+41 31 3515954",
        "url": "https://yogabern.ch/"
      }
    },
    {
      "type": "Feature",
      "id": "yoga-france-0049",
      "geometry": {
        "type": "Point",
        "coordinates": [
          2.0431778,
          48.0465533
        ]
      },
      "properties": {
        "name": "Ashram de Yoga Sivananda",
        "category": "Yoga",
        "icon": "🧘",
        "coord_source": "osm",
        "coord_accuracy": "high",
        "place_id": "osm:node/2871779733",
        "address": "24 Impasse du Bignon 45170 Neuville-aux-Bois",
        "phone": "+33 2 38 91 88 82",
        "url": "https://www.sivananda.org/orleans/"
      }
    },
    {
      "type": "Feature",
      "id": "yoga-france-0050",
      "geometry": {
        "type": "Point",
        "coordinates": [
          6.0356797,
          50.908159
        ]
      },
      "properties": {
        "name": "Yogacentrum Landgraaf",
        "category": "Yoga",
        "icon": "🧘",
        "coord_source": "osm",
        "coord_accuracy": "high",
        "place_id": "osm:node/2882582462",
        "address": "47 SUN-plein 6373LJ Landgraaf",
        "phone": "+31 6 223 23 199",
        "url": "https://www.yogacentrumlandgraaf.nl/"
      }
    },
    {
      "type": "Feature",
      "id": "yoga-france-0051",
      "geometry": {
        "type": "Point",
        "coordinates": [
          9.1550669,
          49.9738557
        ]
      },
      "properties": {
        "name": "Yogamäuse",
        "category": "Yoga",
        "icon": "🧘",
        "coord_source": "osm",
        "coord_accuracy": "high",
        "place_id": "osm:node/2885031797"
      }
    },
    {
      "type": "Feature",
      "id": "yoga-france-0052",
      "geometry": {
        "type": "Point",
        "coordinates": [
          1.4515131,
          43.6042871
        ]
      },
      "properties": {
        "name": "Yoga Samadhi",
        "category": "Yoga",
        "icon": "🧘",
        "coord_source": "osm",
        "coord_accuracy": "high",
        "place_id": "osm:node/2927499411",
        "address": "Rue de la Colombette Toulouse",
        "url": "http://www.yogasamadhi.fr/"
      }
    },
    {
      "type": "Feature",
      "id": "yoga-france-0053",
      "geometry": {
        "type": "Point",
        "coordinates": [
          8.6054665,
          49.4713255
        ]
      },
      "properties": {
        "name": "Yoga #53",
        "category": "Yoga",
        "icon": "🧘",
        "coord_source": "osm",
        "coord_accuracy": "high",
        "place_id": "osm:node/2932313176"
      }
    },
    {
      "type": "Feature",
      "id": "yoga-france-0054",
      "geometry": {
        "type": "Point",
        "coordinates": [
          8.651087,
          49.4215604
        ]
      },
      "properties": {
        "name": "Yoga mundi",
        "category": "Yoga",
        "icon": "🧘",
        "coord_source": "osm",
        "coord_accuracy": "high",
        "place_id": "osm:node/2945322999"
      }
    },
    {
      "type": "Feature",
      "id": "yoga-france-0055",
      "geometry": {
        "type": "Point",
        "coordinates": [
          8.5850487,
          49.369385
        ]
      },
      "properties": {
        "name": "VINYASA",
        "category": "Yoga",
        "icon": "🧘",
        "coord_source": "osm",
        "coord_accuracy": "high",
        "place_id": "osm:node/2978721470"
      }
    },
    {
      "type": "Feature",
      "id": "yoga-france-0056",
      "geometry": {
        "type": "Point",
        "coordinates": [
          2.5407667,
          44.3885337
        ]
      },
      "properties": {
        "name": "La Grange",
        "category": "Yoga",
        "icon": "🧘",
        "coord_source": "osm",
        "coord_accuracy": "high",
        "place_id": "osm:node/3012360792",
        "url": "http://www.la-grange-yoga.com/"
      }
    },
    {
      "type": "Feature",
      "id": "yoga-france-0057",
      "geometry": {
        "type": "Point",
        "coordinates": [
          8.5784577,
          49.5365746
        ]
      },
      "properties": {
        "name": "Yoga Samadhi",
        "category": "Yoga",
        "icon": "🧘",
        "coord_source": "osm",
        "coord_accuracy": "high",
        "place_id": "osm:node/3013991608",
        "phone": "+49 6204 65585",
        "url": "https://www.yogasamadhi.de/"
      }
    },
    {
      "type": "Feature",
      "id": "yoga-france-0058",
      "geometry": {
        "type": "Point",
        "coordinates": [
          8.5778464,
          49.3818472
        ]
      },
      "properties": {
        "name": "Yogaschule Soham",
        "category": "Yoga",
        "icon": "🧘",
        "coord_source": "osm",
        "coord_accuracy": "high",
        "place_id": "osm:node/3042801311",
        "phone": "+49 6202 9514315",
        "url": "https://www.yogaschule-soham.de/"
      }
    },
    {
      "type": "Feature",
      "id": "yoga-france-0059",
      "geometry": {
        "type": "Point",
        "coordinates": [
          -1.1475925,
          46.1554802
        ]
      },
      "properties": {
        "name": "Centre Iyengar",
        "category": "Yoga",
        "icon": "🧘",
        "coord_source": "osm",
        "coord_accuracy": "high",
        "place_id": "osm:node/3057474209",
        "phone": "+33681577541"
      }
    },
    {
      "type": "Feature",
      "id": "yoga-france-0060",
      "geometry": {
        "type": "Point",
        "coordinates": [
          7.7529402,
          48.5815933
        ]
      },
      "properties": {
        "name": "Yogamoves",
        "category": "Yoga",
        "icon": "🧘",
        "coord_source": "osm",
        "coord_accuracy": "high",
        "place_id": "osm:node/3062712000",
        "url": "https://yogamoves.fr/"
      }
    },
    {
      "type": "Feature",
      "id": "yoga-france-0061",
      "geometry": {
        "type": "Point",
        "coordinates": [
          2.36845,
          48.8595209
        ]
      },
      "properties": {
        "name": "Eclats de surya",
        "category": "Yoga",
        "icon": "🧘",
        "coord_source": "osm",
        "coord_accuracy": "high",
        "place_id": "osm:node/3072948582"
      }
    },
    {
      "type": "Feature",
      "id": "yoga-france-0062",
      "geometry": {
        "type": "Point",
        "coordinates": [
          -1.791225,
          43.3393216
        ]
      },
      "properties": {
        "name": "Padma Shala",
        "category": "Yoga",
        "icon": "🧘",
        "coord_source": "osm",
        "coord_accuracy": "high",
        "place_id": "osm:node/3113154170"
      }
    },
    {
      "type": "Feature",
      "id": "yoga-france-0063",
      "geometry": {
        "type": "Point",
        "coordinates": [
          8.4838919,
          49.1579367
        ]
      },
      "properties": {
        "name": "Yoga-Studio & Ayurveda-Oase",
        "category": "Yoga",
        "icon": "🧘",
        "coord_source": "osm",
        "coord_accuracy": "high",
        "place_id": "osm:node/3122211707",
        "address": "25 Karlsruher Straße 76676 Graben-Neudorf"
      }
    },
    {
      "type": "Feature",
      "id": "yoga-france-0064",
      "geometry": {
        "type": "Point",
        "coordinates": [
          8.4142675,
          49.4272659
        ]
      },
      "properties": {
        "name": "Yoga, Kunst & Therapie",
        "category": "Yoga",
        "icon": "🧘",
        "coord_source": "osm",
        "coord_accuracy": "high",
        "place_id": "osm:node/3141323964",
        "phone": "+49 6236 415441",
        "url": "https://www.immopark-neuhofen.de/yoga-kunst-a-therapie/yoga"
      }
    },
    {
      "type": "Feature",
      "id": "yoga-france-0065",
      "geometry": {
        "type": "Point",
        "coordinates": [
          -1.2126255,
          48.1238449
        ]
      },
      "properties": {
        "name": "Yoga-Home Center",
        "category": "Yoga",
        "icon": "🧘",
        "coord_source": "osm",
        "coord_accuracy": "high",
        "place_id": "osm:node/3157172751"
      }
    },
    {
      "type": "Feature",
      "id": "yoga-france-0066",
      "geometry": {
        "type": "Point",
        "coordinates": [
          9.2018567,
          48.4885854
        ]
      },
      "properties": {
        "name": "Yogazentrum Reutlingen",
        "category": "Yoga",
        "icon": "🧘",
        "coord_source": "osm",
        "coord_accuracy": "high",
        "place_id": "osm:node/3201442166",
        "address": "14 Kantstraße",
        "url": "https://www.yogazentrum-reutlingen.eu/"
      }
    },
    {
      "type": "Feature",
      "id": "yoga-france-0067",
      "geometry": {
        "type": "Point",
        "coordinates": [
          8.4586897,
          49.4890723
        ]
      },
      "properties": {
        "name": "Yoga Zentrum C7 - Universitaet Mannheim",
        "category": "Yoga",
        "icon": "🧘",
        "coord_source": "osm",
        "coord_accuracy": "high",
        "place_id": "osm:node/3248853267",
        "address": "12 C7 68159 Mannheim",
        "phone": "+49 621 1813419",
        "url": "https://www.uni-mannheim.de/sport/studios/yoga/"
      }
    },
    {
      "type": "Feature",
      "id": "yoga-france-0068",
      "geometry": {
        "type": "Point",
        "coordinates": [
          4.8436044,
          45.7668476
        ]
      },
      "properties": {
        "name": "O Yoga",
        "category": "Yoga",
        "icon": "🧘",
        "coord_source": "osm",
        "coord_accuracy": "high",
        "place_id": "osm:node/3276226892",
        "phone": "+33 4 78 41 09 82",
        "url": "https://www.oyogastudio.com/"
      }
    },
    {
      "type": "Feature",
      "id": "yoga-france-0069",
      "geometry": {
        "type": "Point",
        "coordinates": [
          8.5390477,
          47.3917267
        ]
      },
      "properties": {
        "name": "AM Noura",
        "category": "Yoga",
        "icon": "🧘",
        "coord_source": "osm",
        "coord_accuracy": "high",
        "place_id": "osm:node/3279043909"
      }
    },
    {
      "type": "Feature",
      "id": "yoga-france-0070",
      "geometry": {
        "type": "Point",
        "coordinates": [
          2.3549541,
          48.87475
        ]
      },
      "properties": {
        "name": "CasaYoga",
        "category": "Yoga",
        "icon": "🧘",
        "coord_source": "osm",
        "coord_accuracy": "high",
        "place_id": "osm:node/3305453871",
        "url": "http://www.casayoga-paris.fr/"
      }
    },
    {
      "type": "Feature",
      "id": "yoga-france-0071",
      "geometry": {
        "type": "Point",
        "coordinates": [
          7.2820655,
          50.7764606
        ]
      },
      "properties": {
        "name": "Zentrum für Bewusstsein",
        "category": "Yoga",
        "icon": "🧘",
        "coord_source": "osm",
        "coord_accuracy": "high",
        "place_id": "osm:node/3317497364",
        "phone": "+49 171 8965628",
        "url": "http://www.zentrum-fuer-bewusstsein.eu"
      }
    },
    {
      "type": "Feature",
      "id": "yoga-france-0072",
      "geometry": {
        "type": "Point",
        "coordinates": [
          7.3575996,
          50.7724243
        ]
      },
      "properties": {
        "name": "Nadaraja Ayurveda",
        "category": "Yoga",
        "icon": "🧘",
        "coord_source": "osm",
        "coord_accuracy": "high",
        "place_id": "osm:node/3317597632",
        "phone": "+49 2242 9333660",
        "url": "https://nadaraja.de/"
      }
    },
    {
      "type": "Feature",
      "id": "yoga-france-0073",
      "geometry": {
        "type": "Point",
        "coordinates": [
          7.339311,
          50.7428636
        ]
      },
      "properties": {
        "name": "Praxis für Yoga und Heilung",
        "category": "Yoga",
        "icon": "🧘",
        "coord_source": "osm",
        "coord_accuracy": "high",
        "place_id": "osm:node/3317604738",
        "phone": "+49 2248 909264",
        "url": "https://www.meditiere.com/"
      }
    },
    {
      "type": "Feature",
      "id": "yoga-france-0074",
      "geometry": {
        "type": "Point",
        "coordinates": [
          7.6544958,
          45.0082363
        ]
      },
      "properties": {
        "name": "Circolo da Giau",
        "category": "Yoga",
        "icon": "🧘",
        "coord_source": "osm",
        "coord_accuracy": "high",
        "place_id": "osm:node/3395322243",
        "address": "346 Strada Castello di Mirafiori 10127 Torino",
        "phone": "+39 0110813419",
        "url": "https://www.arcipiemonte.it/torino/affiliati/da-giau"
      }
    },
    {
      "type": "Feature",
      "id": "yoga-france-0075",
      "geometry": {
        "type": "Point",
        "coordinates": [
          8.4594187,
          47.1818603
        ]
      },
      "properties": {
        "name": "be yoga",
        "category": "Yoga",
        "icon": "🧘",
        "coord_source": "osm",
        "coord_accuracy": "high",
        "place_id": "osm:node/3471482396",
        "address": "8 Obermühlestrasse",
        "phone": "+41 76 446 22 66",
        "url": "http://www.beyoga.ch/"
      }
    },
    {
      "type": "Feature",
      "id": "yoga-france-0076",
      "geometry": {
        "type": "Point",
        "coordinates": [
          6.9189749,
          50.9466614
        ]
      },
      "properties": {
        "name": "Neptunbad Garden Loft",
        "category": "Yoga",
        "icon": "🧘",
        "coord_source": "osm",
        "coord_accuracy": "high",
        "place_id": "osm:node/3503756643",
        "url": "https://www.neptunbad.de/yoga/"
      }
    },
    {
      "type": "Feature",
      "id": "yoga-france-0077",
      "geometry": {
        "type": "Point",
        "coordinates": [
          2.1857996,
          48.7972327
        ]
      },
      "properties": {
        "name": "Manashanti Yoga",
        "category": "Yoga",
        "icon": "🧘",
        "coord_source": "osm",
        "coord_accuracy": "high",
        "place_id": "osm:node/3541202746",
        "address": "24 bis Rue Albert Perdreaux 78140 Vélizy-Villacoublay",
        "phone": "+33 1 39 46 44 96",
        "url": "https://www.manashantiyoga.fr/"
      }
    },
    {
      "type": "Feature",
      "id": "yoga-france-0078",
      "geometry": {
        "type": "Point",
        "coordinates": [
          8.4604479,
          47.1809301
        ]
      },
      "properties": {
        "name": "Yogaschule Sunanda",
        "category": "Yoga",
        "icon": "🧘",
        "coord_source": "osm",
        "coord_accuracy": "high",
        "place_id": "osm:node/3541518293"
      }
    },
    {
      "type": "Feature",
      "id": "yoga-france-0079",
      "geometry": {
        "type": "Point",
        "coordinates": [
          4.6784439,
          50.5584257
        ]
      },
      "properties": {
        "name": "Centre Dopamine",
        "category": "Yoga",
        "icon": "🧘",
        "coord_source": "osm",
        "coord_accuracy": "high",
        "place_id": "osm:node/3566985483",
        "address": "193 Chaussée de Charleroi 5030 Gembloux",
        "phone": "+32 476 42 78 84",
        "url": "https://centredopamine.odoo.com/"
      }
    },
    {
      "type": "Feature",
      "id": "yoga-france-0080",
      "geometry": {
        "type": "Point",
        "coordinates": [
          9.0918176,
          49.9776247
        ]
      },
      "properties": {
        "name": "Main Yoga Hafen",
        "category": "Yoga",
        "icon": "🧘",
        "coord_source": "osm",
        "coord_accuracy": "high",
        "place_id": "osm:node/3599036760",
        "url": "https://www.mainyogahafen.com/"
      }
    },
    {
      "type": "Feature",
      "id": "yoga-france-0081",
      "geometry": {
        "type": "Point",
        "coordinates": [
          8.6125912,
          50.1245654
        ]
      },
      "properties": {
        "name": "IYENGAR Yoga Institut Frankfurt",
        "category": "Yoga",
        "icon": "🧘",
        "coord_source": "osm",
        "coord_accuracy": "high",
        "place_id": "osm:node/3616072187",
        "address": "7 Alt-Rödelheim 60489 Frankfurt am Main",
        "url": "http://www.iyengar-yoga-institut.de/"
      }
    },
    {
      "type": "Feature",
      "id": "yoga-france-0082",
      "geometry": {
        "type": "Point",
        "coordinates": [
          3.8768047,
          43.6125855
        ]
      },
      "properties": {
        "name": "Iyengar Shakti",
        "category": "Yoga",
        "icon": "🧘",
        "coord_source": "osm",
        "coord_accuracy": "high",
        "place_id": "osm:node/3633000713",
        "address": "18 Rue de l'Université 34000 Montpellier"
      }
    },
    {
      "type": "Feature",
      "id": "yoga-france-0083",
      "geometry": {
        "type": "Point",
        "coordinates": [
          7.1513229,
          46.8006939
        ]
      },
      "properties": {
        "name": "Yogiface",
        "category": "Yoga",
        "icon": "🧘",
        "coord_source": "osm",
        "coord_accuracy": "high",
        "place_id": "osm:node/3695925022",
        "url": "http://www.yogiface.ch/"
      }
    },
    {
      "type": "Feature",
      "id": "yoga-france-0084",
      "geometry": {
        "type": "Point",
        "coordinates": [
          2.3819716,
          48.8593169
        ]
      },
      "properties": {
        "name": "Om sweet om",
        "category": "Yoga",
        "icon": "🧘",
        "coord_source": "osm",
        "coord_accuracy": "high",
        "place_id": "osm:node/3781110493",
        "address": "17-19 Rue Camille Desmoulins 75011"
      }
    },
    {
      "type": "Feature",
      "id": "yoga-france-0085",
      "geometry": {
        "type": "Point",
        "coordinates": [
          2.1661664,
          41.371626
        ]
      },
      "properties": {
        "name": "The garage by Veronica Blume",
        "category": "Yoga",
        "icon": "🧘",
        "coord_source": "osm",
        "coord_accuracy": "high",
        "place_id": "osm:node/3797129289",
        "address": "2 Carrer de Magalhaes 08004 Barcelona",
        "hours": "Consultar clases en la web."
      }
    },
    {
      "type": "Feature",
      "id": "yoga-france-0086",
      "geometry": {
        "type": "Point",
        "coordinates": [
          7.2106599,
          50.8912992
        ]
      },
      "properties": {
        "name": "Yoga-Raum für Frauen",
        "category": "Yoga",
        "icon": "🧘",
        "coord_source": "osm",
        "coord_accuracy": "high",
        "place_id": "osm:node/3804228367",
        "url": "https://www.yogaraum-roesrath.de/"
      }
    },
    {
      "type": "Feature",
      "id": "yoga-france-0087",
      "geometry": {
        "type": "Point",
        "coordinates": [
          2.2427184,
          41.9314259
        ]
      },
      "properties": {
        "name": "Osona Pilates",
        "category": "Yoga",
        "icon": "🧘",
        "coord_source": "osm",
        "coord_accuracy": "high",
        "place_id": "osm:node/3822573805",
        "address": "17 Carrer del Bisbe Font Andreu 08500 Vic",
        "phone": "+34 93 883 52 08",
        "url": "https://www.osonapilates.cat/"
      }
    },
    {
      "type": "Feature",
      "id": "yoga-france-0088",
      "geometry": {
        "type": "Point",
        "coordinates": [
          8.5549314,
          47.3652481
        ]
      },
      "properties": {
        "name": "Be:",
        "category": "Yoga",
        "icon": "🧘",
        "coord_source": "osm",
        "coord_accuracy": "high",
        "place_id": "osm:node/3830372126",
        "url": "https://www.be.life"
      }
    },
    {
      "type": "Feature",
      "id": "yoga-france-0089",
      "geometry": {
        "type": "Point",
        "coordinates": [
          6.9840291,
          50.8229947
        ]
      },
      "properties": {
        "name": "Namalia Studio",
        "category": "Yoga",
        "icon": "🧘",
        "coord_source": "osm",
        "coord_accuracy": "high",
        "place_id": "osm:node/3884679914",
        "address": "46a Bonner Straße 50389 Wesseling",
        "url": "https://www.ramonadecker.de"
      }
    },
    {
      "type": "Feature",
      "id": "yoga-france-0090",
      "geometry": {
        "type": "Point",
        "coordinates": [
          6.8352836,
          50.9611369
        ]
      },
      "properties": {
        "name": "fisico Fitness- und Wellness Lounge",
        "category": "Yoga",
        "icon": "🧘",
        "coord_source": "osm",
        "coord_accuracy": "high",
        "place_id": "osm:node/3931999111",
        "address": "248 Unter Linden 50859 Köln",
        "hours": "Mo,Tu,Th,Fr 09:00-13:00,16:00-20:00; We 16:00-20:00; Sa 09:00-13:00",
        "url": "https://www.fisico-koeln.de/"
      }
    },
    {
      "type": "Feature",
      "id": "yoga-france-0091",
      "geometry": {
        "type": "Point",
        "coordinates": [
          8.5852944,
          47.1357352
        ]
      },
      "properties": {
        "name": "Yoga",
        "category": "Yoga",
        "icon": "🧘",
        "coord_source": "osm",
        "coord_accuracy": "high",
        "place_id": "osm:node/3934698699",
        "url": "https://www.yoga-aegeri.ch/"
      }
    },
    {
      "type": "Feature",
      "id": "yoga-france-0092",
      "geometry": {
        "type": "Point",
        "coordinates": [
          8.7485681,
          47.1274522
        ]
      },
      "properties": {
        "name": "Yoga mit Herz",
        "category": "Yoga",
        "icon": "🧘",
        "coord_source": "osm",
        "coord_accuracy": "high",
        "place_id": "osm:node/3950215417",
        "address": "3 Kronenstrasse 8840 Einsiedeln",
        "url": "https://yoga-christiane.jimdo.com/"
      }
    },
    {
      "type": "Feature",
      "id": "yoga-france-0093",
      "geometry": {
        "type": "Point",
        "coordinates": [
          2.1825868,
          41.3813746
        ]
      },
      "properties": {
        "name": "Ashtanga Yoga Shala",
        "category": "Yoga",
        "icon": "🧘",
        "coord_source": "osm",
        "coord_accuracy": "high",
        "place_id": "osm:node/3952576122",
        "address": "14 Passeig d'Isabel II Barcelona",
        "url": "https://ashtangayogabcn.com/"
      }
    },
    {
      "type": "Feature",
      "id": "yoga-france-0094",
      "geometry": {
        "type": "Point",
        "coordinates": [
          8.4638865,
          49.4909883
        ]
      },
      "properties": {
        "name": "Santosha Yoga Studio - Yoga Vidya Mannheim",
        "category": "Yoga",
        "icon": "🧘",
        "coord_source": "osm",
        "coord_accuracy": "high",
        "place_id": "osm:node/3964382341",
        "phone": "+49 1575 8807404",
        "url": "https://www.yoga-vidya.de/center/mannheim/start/"
      }
    },
    {
      "type": "Feature",
      "id": "yoga-france-0095",
      "geometry": {
        "type": "Point",
        "coordinates": [
          -0.5812419,
          44.8526355
        ]
      },
      "properties": {
        "name": "Yoga Pop",
        "category": "Yoga",
        "icon": "🧘",
        "coord_source": "osm",
        "coord_accuracy": "high",
        "place_id": "osm:node/4019939938",
        "address": "5 Rue Vantrasson",
        "hours": "Mo 12:00-20:00; Tu-Fr 09:00-20:00; Sa 09:00-18:00; Su 09:00-20:00",
        "url": "https://yogapop.fr"
      }
    },
    {
      "type": "Feature",
      "id": "yoga-france-0096",
      "geometry": {
        "type": "Point",
        "coordinates": [
          6.9941721,
          50.8945959
        ]
      },
      "properties": {
        "name": "Soul Shine Yoga",
        "category": "Yoga",
        "icon": "🧘",
        "coord_source": "osm",
        "coord_accuracy": "high",
        "place_id": "osm:node/4021516216",
        "address": "39 Hauptstraße 50996 Köln",
        "phone": "+49 221 16832941",
        "url": "https://www.soulshineyoga.de/"
      }
    },
    {
      "type": "Feature",
      "id": "yoga-france-0097",
      "geometry": {
        "type": "Point",
        "coordinates": [
          -0.5476949,
          42.5676821
        ]
      },
      "properties": {
        "name": "Escuela de Yoga Marisa Lasaosa",
        "category": "Yoga",
        "icon": "🧘",
        "coord_source": "osm",
        "coord_accuracy": "high",
        "place_id": "osm:node/4046058243",
        "address": "4 Avenida de Oroel 22700 Jaca"
      }
    },
    {
      "type": "Feature",
      "id": "yoga-france-0098",
      "geometry": {
        "type": "Point",
        "coordinates": [
          4.38832,
          45.4418164
        ]
      },
      "properties": {
        "name": "Salle Chanoupa",
        "category": "Yoga",
        "icon": "🧘",
        "coord_source": "osm",
        "coord_accuracy": "high",
        "place_id": "osm:node/4073547095"
      }
    },
    {
      "type": "Feature",
      "id": "yoga-france-0099",
      "geometry": {
        "type": "Point",
        "coordinates": [
          9.3990571,
          48.4920817
        ]
      },
      "properties": {
        "name": "Miri Yoga&More",
        "category": "Yoga",
        "icon": "🧘",
        "coord_source": "osm",
        "coord_accuracy": "high",
        "place_id": "osm:node/4078298920",
        "address": "11 Lange Straße 72574 Bad Urach"
      }
    },
    {
      "type": "Feature",
      "id": "yoga-france-0100",
      "geometry": {
        "type": "Point",
        "coordinates": [
          8.4760793,
          49.4785501
        ]
      },
      "properties": {
        "name": "Bala-Shanti Yoga Zentrum",
        "category": "Yoga",
        "icon": "🧘",
        "coord_source": "osm",
        "coord_accuracy": "high",
        "place_id": "osm:node/4107058185",
        "phone": "+49 621 15400347",
        "url": "https://www.bala-shanti.de/"
      }
    },
    {
      "type": "Feature",
      "id": "yoga-france-0101",
      "geometry": {
        "type": "Point",
        "coordinates": [
          6.9837413,
          50.8228345
        ]
      },
      "properties": {
        "name": "Yoga Wesseling",
        "category": "Yoga",
        "icon": "🧘",
        "coord_source": "osm",
        "coord_accuracy": "high",
        "place_id": "osm:node/4107526743",
        "phone": "+49 2236 9699033",
        "url": "https://www.yoga-wesseling.de/Home.html"
      }
    },
    {
      "type": "Feature",
      "id": "yoga-france-0102",
      "geometry": {
        "type": "Point",
        "coordinates": [
          8.3013951,
          47.0487865
        ]
      },
      "properties": {
        "name": "Shaktini Yoga",
        "category": "Yoga",
        "icon": "🧘",
        "coord_source": "osm",
        "coord_accuracy": "high",
        "place_id": "osm:node/4120465290"
      }
    },
    {
      "type": "Feature",
      "id": "yoga-france-0103",
      "geometry": {
        "type": "Point",
        "coordinates": [
          8.2970885,
          47.0475027
        ]
      },
      "properties": {
        "name": "Yoga Center",
        "category": "Yoga",
        "icon": "🧘",
        "coord_source": "osm",
        "coord_accuracy": "high",
        "place_id": "osm:node/4120488493"
      }
    },
    {
      "type": "Feature",
      "id": "yoga-france-0104",
      "geometry": {
        "type": "Point",
        "coordinates": [
          5.6998032,
          50.8508957
        ]
      },
      "properties": {
        "name": "Yogaplace Maastricht",
        "category": "Yoga",
        "icon": "🧘",
        "coord_source": "osm",
        "coord_accuracy": "high",
        "place_id": "osm:node/4138864824",
        "hours": "Mo-Fr 06:00-22:00; Sa,Su 09:00-14:00",
        "phone": "+31 43 326 0707",
        "url": "https://www.yogaplace.nl/"
      }
    },
    {
      "type": "Feature",
      "id": "yoga-france-0105",
      "geometry": {
        "type": "Point",
        "coordinates": [
          0.102829,
          49.4859111
        ]
      },
      "properties": {
        "name": "Yoga #105",
        "category": "Yoga",
        "icon": "🧘",
        "coord_source": "osm",
        "coord_accuracy": "high",
        "place_id": "osm:node/4155637241"
      }
    },
    {
      "type": "Feature",
      "id": "yoga-france-0106",
      "geometry": {
        "type": "Point",
        "coordinates": [
          4.3552009,
          50.8501943
        ]
      },
      "properties": {
        "name": "Brussels Yoga Pilates",
        "category": "Yoga",
        "icon": "🧘",
        "coord_source": "osm",
        "coord_accuracy": "high",
        "place_id": "osm:node/4171670193",
        "url": "https://www.b-y-p.be"
      }
    },
    {
      "type": "Feature",
      "id": "yoga-france-0107",
      "geometry": {
        "type": "Point",
        "coordinates": [
          8.3546493,
          50.0125983
        ]
      },
      "properties": {
        "name": "Julianne Yoga Centrum",
        "category": "Yoga",
        "icon": "🧘",
        "coord_source": "osm",
        "coord_accuracy": "high",
        "place_id": "osm:node/4192198272",
        "phone": "+49 6146 8171288",
        "url": "https://julianne-yoga-centrum.de/"
      }
    },
    {
      "type": "Feature",
      "id": "yoga-france-0108",
      "geometry": {
        "type": "Point",
        "coordinates": [
          3.5819272,
          47.8107343
        ]
      },
      "properties": {
        "name": "Auxerre Pilates",
        "category": "Yoga",
        "icon": "🧘",
        "coord_source": "osm",
        "coord_accuracy": "high",
        "place_id": "osm:node/4203034663"
      }
    },
    {
      "type": "Feature",
      "id": "yoga-france-0109",
      "geometry": {
        "type": "Point",
        "coordinates": [
          -1.1740954,
          50.6343287
        ]
      },
      "properties": {
        "name": "Isle of Yoga",
        "category": "Yoga",
        "icon": "🧘",
        "coord_source": "osm",
        "coord_accuracy": "high",
        "place_id": "osm:node/4210728148",
        "address": "7 Arthurs Hill PO37 6EW Shanklin",
        "phone": "+44 1983 862948;+44 7966 373576",
        "url": "https://erling.yoga/"
      }
    },
    {
      "type": "Feature",
      "id": "yoga-france-0110",
      "geometry": {
        "type": "Point",
        "coordinates": [
          2.1677995,
          41.4004012
        ]
      },
      "properties": {
        "name": "yogaia",
        "category": "Yoga",
        "icon": "🧘",
        "coord_source": "osm",
        "coord_accuracy": "high",
        "place_id": "osm:node/4241784463",
        "address": "121 Passeig de Sant Joan 08037 Barcelona"
      }
    },
    {
      "type": "Feature",
      "id": "yoga-france-0111",
      "geometry": {
        "type": "Point",
        "coordinates": [
          7.8490984,
          48.011506
        ]
      },
      "properties": {
        "name": "Yoga & Pilates Center",
        "category": "Yoga",
        "icon": "🧘",
        "coord_source": "osm",
        "coord_accuracy": "high",
        "place_id": "osm:node/4253156584",
        "address": "7 Güterhallenstraße",
        "url": "https://yoga-pilates-freiburg.de/"
      }
    },
    {
      "type": "Feature",
      "id": "yoga-france-0112",
      "geometry": {
        "type": "Point",
        "coordinates": [
          -1.1441174,
          50.6796342
        ]
      },
      "properties": {
        "name": "Iyengar Yoga Studio",
        "category": "Yoga",
        "icon": "🧘",
        "coord_source": "osm",
        "coord_accuracy": "high",
        "place_id": "osm:node/4260903656",
        "address": "The Mall Sandown",
        "phone": "+44 1983 404636"
      }
    },
    {
      "type": "Feature",
      "id": "yoga-france-0113",
      "geometry": {
        "type": "Point",
        "coordinates": [
          6.1454143,
          49.5951081
        ]
      },
      "properties": {
        "name": "Lumi Studio",
        "category": "Yoga",
        "icon": "🧘",
        "coord_source": "osm",
        "coord_accuracy": "high",
        "place_id": "osm:node/4300341995",
        "address": "42 Rue Demy Schlechter 2521 Luxembourg",
        "phone": "+352621683446",
        "url": "https://www.lumistudio.lu/"
      }
    },
    {
      "type": "Feature",
      "id": "yoga-france-0114",
      "geometry": {
        "type": "Point",
        "coordinates": [
          8.4826968,
          47.3747041
        ]
      },
      "properties": {
        "name": "Aus der Mitte",
        "category": "Yoga",
        "icon": "🧘",
        "coord_source": "osm",
        "coord_accuracy": "high",
        "place_id": "osm:node/4323255091",
        "phone": "+41 78 635 16 54",
        "url": "https://www.ausdermitte.ch/"
      }
    },
    {
      "type": "Feature",
      "id": "yoga-france-0115",
      "geometry": {
        "type": "Point",
        "coordinates": [
          -0.8937752,
          41.6567143
        ]
      },
      "properties": {
        "name": "Másqueyoga",
        "category": "Yoga",
        "icon": "🧘",
        "coord_source": "osm",
        "coord_accuracy": "high",
        "place_id": "osm:node/4337453996"
      }
    },
    {
      "type": "Feature",
      "id": "yoga-france-0116",
      "geometry": {
        "type": "Point",
        "coordinates": [
          8.6449282,
          49.5957607
        ]
      },
      "properties": {
        "name": "Yoga Studio Hemsbach",
        "category": "Yoga",
        "icon": "🧘",
        "coord_source": "osm",
        "coord_accuracy": "high",
        "place_id": "osm:node/4388698697",
        "phone": "+49 6201 875590",
        "url": "http://www.yogastudio-hemsbach.de/"
      }
    },
    {
      "type": "Feature",
      "id": "yoga-france-0117",
      "geometry": {
        "type": "Point",
        "coordinates": [
          9.0741718,
          49.9189801
        ]
      },
      "properties": {
        "name": "Yogaraum Sonnenlicht",
        "category": "Yoga",
        "icon": "🧘",
        "coord_source": "osm",
        "coord_accuracy": "high",
        "place_id": "osm:node/4455376449",
        "address": "43 Breite Straße 63762 Großostheim",
        "hours": "\"Nach Vereinbarung\"",
        "phone": "+49 6026 60996060",
        "url": "https://www.yogaraum-sonnenlicht.de/"
      }
    },
    {
      "type": "Feature",
      "id": "yoga-france-0118",
      "geometry": {
        "type": "Point",
        "coordinates": [
          9.2210268,
          48.4900967
        ]
      },
      "properties": {
        "name": "Yogawerk Reutlingen",
        "category": "Yoga",
        "icon": "🧘",
        "coord_source": "osm",
        "coord_accuracy": "high",
        "place_id": "osm:node/4492430868",
        "address": "2 Leonhardsplatz 72764 Reutlingen",
        "hours": "16:30-21:30",
        "phone": "+49 7121 311300",
        "url": "http://www.yogawerk-rt.de/"
      }
    },
    {
      "type": "Feature",
      "id": "yoga-france-0119",
      "geometry": {
        "type": "Point",
        "coordinates": [
          7.3051974,
          50.7709398
        ]
      },
      "properties": {
        "name": "Yoga-Arts",
        "category": "Yoga",
        "icon": "🧘",
        "coord_source": "osm",
        "coord_accuracy": "high",
        "place_id": "osm:node/4504148333",
        "phone": "+49 157 78795518",
        "url": "https://www.yoga-arts.life/"
      }
    },
    {
      "type": "Feature",
      "id": "yoga-france-0120",
      "geometry": {
        "type": "Point",
        "coordinates": [
          7.0923802,
          50.7422941
        ]
      },
      "properties": {
        "name": "die kleine yogaschule",
        "category": "Yoga",
        "icon": "🧘",
        "coord_source": "osm",
        "coord_accuracy": "high",
        "place_id": "osm:node/4504613166",
        "address": "24a Georgstraße 53111 Bonn",
        "hours": "Mo-Th 18:15-21:45",
        "url": "https://www.diekleineyogaschule.de/"
      }
    },
    {
      "type": "Feature",
      "id": "yoga-france-0121",
      "geometry": {
        "type": "Point",
        "coordinates": [
          0.620471,
          49.0997484
        ]
      },
      "properties": {
        "name": "Vital Yoga",
        "category": "Yoga",
        "icon": "🧘",
        "coord_source": "osm",
        "coord_accuracy": "high",
        "place_id": "osm:node/4557321909",
        "address": "41 bis Allée des Châteaux 27300 Menneval"
      }
    },
    {
      "type": "Feature",
      "id": "yoga-france-0122",
      "geometry": {
        "type": "Point",
        "coordinates": [
          8.3771181,
          45.8719755
        ]
      },
      "properties": {
        "name": "Centro Mandali",
        "category": "Yoga",
        "icon": "🧘",
        "coord_source": "osm",
        "coord_accuracy": "high",
        "place_id": "osm:node/4592748492",
        "address": "2 Via Belvedere 28898 Quarna Sopra",
        "phone": "+39 0323 826439",
        "url": "https://www.mandali.org/"
      }
    },
    {
      "type": "Feature",
      "id": "yoga-france-0123",
      "geometry": {
        "type": "Point",
        "coordinates": [
          9.48327,
          47.4761313
        ]
      },
      "properties": {
        "name": "yoga8sam",
        "category": "Yoga",
        "icon": "🧘",
        "coord_source": "osm",
        "coord_accuracy": "high",
        "place_id": "osm:node/4597682879",
        "address": "7 Säntisstrasse 9400 Rorschach",
        "phone": "+41 71 525 08 07",
        "url": "http://www.yoga8sam.ch/"
      }
    },
    {
      "type": "Feature",
      "id": "yoga-france-0124",
      "geometry": {
        "type": "Point",
        "coordinates": [
          8.0024739,
          50.0027526
        ]
      },
      "properties": {
        "name": "Weingut und Yogastudio Prana",
        "category": "Yoga",
        "icon": "🧘",
        "coord_source": "osm",
        "coord_accuracy": "high",
        "place_id": "osm:node/4598775852",
        "address": "61 Kirchstraße 65375 Oestrich-Winkel",
        "phone": "+49 177 2552991",
        "url": "https://www.weingutprana.de/weingut"
      }
    },
    {
      "type": "Feature",
      "id": "yoga-france-0125",
      "geometry": {
        "type": "Point",
        "coordinates": [
          6.9208658,
          50.9475725
        ]
      },
      "properties": {
        "name": "Ashtanga Connection Yogastudio",
        "category": "Yoga",
        "icon": "🧘",
        "coord_source": "osm",
        "coord_accuracy": "high",
        "place_id": "osm:node/4687599284",
        "address": "8 Geisselstraße 50823 Köln",
        "hours": "Mo 10:00-11:30,17:00-18:15,18:30-19:45; Tu 10:00-11:00,20:00-21:30; We 12:30-14:00,18:30-19:45; Th 10:00-11:00,18:30-19:45,20:00-21:15; Fr 12:30-13:30,18:30-19:45",
        "phone": "+49 221 17008044",
        "url": "https://www.ashtangaconnection.de/"
      }
    },
    {
      "type": "Feature",
      "id": "yoga-france-0126",
      "geometry": {
        "type": "Point",
        "coordinates": [
          -2.9236106,
          43.2556763
        ]
      },
      "properties": {
        "name": "Centro de Meditación Kadampa",
        "category": "Yoga",
        "icon": "🧘",
        "coord_source": "osm",
        "coord_accuracy": "high",
        "place_id": "osm:node/4709757456"
      }
    },
    {
      "type": "Feature",
      "id": "yoga-france-0127",
      "geometry": {
        "type": "Point",
        "coordinates": [
          3.968775,
          43.6571815
        ]
      },
      "properties": {
        "name": "L'arbre en soi",
        "category": "Yoga",
        "icon": "🧘",
        "coord_source": "osm",
        "coord_accuracy": "high",
        "place_id": "osm:node/4711927823"
      }
    },
    {
      "type": "Feature",
      "id": "yoga-france-0128",
      "geometry": {
        "type": "Point",
        "coordinates": [
          -1.2304959,
          50.7249292
        ]
      },
      "properties": {
        "name": "Your Space",
        "category": "Yoga",
        "icon": "🧘",
        "coord_source": "osm",
        "coord_accuracy": "high",
        "place_id": "osm:node/4723616474"
      }
    },
    {
      "type": "Feature",
      "id": "yoga-france-0129",
      "geometry": {
        "type": "Point",
        "coordinates": [
          4.3409056,
          50.8511723
        ]
      },
      "properties": {
        "name": "Sampoorna Yoga Studio",
        "category": "Yoga",
        "icon": "🧘",
        "coord_source": "osm",
        "coord_accuracy": "high",
        "place_id": "osm:node/4731995192"
      }
    },
    {
      "type": "Feature",
      "id": "yoga-france-0130",
      "geometry": {
        "type": "Point",
        "coordinates": [
          -1.6613535,
          43.386673
        ]
      },
      "properties": {
        "name": "Yogang",
        "category": "Yoga",
        "icon": "🧘",
        "coord_source": "osm",
        "coord_accuracy": "high",
        "place_id": "osm:node/4741244723",
        "address": "7 Avenue Joachim Labrouche 64500 Saint-Jean-de-Luz",
        "hours": "Mo-Su 09:00-21:00",
        "phone": "+33 5 59 85 81 75",
        "url": "https://yogang.fr/yogang-saint-jean-de-luz/"
      }
    },
    {
      "type": "Feature",
      "id": "yoga-france-0131",
      "geometry": {
        "type": "Point",
        "coordinates": [
          7.0008985,
          50.9386244
        ]
      },
      "properties": {
        "name": "Werde leichter! Yoga, Klang & Tanz",
        "category": "Yoga",
        "icon": "🧘",
        "coord_source": "osm",
        "coord_accuracy": "high",
        "place_id": "osm:node/4769234181",
        "address": "20 Kalk-Mülheimer Straße 51103 Köln",
        "hours": "\"See the website.\"",
        "url": "https://janina-bobrowski.de"
      }
    },
    {
      "type": "Feature",
      "id": "yoga-france-0132",
      "geometry": {
        "type": "Point",
        "coordinates": [
          8.4537611,
          49.4718325
        ]
      },
      "properties": {
        "name": "YogaSpirits",
        "category": "Yoga",
        "icon": "🧘",
        "coord_source": "osm",
        "coord_accuracy": "high",
        "place_id": "osm:node/4855635621"
      }
    },
    {
      "type": "Feature",
      "id": "yoga-france-0133",
      "geometry": {
        "type": "Point",
        "coordinates": [
          -0.9149835,
          41.6439378
        ]
      },
      "properties": {
        "name": "Fisioterapia & Yoga. Centro Namaste",
        "category": "Yoga",
        "icon": "🧘",
        "coord_source": "osm",
        "coord_accuracy": "high",
        "place_id": "osm:node/4858590710"
      }
    },
    {
      "type": "Feature",
      "id": "yoga-france-0134",
      "geometry": {
        "type": "Point",
        "coordinates": [
          -0.1400261,
          50.8225954
        ]
      },
      "properties": {
        "name": "Yoga In The Lanes",
        "category": "Yoga",
        "icon": "🧘",
        "coord_source": "osm",
        "coord_accuracy": "high",
        "place_id": "osm:node/4866289418"
      }
    },
    {
      "type": "Feature",
      "id": "yoga-france-0135",
      "geometry": {
        "type": "Point",
        "coordinates": [
          7.4008236,
          50.4362672
        ]
      },
      "properties": {
        "name": "Qi-Life Yogastudio",
        "category": "Yoga",
        "icon": "🧘",
        "coord_source": "osm",
        "coord_accuracy": "high",
        "place_id": "osm:node/4906784055",
        "address": "Bahnhofstraße"
      }
    },
    {
      "type": "Feature",
      "id": "yoga-france-0136",
      "geometry": {
        "type": "Point",
        "coordinates": [
          2.5775408,
          41.5882212
        ]
      },
      "properties": {
        "name": "Sisè Sentit Estudi de Dansa i Pilates",
        "category": "Yoga",
        "icon": "🧘",
        "coord_source": "osm",
        "coord_accuracy": "high",
        "place_id": "osm:node/4959067021",
        "address": "11 Carrer de Sant Josep 08360",
        "hours": "Mo-Fr 09:00-13:00, 17:00-21:00",
        "phone": "+34 615091794",
        "url": "https://www.sisesentit.com/"
      }
    },
    {
      "type": "Feature",
      "id": "yoga-france-0137",
      "geometry": {
        "type": "Point",
        "coordinates": [
          -0.8920518,
          41.6554922
        ]
      },
      "properties": {
        "name": "Escuela Aragonesa de Yoga",
        "category": "Yoga",
        "icon": "🧘",
        "coord_source": "osm",
        "coord_accuracy": "high",
        "place_id": "osm:node/5037758752",
        "address": "2 Plaza del Portillo"
      }
    },
    {
      "type": "Feature",
      "id": "yoga-france-0138",
      "geometry": {
        "type": "Point",
        "coordinates": [
          6.1688698,
          48.7116877
        ]
      },
      "properties": {
        "name": "Association Arc en Ciel",
        "category": "Yoga",
        "icon": "🧘",
        "coord_source": "osm",
        "coord_accuracy": "high",
        "place_id": "osm:node/5068091832",
        "url": "https://arc-en-ciel-association.over-blog.com/"
      }
    },
    {
      "type": "Feature",
      "id": "yoga-france-0139",
      "geometry": {
        "type": "Point",
        "coordinates": [
          5.7123756,
          45.1862196
        ]
      },
      "properties": {
        "name": "Espace Tandem",
        "category": "Yoga",
        "icon": "🧘",
        "coord_source": "osm",
        "coord_accuracy": "high",
        "place_id": "osm:node/5077718856",
        "phone": "+33 6 71 61 54 34"
      }
    },
    {
      "type": "Feature",
      "id": "yoga-france-0140",
      "geometry": {
        "type": "Point",
        "coordinates": [
          8.749053,
          47.1263228
        ]
      },
      "properties": {
        "name": "Ahlaya",
        "category": "Yoga",
        "icon": "🧘",
        "coord_source": "osm",
        "coord_accuracy": "high",
        "place_id": "osm:node/5088849637",
        "address": "41 Schwanenstrasse 8840 Einsiedeln"
      }
    },
    {
      "type": "Feature",
      "id": "yoga-france-0141",
      "geometry": {
        "type": "Point",
        "coordinates": [
          3.9054201,
          43.5925772
        ]
      },
      "properties": {
        "name": "Yogivibe",
        "category": "Yoga",
        "icon": "🧘",
        "coord_source": "osm",
        "coord_accuracy": "high",
        "place_id": "osm:node/5094848075",
        "address": "1348 Avenue Raymond Dugrand 34000 Montpellier"
      }
    },
    {
      "type": "Feature",
      "id": "yoga-france-0142",
      "geometry": {
        "type": "Point",
        "coordinates": [
          8.6884609,
          49.4082865
        ]
      },
      "properties": {
        "name": "in Touch Yoga",
        "category": "Yoga",
        "icon": "🧘",
        "coord_source": "osm",
        "coord_accuracy": "high",
        "place_id": "osm:node/5119799022",
        "address": "45 Bergheimer Straße 69115 Heidelberg",
        "url": "https://www.yogaintouch.de/"
      }
    },
    {
      "type": "Feature",
      "id": "yoga-france-0143",
      "geometry": {
        "type": "Point",
        "coordinates": [
          5.402237,
          43.2688349
        ]
      },
      "properties": {
        "name": "Yogapur",
        "category": "Yoga",
        "icon": "🧘",
        "coord_source": "osm",
        "coord_accuracy": "high",
        "place_id": "osm:node/5149892658",
        "hours": "Mo-Sa 08:30-20:00",
        "phone": "+33 4 91 86 25 97",
        "url": "https://www.yogapur.fr/"
      }
    },
    {
      "type": "Feature",
      "id": "yoga-france-0144",
      "geometry": {
        "type": "Point",
        "coordinates": [
          5.0343867,
          51.069165
        ]
      },
      "properties": {
        "name": "Samanvaya",
        "category": "Yoga",
        "icon": "🧘",
        "coord_source": "osm",
        "coord_accuracy": "high",
        "place_id": "osm:node/5196565133",
        "address": "13 Rooierbeemden 3980 Tessenderlo",
        "phone": "+32 496 35 73 23",
        "url": "https://samanvaya.be/"
      }
    },
    {
      "type": "Feature",
      "id": "yoga-france-0145",
      "geometry": {
        "type": "Point",
        "coordinates": [
          9.0932651,
          47.2963813
        ]
      },
      "properties": {
        "name": "Yoga Studio",
        "category": "Yoga",
        "icon": "🧘",
        "coord_source": "osm",
        "coord_accuracy": "high",
        "place_id": "osm:node/5202488787"
      }
    },
    {
      "type": "Feature",
      "id": "yoga-france-0146",
      "geometry": {
        "type": "Point",
        "coordinates": [
          0.6830542,
          47.4163793
        ]
      },
      "properties": {
        "name": "Iris Yoga",
        "category": "Yoga",
        "icon": "🧘",
        "coord_source": "osm",
        "coord_accuracy": "high",
        "place_id": "osm:node/5205977506",
        "url": "https://www.iriscentrebienetre.fr/"
      }
    },
    {
      "type": "Feature",
      "id": "yoga-france-0147",
      "geometry": {
        "type": "Point",
        "coordinates": [
          9.1773232,
          48.784888
        ]
      },
      "properties": {
        "name": "Yoginzky",
        "category": "Yoga",
        "icon": "🧘",
        "coord_source": "osm",
        "coord_accuracy": "high",
        "place_id": "osm:node/5209623390",
        "url": "https://www.yoginzky.de/"
      }
    },
    {
      "type": "Feature",
      "id": "yoga-france-0148",
      "geometry": {
        "type": "Point",
        "coordinates": [
          8.3565986,
          49.8602015
        ]
      },
      "properties": {
        "name": "YogaBay",
        "category": "Yoga",
        "icon": "🧘",
        "coord_source": "osm",
        "coord_accuracy": "high",
        "place_id": "osm:node/5223009123",
        "address": "4 Hafenstraße 55276 Oppenheim",
        "hours": "Mo-Su 09:00-21:00",
        "phone": "+49 1511 2720521"
      }
    },
    {
      "type": "Feature",
      "id": "yoga-france-0149",
      "geometry": {
        "type": "Point",
        "coordinates": [
          6.6348919,
          49.7426493
        ]
      },
      "properties": {
        "name": "Yoga Vidya",
        "category": "Yoga",
        "icon": "🧘",
        "coord_source": "osm",
        "coord_accuracy": "high",
        "place_id": "osm:node/5230899369"
      }
    },
    {
      "type": "Feature",
      "id": "yoga-france-0150",
      "geometry": {
        "type": "Point",
        "coordinates": [
          8.6814751,
          50.0988491
        ]
      },
      "properties": {
        "name": "Balance Yoga",
        "category": "Yoga",
        "icon": "🧘",
        "coord_source": "osm",
        "coord_accuracy": "high",
        "place_id": "osm:node/5283381518",
        "url": "https://www.balanceyoga.de/"
      }
    },
    {
      "type": "Feature",
      "id": "yoga-france-0151",
      "geometry": {
        "type": "Point",
        "coordinates": [
          8.4256248,
          47.3902012
        ]
      },
      "properties": {
        "name": "Yoga und Theater",
        "category": "Yoga",
        "icon": "🧘",
        "coord_source": "osm",
        "coord_accuracy": "high",
        "place_id": "osm:node/5339551109",
        "address": "14 Feldstrasse 8902 Urdorf",
        "phone": "+41 78 685 10 45"
      }
    },
    {
      "type": "Feature",
      "id": "yoga-france-0152",
      "geometry": {
        "type": "Point",
        "coordinates": [
          -3.4551651,
          43.3945553
        ]
      },
      "properties": {
        "name": "Mare",
        "category": "Yoga",
        "icon": "🧘",
        "coord_source": "osm",
        "coord_accuracy": "high",
        "place_id": "osm:node/5359106276",
        "address": "39750 Colindres"
      }
    },
    {
      "type": "Feature",
      "id": "yoga-france-0153",
      "geometry": {
        "type": "Point",
        "coordinates": [
          -1.4645513,
          43.5699311
        ]
      },
      "properties": {
        "name": "Yogaland",
        "category": "Yoga",
        "icon": "🧘",
        "coord_source": "osm",
        "coord_accuracy": "high",
        "place_id": "osm:node/5406105329",
        "address": "1069 Avenue de la Plage 40440 Ondres",
        "hours": "Mo 09:30-11:15,13:00-21:00; Tu 07:00-12:15,18:15-20:45; We 09:30-11:15,16:30-20:00; Th 08:45-12:15,17:30-20:00; Fr 09:30-11:45,13:00-19:15; Sa 10:00-11:15",
        "phone": "+33 6 76 43 30 08",
        "url": "https://www.yogaland.org/"
      }
    },
    {
      "type": "Feature",
      "id": "yoga-france-0154",
      "geometry": {
        "type": "Point",
        "coordinates": [
          -5.131172,
          43.3477815
        ]
      },
      "properties": {
        "name": "SanKalpa Yoga Studio",
        "category": "Yoga",
        "icon": "🧘",
        "coord_source": "osm",
        "coord_accuracy": "high",
        "place_id": "osm:node/5416447113",
        "address": "22 Avenida de Castilla 33550 Cangas de Onís / Cangues d'Onís",
        "hours": "Mo-Fr 09:00-22:00"
      }
    },
    {
      "type": "Feature",
      "id": "yoga-france-0155",
      "geometry": {
        "type": "Point",
        "coordinates": [
          2.3507376,
          48.8616632
        ]
      },
      "properties": {
        "name": "Kitten & Puppi",
        "category": "Yoga",
        "icon": "🧘",
        "coord_source": "osm",
        "coord_accuracy": "high",
        "place_id": "osm:node/5445508333",
        "address": "61 Rue Quincampoix 75004 Paris"
      }
    },
    {
      "type": "Feature",
      "id": "yoga-france-0156",
      "geometry": {
        "type": "Point",
        "coordinates": [
          8.7370489,
          50.3639845
        ]
      },
      "properties": {
        "name": "Echterleben",
        "category": "Yoga",
        "icon": "🧘",
        "coord_source": "osm",
        "coord_accuracy": "high",
        "place_id": "osm:node/5454655263"
      }
    },
    {
      "type": "Feature",
      "id": "yoga-france-0157",
      "geometry": {
        "type": "Point",
        "coordinates": [
          8.8799145,
          50.0273807
        ]
      },
      "properties": {
        "name": "Der Yogaraum",
        "category": "Yoga",
        "icon": "🧘",
        "coord_source": "osm",
        "coord_accuracy": "high",
        "place_id": "osm:node/5461472960",
        "address": "48 Gartenstraße 63110 Rodgau"
      }
    },
    {
      "type": "Feature",
      "id": "yoga-france-0158",
      "geometry": {
        "type": "Point",
        "coordinates": [
          8.1995987,
          50.0452188
        ]
      },
      "properties": {
        "name": "Studio 39 Hot Yoga & Wellness",
        "category": "Yoga",
        "icon": "🧘",
        "coord_source": "osm",
        "coord_accuracy": "high",
        "place_id": "osm:node/5483762383",
        "address": "1 Zeilstraße 65201 Wiesbaden"
      }
    },
    {
      "type": "Feature",
      "id": "yoga-france-0159",
      "geometry": {
        "type": "Point",
        "coordinates": [
          2.2970758,
          41.6306226
        ]
      },
      "properties": {
        "name": "COOT Pilates",
        "category": "Yoga",
        "icon": "🧘",
        "coord_source": "osm",
        "coord_accuracy": "high",
        "place_id": "osm:node/5488634211"
      }
    },
    {
      "type": "Feature",
      "id": "yoga-france-0160",
      "geometry": {
        "type": "Point",
        "coordinates": [
          2.1713992,
          41.4003387
        ]
      },
      "properties": {
        "name": "dona pilates & ioga",
        "category": "Yoga",
        "icon": "🧘",
        "coord_source": "osm",
        "coord_accuracy": "high",
        "place_id": "osm:node/5494755522",
        "address": "354 Carrer de Mallorca"
      }
    },
    {
      "type": "Feature",
      "id": "yoga-france-0161",
      "geometry": {
        "type": "Point",
        "coordinates": [
          -3.7412022,
          43.3820791
        ]
      },
      "properties": {
        "name": "La Puertuca de Pilates",
        "category": "Yoga",
        "icon": "🧘",
        "coord_source": "osm",
        "coord_accuracy": "high",
        "place_id": "osm:node/5498527135"
      }
    },
    {
      "type": "Feature",
      "id": "yoga-france-0162",
      "geometry": {
        "type": "Point",
        "coordinates": [
          3.0612199,
          50.639934
        ]
      },
      "properties": {
        "name": "Studio Inspir",
        "category": "Yoga",
        "icon": "🧘",
        "coord_source": "osm",
        "coord_accuracy": "high",
        "place_id": "osm:node/5509181237",
        "url": "https://www.studio-inspir.com/"
      }
    },
    {
      "type": "Feature",
      "id": "yoga-france-0163",
      "geometry": {
        "type": "Point",
        "coordinates": [
          2.2686962,
          41.4826422
        ]
      },
      "properties": {
        "name": "Centro Pilates Tiana",
        "category": "Yoga",
        "icon": "🧘",
        "coord_source": "osm",
        "coord_accuracy": "high",
        "place_id": "osm:node/5521367224",
        "hours": "Mo-Fr 08:00-13:00,16:00-20:00"
      }
    },
    {
      "type": "Feature",
      "id": "yoga-france-0164",
      "geometry": {
        "type": "Point",
        "coordinates": [
          8.4886892,
          47.3799531
        ]
      },
      "properties": {
        "name": "Padma Yoga",
        "category": "Yoga",
        "icon": "🧘",
        "coord_source": "osm",
        "coord_accuracy": "high",
        "place_id": "osm:node/5526297308",
        "address": "75 Freilagerstrasse 8047 Zürich",
        "url": "https://padmayoga.ch/"
      }
    },
    {
      "type": "Feature",
      "id": "yoga-france-0165",
      "geometry": {
        "type": "Point",
        "coordinates": [
          -3.9024193,
          43.4425579
        ]
      },
      "properties": {
        "name": "Inspira Pilates",
        "category": "Yoga",
        "icon": "🧘",
        "coord_source": "osm",
        "coord_accuracy": "high",
        "place_id": "osm:node/5531581715"
      }
    },
    {
      "type": "Feature",
      "id": "yoga-france-0166",
      "geometry": {
        "type": "Point",
        "coordinates": [
          6.8283855,
          50.6492866
        ]
      },
      "properties": {
        "name": "YogaBasis e.V.",
        "category": "Yoga",
        "icon": "🧘",
        "coord_source": "osm",
        "coord_accuracy": "high",
        "place_id": "osm:node/5538381737",
        "address": "4a Zur Tomberger Mühle 53881 Euskirchen",
        "phone": "+49 2251 128696",
        "url": "http://yogabasis.de/"
      }
    },
    {
      "type": "Feature",
      "id": "yoga-france-0167",
      "geometry": {
        "type": "Point",
        "coordinates": [
          6.6426643,
          49.4442453
        ]
      },
      "properties": {
        "name": "Yoga #167",
        "category": "Yoga",
        "icon": "🧘",
        "coord_source": "osm",
        "coord_accuracy": "high",
        "place_id": "osm:node/5549091012"
      }
    },
    {
      "type": "Feature",
      "id": "yoga-france-0168",
      "geometry": {
        "type": "Point",
        "coordinates": [
          -2.6768947,
          42.8507971
        ]
      },
      "properties": {
        "name": "Om",
        "category": "Yoga",
        "icon": "🧘",
        "coord_source": "osm",
        "coord_accuracy": "high",
        "place_id": "osm:node/5633600811"
      }
    },
    {
      "type": "Feature",
      "id": "yoga-france-0169",
      "geometry": {
        "type": "Point",
        "coordinates": [
          -2.9403558,
          43.2613236
        ]
      },
      "properties": {
        "name": "108 Yoga Studio",
        "category": "Yoga",
        "icon": "🧘",
        "coord_source": "osm",
        "coord_accuracy": "high",
        "place_id": "osm:node/5639981997",
        "address": "22 Gregorio de la Revilla zumarkalea 48011 Bilbao",
        "url": "https://www.108yogastudio.com/"
      }
    },
    {
      "type": "Feature",
      "id": "yoga-france-0170",
      "geometry": {
        "type": "Point",
        "coordinates": [
          2.0876876,
          41.532446
        ]
      },
      "properties": {
        "name": "Satya",
        "category": "Yoga",
        "icon": "🧘",
        "coord_source": "osm",
        "coord_accuracy": "high",
        "place_id": "osm:node/5649999160"
      }
    },
    {
      "type": "Feature",
      "id": "yoga-france-0171",
      "geometry": {
        "type": "Point",
        "coordinates": [
          6.9568334,
          50.9544709
        ]
      },
      "properties": {
        "name": "Studio Rohschliff",
        "category": "Yoga",
        "icon": "🧘",
        "coord_source": "osm",
        "coord_accuracy": "high",
        "place_id": "osm:node/5696685410",
        "address": "71 Neusser Straße 50670 Köln",
        "hours": "\"Mo - Sa 15 Min vor Kursbeginn. An Sonn- und Feiertagen geschlossen.\""
      }
    },
    {
      "type": "Feature",
      "id": "yoga-france-0172",
      "geometry": {
        "type": "Point",
        "coordinates": [
          3.0585756,
          50.6309314
        ]
      },
      "properties": {
        "name": "Les Yogis",
        "category": "Yoga",
        "icon": "🧘",
        "coord_source": "osm",
        "coord_accuracy": "high",
        "place_id": "osm:node/5701699237",
        "hours": "Mo-Su 07:30-21:00",
        "phone": "+33 9 87 02 19 41",
        "url": "https://lesyogis.fr/"
      }
    },
    {
      "type": "Feature",
      "id": "yoga-france-0173",
      "geometry": {
        "type": "Point",
        "coordinates": [
          5.5935853,
          45.127297
        ]
      },
      "properties": {
        "name": "Centre symbiole",
        "category": "Yoga",
        "icon": "🧘",
        "coord_source": "osm",
        "coord_accuracy": "high",
        "place_id": "osm:node/5745364841"
      }
    },
    {
      "type": "Feature",
      "id": "yoga-france-0174",
      "geometry": {
        "type": "Point",
        "coordinates": [
          8.7491662,
          50.1070938
        ]
      },
      "properties": {
        "name": "Yogaladen Offenbach",
        "category": "Yoga",
        "icon": "🧘",
        "coord_source": "osm",
        "coord_accuracy": "high",
        "place_id": "osm:node/5751783549",
        "address": "82 Bernardstraße 63067 Offenbach am Main",
        "url": "https://www.yogaladen-offenbach.de"
      }
    },
    {
      "type": "Feature",
      "id": "yoga-france-0175",
      "geometry": {
        "type": "Point",
        "coordinates": [
          6.8569538,
          50.6231964
        ]
      },
      "properties": {
        "name": "Yogalehrerin Gertrud Maibücher",
        "category": "Yoga",
        "icon": "🧘",
        "coord_source": "osm",
        "coord_accuracy": "high",
        "place_id": "osm:node/5868955736",
        "address": "44 Speckelsteinstraße 53881 Euskirchen",
        "phone": "+49 2255 31437",
        "url": "http://www.yoga-maibuecher.de/"
      }
    },
    {
      "type": "Feature",
      "id": "yoga-france-0176",
      "geometry": {
        "type": "Point",
        "coordinates": [
          5.0923479,
          51.0730938
        ]
      },
      "properties": {
        "name": "Lotus Life Coaching",
        "category": "Yoga",
        "icon": "🧘",
        "coord_source": "osm",
        "coord_accuracy": "high",
        "place_id": "osm:node/5885015428",
        "address": "14 Engelendries 3980 Tessenderlo",
        "phone": "+32 478 40 48 02",
        "url": "https://www.lotuslifecoaching.be/"
      }
    },
    {
      "type": "Feature",
      "id": "yoga-france-0177",
      "geometry": {
        "type": "Point",
        "coordinates": [
          9.1683776,
          47.6646914
        ]
      },
      "properties": {
        "name": "Yoga Glück",
        "category": "Yoga",
        "icon": "🧘",
        "coord_source": "osm",
        "coord_accuracy": "high",
        "place_id": "osm:node/5894389730"
      }
    },
    {
      "type": "Feature",
      "id": "yoga-france-0178",
      "geometry": {
        "type": "Point",
        "coordinates": [
          -2.4617819,
          43.1879695
        ]
      },
      "properties": {
        "name": "Garua Yoga Studio",
        "category": "Yoga",
        "icon": "🧘",
        "coord_source": "osm",
        "coord_accuracy": "high",
        "place_id": "osm:node/5898886241"
      }
    },
    {
      "type": "Feature",
      "id": "yoga-france-0179",
      "geometry": {
        "type": "Point",
        "coordinates": [
          0.5926873,
          43.2149117
        ]
      },
      "properties": {
        "name": "ARBRE DU YOGA",
        "category": "Yoga",
        "icon": "🧘",
        "coord_source": "osm",
        "coord_accuracy": "high",
        "place_id": "osm:node/5914544601",
        "address": "Chemin de la Mairie 31350 Sarrecave",
        "phone": "+33 5 61 88 27 62"
      }
    },
    {
      "type": "Feature",
      "id": "yoga-france-0180",
      "geometry": {
        "type": "Point",
        "coordinates": [
          2.3461719,
          48.8515214
        ]
      },
      "properties": {
        "name": "Rasa Yoga Rive Gauche",
        "category": "Yoga",
        "icon": "🧘",
        "coord_source": "osm",
        "coord_accuracy": "high",
        "place_id": "osm:node/5926021821",
        "address": "21 Rue Saint-Jacques",
        "url": "https://www.rasa-yogarivegauche.com/"
      }
    },
    {
      "type": "Feature",
      "id": "yoga-france-0181",
      "geometry": {
        "type": "Point",
        "coordinates": [
          8.5364243,
          47.5238651
        ]
      },
      "properties": {
        "name": "Yogafabrik",
        "category": "Yoga",
        "icon": "🧘",
        "coord_source": "osm",
        "coord_accuracy": "high",
        "place_id": "osm:node/5954246931",
        "address": "55 Bahnhofplatz 8180 Bülach",
        "url": "https://www.yogafabrik.ch/"
      }
    },
    {
      "type": "Feature",
      "id": "yoga-france-0182",
      "geometry": {
        "type": "Point",
        "coordinates": [
          8.8827618,
          50.0292957
        ]
      },
      "properties": {
        "name": "SoHam Yogaschule",
        "category": "Yoga",
        "icon": "🧘",
        "coord_source": "osm",
        "coord_accuracy": "high",
        "place_id": "osm:node/5960134747",
        "url": "https://www.firner-yoga.de/"
      }
    },
    {
      "type": "Feature",
      "id": "yoga-france-0183",
      "geometry": {
        "type": "Point",
        "coordinates": [
          9.1628686,
          48.7693586
        ]
      },
      "properties": {
        "name": "Yoga Vidya",
        "category": "Yoga",
        "icon": "🧘",
        "coord_source": "osm",
        "coord_accuracy": "high",
        "place_id": "osm:node/5967028017",
        "url": "https://www.yoga-vidya-stuttgart.de/"
      }
    },
    {
      "type": "Feature",
      "id": "yoga-france-0184",
      "geometry": {
        "type": "Point",
        "coordinates": [
          3.5051306,
          50.18378
        ]
      },
      "properties": {
        "name": "Gymnastics Pavilion",
        "category": "Yoga",
        "icon": "🧘",
        "coord_source": "osm",
        "coord_accuracy": "high",
        "place_id": "osm:node/5973966456"
      }
    },
    {
      "type": "Feature",
      "id": "yoga-france-0185",
      "geometry": {
        "type": "Point",
        "coordinates": [
          8.2902141,
          49.4847494
        ]
      },
      "properties": {
        "name": "Yogawiese",
        "category": "Yoga",
        "icon": "🧘",
        "coord_source": "osm",
        "coord_accuracy": "high",
        "place_id": "osm:node/5984673030"
      }
    },
    {
      "type": "Feature",
      "id": "yoga-france-0186",
      "geometry": {
        "type": "Point",
        "coordinates": [
          9.0789049,
          48.5099284
        ]
      },
      "properties": {
        "name": "Namasté",
        "category": "Yoga",
        "icon": "🧘",
        "coord_source": "osm",
        "coord_accuracy": "high",
        "place_id": "osm:node/5995598227",
        "address": "2 Henriettenweg 72072 Tübingen",
        "phone": "+49 7071 14 60 536",
        "url": "http://namaste-yoga-und-pilates.de/"
      }
    },
    {
      "type": "Feature",
      "id": "yoga-france-0187",
      "geometry": {
        "type": "Point",
        "coordinates": [
          -1.5681734,
          47.2043773
        ]
      },
      "properties": {
        "name": "Elephant Yoga Studio",
        "category": "Yoga",
        "icon": "🧘",
        "coord_source": "osm",
        "coord_accuracy": "high",
        "place_id": "osm:node/5996004066",
        "hours": "07:00-21:00",
        "url": "https://www.elephantyoga.studio/"
      }
    },
    {
      "type": "Feature",
      "id": "yoga-france-0188",
      "geometry": {
        "type": "Point",
        "coordinates": [
          -1.9801264,
          43.3168579
        ]
      },
      "properties": {
        "name": "802 Yoga Studio",
        "category": "Yoga",
        "icon": "🧘",
        "coord_source": "osm",
        "coord_accuracy": "high",
        "place_id": "osm:node/6029352874",
        "address": "4 behea Urdaneta kalea 20006 Donostia / San Sebastián",
        "url": "https://802yogastudio.com/"
      }
    },
    {
      "type": "Feature",
      "id": "yoga-france-0189",
      "geometry": {
        "type": "Point",
        "coordinates": [
          -1.5665186,
          47.2106464
        ]
      },
      "properties": {
        "name": "Yug iN",
        "category": "Yoga",
        "icon": "🧘",
        "coord_source": "osm",
        "coord_accuracy": "high",
        "place_id": "osm:node/6040004325",
        "phone": "+33 6 47 33 30 19",
        "url": "https://www.yugin.fr"
      }
    },
    {
      "type": "Feature",
      "id": "yoga-france-0190",
      "geometry": {
        "type": "Point",
        "coordinates": [
          9.1396183,
          48.959257
        ]
      },
      "properties": {
        "name": "Yogannette",
        "category": "Yoga",
        "icon": "🧘",
        "coord_source": "osm",
        "coord_accuracy": "high",
        "place_id": "osm:node/6048377827",
        "address": "2 Friedrich-Ebert-Straße 74321 Bietigheim-Bissingen",
        "phone": "+4916094514773",
        "url": "https://www.yogannette.com/"
      }
    },
    {
      "type": "Feature",
      "id": "yoga-france-0191",
      "geometry": {
        "type": "Point",
        "coordinates": [
          8.518078,
          47.3605829
        ]
      },
      "properties": {
        "name": "Atelier Yogart",
        "category": "Yoga",
        "icon": "🧘",
        "coord_source": "osm",
        "coord_accuracy": "high",
        "place_id": "osm:node/6054295149",
        "address": "111b Uetlibergstrasse 8045 Zürich"
      }
    },
    {
      "type": "Feature",
      "id": "yoga-france-0192",
      "geometry": {
        "type": "Point",
        "coordinates": [
          8.5795145,
          50.2041522
        ]
      },
      "properties": {
        "name": "Sacha Yoga",
        "category": "Yoga",
        "icon": "🧘",
        "coord_source": "osm",
        "coord_accuracy": "high",
        "place_id": "osm:node/6089307733",
        "phone": "+49 6171 8900107",
        "url": "https://sacha-yoga.de/"
      }
    },
    {
      "type": "Feature",
      "id": "yoga-france-0193",
      "geometry": {
        "type": "Point",
        "coordinates": [
          2.092141,
          41.6174535
        ]
      },
      "properties": {
        "name": "Anandhi Yoga",
        "category": "Yoga",
        "icon": "🧘",
        "coord_source": "osm",
        "coord_accuracy": "high",
        "place_id": "osm:node/6130722576"
      }
    },
    {
      "type": "Feature",
      "id": "yoga-france-0194",
      "geometry": {
        "type": "Point",
        "coordinates": [
          2.322099,
          48.814981
        ]
      },
      "properties": {
        "name": "Les Oiseaux Parleurs",
        "category": "Yoga",
        "icon": "🧘",
        "coord_source": "osm",
        "coord_accuracy": "high",
        "place_id": "osm:node/6141069687",
        "address": "3 Rue de la Solidarité 92120 Montrouge",
        "phone": "+33 6 86 56 29 18",
        "url": "https://cielesoiseauxparleur.wixsite.com/lesoiseauxparleurs"
      }
    },
    {
      "type": "Feature",
      "id": "yoga-france-0195",
      "geometry": {
        "type": "Point",
        "coordinates": [
          1.0862507,
          49.4403262
        ]
      },
      "properties": {
        "name": "Yogart",
        "category": "Yoga",
        "icon": "🧘",
        "coord_source": "osm",
        "coord_accuracy": "high",
        "place_id": "osm:node/6148641265",
        "address": "13",
        "phone": "+336185476 04",
        "url": "https://yogart-rouen.fr/"
      }
    },
    {
      "type": "Feature",
      "id": "yoga-france-0196",
      "geometry": {
        "type": "Point",
        "coordinates": [
          6.9670494,
          50.9671202
        ]
      },
      "properties": {
        "name": "meyomeco",
        "category": "Yoga",
        "icon": "🧘",
        "coord_source": "osm",
        "coord_accuracy": "high",
        "place_id": "osm:node/6162313327"
      }
    },
    {
      "type": "Feature",
      "id": "yoga-france-0197",
      "geometry": {
        "type": "Point",
        "coordinates": [
          8.9038132,
          48.7731112
        ]
      },
      "properties": {
        "name": "Yogaraum Malmsheim",
        "category": "Yoga",
        "icon": "🧘",
        "coord_source": "osm",
        "coord_accuracy": "high",
        "place_id": "osm:node/6170537509",
        "address": "7 Renninger Straße 71272 Renningen"
      }
    },
    {
      "type": "Feature",
      "id": "yoga-france-0198",
      "geometry": {
        "type": "Point",
        "coordinates": [
          5.8207152,
          50.8659767
        ]
      },
      "properties": {
        "name": "Essential Movements",
        "category": "Yoga",
        "icon": "🧘",
        "coord_source": "osm",
        "coord_accuracy": "high",
        "place_id": "osm:node/6193479602",
        "address": "6 De Leeuwhof 6301KZ Valkenburg",
        "url": "https://www.essentialmovements.nl"
      }
    },
    {
      "type": "Feature",
      "id": "yoga-france-0199",
      "geometry": {
        "type": "Point",
        "coordinates": [
          6.9574333,
          50.9492506
        ]
      },
      "properties": {
        "name": "Yoga Bhava",
        "category": "Yoga",
        "icon": "🧘",
        "coord_source": "osm",
        "coord_accuracy": "high",
        "place_id": "osm:node/6200601074"
      }
    },
    {
      "type": "Feature",
      "id": "yoga-france-0200",
      "geometry": {
        "type": "Point",
        "coordinates": [
          4.3848753,
          45.4450214
        ]
      },
      "properties": {
        "name": "Om'yoga",
        "category": "Yoga",
        "icon": "🧘",
        "coord_source": "osm",
        "coord_accuracy": "high",
        "place_id": "osm:node/6220820047",
        "url": "https://omy-goodness.business.site"
      }
    },
    {
      "type": "Feature",
      "id": "yoga-france-0201",
      "geometry": {
        "type": "Point",
        "coordinates": [
          8.4850708,
          47.3932304
        ]
      },
      "properties": {
        "name": "Intoku",
        "category": "Yoga",
        "icon": "🧘",
        "coord_source": "osm",
        "coord_accuracy": "high",
        "place_id": "osm:node/6268415307",
        "address": "108a Vulkanstrasse 8048 Zürich",
        "url": "https://intoku-zurich.com"
      }
    },
    {
      "type": "Feature",
      "id": "yoga-france-0202",
      "geometry": {
        "type": "Point",
        "coordinates": [
          9.1448515,
          49.9730925
        ]
      },
      "properties": {
        "name": "happy soul yoga",
        "category": "Yoga",
        "icon": "🧘",
        "coord_source": "osm",
        "coord_accuracy": "high",
        "place_id": "osm:node/6304391241",
        "url": "https://www.happy-soul-yoga.de"
      }
    },
    {
      "type": "Feature",
      "id": "yoga-france-0203",
      "geometry": {
        "type": "Point",
        "coordinates": [
          9.1471361,
          49.976439
        ]
      },
      "properties": {
        "name": "Yoga Zeit",
        "category": "Yoga",
        "icon": "🧘",
        "coord_source": "osm",
        "coord_accuracy": "high",
        "place_id": "osm:node/6304446622",
        "url": "https://www.yogazeit-ab.de"
      }
    },
    {
      "type": "Feature",
      "id": "yoga-france-0204",
      "geometry": {
        "type": "Point",
        "coordinates": [
          6.7696297,
          50.6689921
        ]
      },
      "properties": {
        "name": "Anamayas Yogawelt",
        "category": "Yoga",
        "icon": "🧘",
        "coord_source": "osm",
        "coord_accuracy": "high",
        "place_id": "osm:node/6327525744",
        "address": "11a Eupener Straße 53879 Euskirchen",
        "phone": "+49 157 78873929",
        "url": "https://anamayas-yogawelt.de/"
      }
    },
    {
      "type": "Feature",
      "id": "yoga-france-0205",
      "geometry": {
        "type": "Point",
        "coordinates": [
          6.3814916,
          47.8156465
        ]
      },
      "properties": {
        "name": "Centre de Relaxation Bien-Être",
        "category": "Yoga",
        "icon": "🧘",
        "coord_source": "osm",
        "coord_accuracy": "high",
        "place_id": "osm:node/6341478186"
      }
    },
    {
      "type": "Feature",
      "id": "yoga-france-0206",
      "geometry": {
        "type": "Point",
        "coordinates": [
          9.2694406,
          50.8634398
        ]
      },
      "properties": {
        "name": "Yoga Studio Sonnengruß",
        "category": "Yoga",
        "icon": "🧘",
        "coord_source": "osm",
        "coord_accuracy": "high",
        "place_id": "osm:node/6351330219",
        "address": "11 Zur Kirche 34637 Schrecksbach",
        "phone": "+49 66 98 52 89 969",
        "url": "http://www.yoga-studio-sonnengruss.de"
      }
    },
    {
      "type": "Feature",
      "id": "yoga-france-0207",
      "geometry": {
        "type": "Point",
        "coordinates": [
          3.4380764,
          51.0820631
        ]
      },
      "properties": {
        "name": "Yoga Prasada",
        "category": "Yoga",
        "icon": "🧘",
        "coord_source": "osm",
        "coord_accuracy": "high",
        "place_id": "osm:node/6366314351"
      }
    },
    {
      "type": "Feature",
      "id": "yoga-france-0208",
      "geometry": {
        "type": "Point",
        "coordinates": [
          6.7893268,
          50.6623482
        ]
      },
      "properties": {
        "name": "Yogakasha",
        "category": "Yoga",
        "icon": "🧘",
        "coord_source": "osm",
        "coord_accuracy": "high",
        "place_id": "osm:node/6372167592",
        "address": "7 Spiegelstraße 53879 Euskirchen",
        "phone": "+49 178 9828845",
        "url": "https://www.yogakasha.de/"
      }
    },
    {
      "type": "Feature",
      "id": "yoga-france-0209",
      "geometry": {
        "type": "Point",
        "coordinates": [
          7.57969,
          47.555149
        ]
      },
      "properties": {
        "name": "Lela Yoga",
        "category": "Yoga",
        "icon": "🧘",
        "coord_source": "osm",
        "coord_accuracy": "high",
        "place_id": "osm:node/6372374391",
        "address": "44 Schützenmattstrasse",
        "url": "http://www.lela-yoga-basel.ch"
      }
    },
    {
      "type": "Feature",
      "id": "yoga-france-0210",
      "geometry": {
        "type": "Point",
        "coordinates": [
          6.7839032,
          50.6601088
        ]
      },
      "properties": {
        "name": "Raum für Yoga – Achtsamkeit – Coaching",
        "category": "Yoga",
        "icon": "🧘",
        "coord_source": "osm",
        "coord_accuracy": "high",
        "place_id": "osm:node/6381281338",
        "address": "67 Disternicher Torwall 53879 Euskirchen",
        "phone": "+49 2251 9298021",
        "url": "https://raum-yoga.eu/"
      }
    },
    {
      "type": "Feature",
      "id": "yoga-france-0211",
      "geometry": {
        "type": "Point",
        "coordinates": [
          2.3741868,
          48.8549907
        ]
      },
      "properties": {
        "name": "Kalari 7",
        "category": "Yoga",
        "icon": "🧘",
        "coord_source": "osm",
        "coord_accuracy": "high",
        "place_id": "osm:node/6386811635",
        "url": "https://www.kalari7.com"
      }
    },
    {
      "type": "Feature",
      "id": "yoga-france-0212",
      "geometry": {
        "type": "Point",
        "coordinates": [
          -0.1397487,
          50.8382526
        ]
      },
      "properties": {
        "name": "Space",
        "category": "Yoga",
        "icon": "🧘",
        "coord_source": "osm",
        "coord_accuracy": "high",
        "place_id": "osm:node/6400729575",
        "url": "https://www.spaceyogastudio.uk/"
      }
    },
    {
      "type": "Feature",
      "id": "yoga-france-0213",
      "geometry": {
        "type": "Point",
        "coordinates": [
          2.1711987,
          41.3987544
        ]
      },
      "properties": {
        "name": "Grup de Meditació de Barcelona de Self-Realization Fellowship",
        "category": "Yoga",
        "icon": "🧘",
        "coord_source": "osm",
        "coord_accuracy": "high",
        "place_id": "osm:node/6446010607",
        "address": "359 Carrer de València 08009",
        "url": "https://yogananda-srfbarcelona.com"
      }
    },
    {
      "type": "Feature",
      "id": "yoga-france-0214",
      "geometry": {
        "type": "Point",
        "coordinates": [
          2.3272556,
          48.81588
        ]
      },
      "properties": {
        "name": "Body Om",
        "category": "Yoga",
        "icon": "🧘",
        "coord_source": "osm",
        "coord_accuracy": "high",
        "place_id": "osm:node/6447595322",
        "hours": "Mo-Sa 10:00-20:00",
        "phone": "+33 1 85 76 50 22",
        "url": "https://www.bodyom.fr/"
      }
    },
    {
      "type": "Feature",
      "id": "yoga-france-0215",
      "geometry": {
        "type": "Point",
        "coordinates": [
          4.3480837,
          50.8525176
        ]
      },
      "properties": {
        "name": "Yyoga",
        "category": "Yoga",
        "icon": "🧘",
        "coord_source": "osm",
        "coord_accuracy": "high",
        "place_id": "osm:node/6475766986",
        "hours": "Mo-Th,Su \"by appointment\"; Fr 12:00-17:30; Sa 10:00-17:30",
        "phone": "+32 2 201 74 97",
        "url": "https://yyoga.be/studios/brussels/"
      }
    },
    {
      "type": "Feature",
      "id": "yoga-france-0216",
      "geometry": {
        "type": "Point",
        "coordinates": [
          7.8514219,
          47.9878124
        ]
      },
      "properties": {
        "name": "Hatha YogaFlow",
        "category": "Yoga",
        "icon": "🧘",
        "coord_source": "osm",
        "coord_accuracy": "high",
        "place_id": "osm:node/6478865532",
        "phone": "+49 761 7071276",
        "url": "https://www.yoga-ayurveda-freiburg.de/"
      }
    },
    {
      "type": "Feature",
      "id": "yoga-france-0217",
      "geometry": {
        "type": "Point",
        "coordinates": [
          7.8514367,
          47.9878021
        ]
      },
      "properties": {
        "name": "Hatha Yoga",
        "category": "Yoga",
        "icon": "🧘",
        "coord_source": "osm",
        "coord_accuracy": "high",
        "place_id": "osm:node/6478865533",
        "phone": "+49 7653 9609800",
        "url": "https://yoga-freiraum.de/"
      }
    },
    {
      "type": "Feature",
      "id": "yoga-france-0218",
      "geometry": {
        "type": "Point",
        "coordinates": [
          7.8514447,
          47.9877926
        ]
      },
      "properties": {
        "name": "Vinyasa Yoga",
        "category": "Yoga",
        "icon": "🧘",
        "coord_source": "osm",
        "coord_accuracy": "high",
        "place_id": "osm:node/6478865535",
        "phone": "+49 761 2853554",
        "url": "https://www.maitriyoga.de/"
      }
    },
    {
      "type": "Feature",
      "id": "yoga-france-0219",
      "geometry": {
        "type": "Point",
        "coordinates": [
          7.851436,
          47.9878429
        ]
      },
      "properties": {
        "name": "Schwerelos Yoga",
        "category": "Yoga",
        "icon": "🧘",
        "coord_source": "osm",
        "coord_accuracy": "high",
        "place_id": "osm:node/6478865536",
        "hours": "We 18:00-21:30",
        "url": "https://www.schwerelos-yoga.de/"
      }
    },
    {
      "type": "Feature",
      "id": "yoga-france-0220",
      "geometry": {
        "type": "Point",
        "coordinates": [
          -4.5317408,
          50.820661
        ]
      },
      "properties": {
        "name": "The YogaStudio Bude",
        "category": "Yoga",
        "icon": "🧘",
        "coord_source": "osm",
        "coord_accuracy": "high",
        "place_id": "osm:node/6481084727"
      }
    },
    {
      "type": "Feature",
      "id": "yoga-france-0221",
      "geometry": {
        "type": "Point",
        "coordinates": [
          8.6523644,
          49.8734595
        ]
      },
      "properties": {
        "name": "Amara Yoga",
        "category": "Yoga",
        "icon": "🧘",
        "coord_source": "osm",
        "coord_accuracy": "high",
        "place_id": "osm:node/6495845546",
        "phone": "+49 6151 599301",
        "url": "https://www.amarayoga.de"
      }
    },
    {
      "type": "Feature",
      "id": "yoga-france-0222",
      "geometry": {
        "type": "Point",
        "coordinates": [
          4.2372506,
          50.7356322
        ]
      },
      "properties": {
        "name": "Billie Yoga",
        "category": "Yoga",
        "icon": "🧘",
        "coord_source": "osm",
        "coord_accuracy": "high",
        "place_id": "osm:node/6552236591",
        "address": "9 Basiliekstraat",
        "url": "https://www.billieyoga.com/"
      }
    },
    {
      "type": "Feature",
      "id": "yoga-france-0223",
      "geometry": {
        "type": "Point",
        "coordinates": [
          7.0062591,
          49.2375297
        ]
      },
      "properties": {
        "name": "Ananda Aerial Yoga Institut & Ayurveda Lounge",
        "category": "Yoga",
        "icon": "🧘",
        "coord_source": "osm",
        "coord_accuracy": "high",
        "place_id": "osm:node/6564882118"
      }
    },
    {
      "type": "Feature",
      "id": "yoga-france-0224",
      "geometry": {
        "type": "Point",
        "coordinates": [
          6.936057,
          50.9329423
        ]
      },
      "properties": {
        "name": "Karma Cologne",
        "category": "Yoga",
        "icon": "🧘",
        "coord_source": "osm",
        "coord_accuracy": "high",
        "place_id": "osm:node/6579417771",
        "phone": "+49 172 8478834",
        "url": "https://karmacologne.de/"
      }
    },
    {
      "type": "Feature",
      "id": "yoga-france-0225",
      "geometry": {
        "type": "Point",
        "coordinates": [
          7.0112619,
          49.2459564
        ]
      },
      "properties": {
        "name": "Frauke Eckhardt",
        "category": "Yoga",
        "icon": "🧘",
        "coord_source": "osm",
        "coord_accuracy": "high",
        "place_id": "osm:node/6582179289",
        "hours": "Mo 19:00-21:00 open \"Für Übende\", Tu 10:00-12:00 open \"Für Einsteiger\", Tu 18:30-20:30 open \"für Jugendliche\", Th 10:00-12:00 open \"Für Übende\"; PH closed"
      }
    },
    {
      "type": "Feature",
      "id": "yoga-france-0226",
      "geometry": {
        "type": "Point",
        "coordinates": [
          7.8486931,
          48.0003261
        ]
      },
      "properties": {
        "name": "Dharam Raj Yogahaus Freiburg",
        "category": "Yoga",
        "icon": "🧘",
        "coord_source": "osm",
        "coord_accuracy": "high",
        "place_id": "osm:node/6606635170",
        "phone": "+49 176 225 931 46",
        "url": "http://yogahaus-freiburg.de/"
      }
    },
    {
      "type": "Feature",
      "id": "yoga-france-0227",
      "geometry": {
        "type": "Point",
        "coordinates": [
          7.8411913,
          48.0000781
        ]
      },
      "properties": {
        "name": "Ashtanga Yogastudio Freiburg",
        "category": "Yoga",
        "icon": "🧘",
        "coord_source": "osm",
        "coord_accuracy": "high",
        "place_id": "osm:node/6606635171",
        "phone": "+49 178 8914913",
        "url": "https://ashtanga-yoga-freiburg.de/contact.html"
      }
    },
    {
      "type": "Feature",
      "id": "yoga-france-0228",
      "geometry": {
        "type": "Point",
        "coordinates": [
          7.8478134,
          48.0004999
        ]
      },
      "properties": {
        "name": "Soma Yoga",
        "category": "Yoga",
        "icon": "🧘",
        "coord_source": "osm",
        "coord_accuracy": "high",
        "place_id": "osm:node/6606635172",
        "address": "23a Hebelstraße 79104 Freiburg im Breisgau",
        "phone": "+49 761 285 3869",
        "url": "http://somayoga-freiburg.de/kontakt/"
      }
    },
    {
      "type": "Feature",
      "id": "yoga-france-0229",
      "geometry": {
        "type": "Point",
        "coordinates": [
          9.529451,
          47.6323775
        ]
      },
      "properties": {
        "name": "Yoga #229",
        "category": "Yoga",
        "icon": "🧘",
        "coord_source": "osm",
        "coord_accuracy": "high",
        "place_id": "osm:node/6612762697",
        "url": "https://www.namasteyoga.today"
      }
    },
    {
      "type": "Feature",
      "id": "yoga-france-0230",
      "geometry": {
        "type": "Point",
        "coordinates": [
          -1.4822008,
          43.4941875
        ]
      },
      "properties": {
        "name": "Yoga",
        "category": "Yoga",
        "icon": "🧘",
        "coord_source": "osm",
        "coord_accuracy": "high",
        "place_id": "osm:node/6637677140"
      }
    },
    {
      "type": "Feature",
      "id": "yoga-france-0231",
      "geometry": {
        "type": "Point",
        "coordinates": [
          6.8023242,
          50.6630555
        ]
      },
      "properties": {
        "name": "Waldyoga Euskirchen",
        "category": "Yoga",
        "icon": "🧘",
        "coord_source": "osm",
        "coord_accuracy": "high",
        "place_id": "osm:node/6638178855",
        "address": "28 Keltenring 53879 Euskirchen",
        "phone": "+49 2251 72968",
        "url": "https://www.waldyoga-om.de/"
      }
    },
    {
      "type": "Feature",
      "id": "yoga-france-0232",
      "geometry": {
        "type": "Point",
        "coordinates": [
          -1.3788593,
          46.942546
        ]
      },
      "properties": {
        "name": "Du yoga sous les toits",
        "category": "Yoga",
        "icon": "🧘",
        "coord_source": "osm",
        "coord_accuracy": "high",
        "place_id": "osm:node/6683452700",
        "url": "https://sites.google.com/view/duyogasouslestoits/accueil"
      }
    },
    {
      "type": "Feature",
      "id": "yoga-france-0233",
      "geometry": {
        "type": "Point",
        "coordinates": [
          4.8457217,
          45.7451139
        ]
      },
      "properties": {
        "name": "Centre de yoga Lyon Jean Macé",
        "category": "Yoga",
        "icon": "🧘",
        "coord_source": "osm",
        "coord_accuracy": "high",
        "place_id": "osm:node/6712118933",
        "url": "http://centredeyoga-lyon-jean-mace.org/"
      }
    },
    {
      "type": "Feature",
      "id": "yoga-france-0234",
      "geometry": {
        "type": "Point",
        "coordinates": [
          7.8529253,
          48.0044691
        ]
      },
      "properties": {
        "name": "Yolaya",
        "category": "Yoga",
        "icon": "🧘",
        "coord_source": "osm",
        "coord_accuracy": "high",
        "place_id": "osm:node/6738650600",
        "url": "https://yolaya.de/"
      }
    },
    {
      "type": "Feature",
      "id": "yoga-france-0235",
      "geometry": {
        "type": "Point",
        "coordinates": [
          4.2502437,
          50.7320543
        ]
      },
      "properties": {
        "name": "Billie Yoga",
        "category": "Yoga",
        "icon": "🧘",
        "coord_source": "osm",
        "coord_accuracy": "high",
        "place_id": "osm:node/6745795015",
        "url": "https://www.billieyoga.com/"
      }
    },
    {
      "type": "Feature",
      "id": "yoga-france-0236",
      "geometry": {
        "type": "Point",
        "coordinates": [
          6.1923989,
          50.6451976
        ]
      },
      "properties": {
        "name": "Thomas Klubert",
        "category": "Yoga",
        "icon": "🧘",
        "coord_source": "osm",
        "coord_accuracy": "high",
        "place_id": "osm:node/6768715112",
        "address": "30 Jennepeterstraße 52159 Roetgen"
      }
    },
    {
      "type": "Feature",
      "id": "yoga-france-0237",
      "geometry": {
        "type": "Point",
        "coordinates": [
          -4.5444491,
          50.8314475
        ]
      },
      "properties": {
        "name": "Wildspirits Wellness Cafe & Studio",
        "category": "Yoga",
        "icon": "🧘",
        "coord_source": "osm",
        "coord_accuracy": "high",
        "place_id": "osm:node/6776898897"
      }
    },
    {
      "type": "Feature",
      "id": "yoga-france-0238",
      "geometry": {
        "type": "Point",
        "coordinates": [
          6.9105138,
          50.9549496
        ]
      },
      "properties": {
        "name": "Yoga Mima",
        "category": "Yoga",
        "icon": "🧘",
        "coord_source": "osm",
        "coord_accuracy": "high",
        "place_id": "osm:node/6800217723",
        "phone": "+49 162 2868530",
        "url": "https://www.yogamima.de/"
      }
    },
    {
      "type": "Feature",
      "id": "yoga-france-0239",
      "geometry": {
        "type": "Point",
        "coordinates": [
          -0.2647148,
          43.701777
        ]
      },
      "properties": {
        "name": "GAIA Studio",
        "category": "Yoga",
        "icon": "🧘",
        "coord_source": "osm",
        "coord_accuracy": "high",
        "place_id": "osm:node/6803391661",
        "address": "Rue Pierre Mendès France 40800 Aire-sur-l'Adour",
        "phone": "+33 6 63 21 06 20"
      }
    },
    {
      "type": "Feature",
      "id": "yoga-france-0240",
      "geometry": {
        "type": "Point",
        "coordinates": [
          -1.0602477,
          43.7245681
        ]
      },
      "properties": {
        "name": "Yoga Sukha 40",
        "category": "Yoga",
        "icon": "🧘",
        "coord_source": "osm",
        "coord_accuracy": "high",
        "place_id": "osm:node/6813019987",
        "address": "731 Avenue de la Résistance"
      }
    },
    {
      "type": "Feature",
      "id": "yoga-france-0241",
      "geometry": {
        "type": "Point",
        "coordinates": [
          7.0013742,
          50.9644548
        ]
      },
      "properties": {
        "name": "Zeiträume",
        "category": "Yoga",
        "icon": "🧘",
        "coord_source": "osm",
        "coord_accuracy": "high",
        "place_id": "osm:node/6834644244",
        "address": "80 Wallstraße 51063 Köln",
        "hours": "\"siehe Kursplan\"",
        "phone": "+49 221 5607027",
        "url": "https://www.zeitraeume-koeln.de"
      }
    },
    {
      "type": "Feature",
      "id": "yoga-france-0242",
      "geometry": {
        "type": "Point",
        "coordinates": [
          2.3715461,
          48.8311502
        ]
      },
      "properties": {
        "name": "Centre Terre & Ciel",
        "category": "Yoga",
        "icon": "🧘",
        "coord_source": "osm",
        "coord_accuracy": "high",
        "place_id": "osm:node/6840982600",
        "address": "18 Rue Charcot 75013 Paris",
        "url": "https://yoga-paris-centreterreciel.fr"
      }
    },
    {
      "type": "Feature",
      "id": "yoga-france-0243",
      "geometry": {
        "type": "Point",
        "coordinates": [
          5.1666091,
          48.7674882
        ]
      },
      "properties": {
        "name": "The New Studio",
        "category": "Yoga",
        "icon": "🧘",
        "coord_source": "osm",
        "coord_accuracy": "high",
        "place_id": "osm:node/6848641051",
        "address": "7 Avenue Gambetta 55000 Bar-le-Duc",
        "phone": "+33 3 29 76 21 21",
        "url": "https://danse-fitness.fr/"
      }
    },
    {
      "type": "Feature",
      "id": "yoga-france-0244",
      "geometry": {
        "type": "Point",
        "coordinates": [
          6.9375792,
          50.9412825
        ]
      },
      "properties": {
        "name": "BesYoga",
        "category": "Yoga",
        "icon": "🧘",
        "coord_source": "osm",
        "coord_accuracy": "high",
        "place_id": "osm:node/6859127340",
        "address": "2 Venloer Straße 50672 Köln",
        "url": "https://besyoga.com/"
      }
    },
    {
      "type": "Feature",
      "id": "yoga-france-0245",
      "geometry": {
        "type": "Point",
        "coordinates": [
          -3.6676535,
          42.3478943
        ]
      },
      "properties": {
        "name": "Centro Prana",
        "category": "Yoga",
        "icon": "🧘",
        "coord_source": "osm",
        "coord_accuracy": "high",
        "place_id": "osm:node/6860764048",
        "phone": "+34 659898969",
        "url": "https://centropranayoga.es/"
      }
    },
    {
      "type": "Feature",
      "id": "yoga-france-0246",
      "geometry": {
        "type": "Point",
        "coordinates": [
          6.889587,
          50.8152407
        ]
      },
      "properties": {
        "name": "Ashtanga Yogaschule Brühl",
        "category": "Yoga",
        "icon": "🧘",
        "coord_source": "osm",
        "coord_accuracy": "high",
        "place_id": "osm:node/6893789986",
        "address": "81-83 Euskirchener Straße 50321 Brühl",
        "phone": "+49 177 3513750",
        "url": "http://www.ashtangayoga-bruehl.de/phone/%c3%bcber-uns.html"
      }
    },
    {
      "type": "Feature",
      "id": "yoga-france-0247",
      "geometry": {
        "type": "Point",
        "coordinates": [
          8.3590145,
          46.9633896
        ]
      },
      "properties": {
        "name": "Raum der Welten",
        "category": "Yoga",
        "icon": "🧘",
        "coord_source": "osm",
        "coord_accuracy": "high",
        "place_id": "osm:node/6895397985"
      }
    },
    {
      "type": "Feature",
      "id": "yoga-france-0248",
      "geometry": {
        "type": "Point",
        "coordinates": [
          6.7737833,
          50.6527961
        ]
      },
      "properties": {
        "name": "more yoga less ego",
        "category": "Yoga",
        "icon": "🧘",
        "coord_source": "osm",
        "coord_accuracy": "high",
        "place_id": "osm:node/6932380886",
        "address": "9 Kirschenallee 53879 Euskirchen",
        "phone": "+49 157 80428816",
        "url": "https://www.more-yoga-less-ego.com/"
      }
    },
    {
      "type": "Feature",
      "id": "yoga-france-0249",
      "geometry": {
        "type": "Point",
        "coordinates": [
          6.7909161,
          50.6639923
        ]
      },
      "properties": {
        "name": "Maitri Yoga Euskirchen",
        "category": "Yoga",
        "icon": "🧘",
        "coord_source": "osm",
        "coord_accuracy": "high",
        "place_id": "osm:node/6956565579",
        "address": "54 Mittelstraße 53879 Euskirchen",
        "phone": "+49 173 3611847",
        "url": "https://maitri-yoga-euskirchen.de/"
      }
    },
    {
      "type": "Feature",
      "id": "yoga-france-0250",
      "geometry": {
        "type": "Point",
        "coordinates": [
          0.4937489,
          44.3968292
        ]
      },
      "properties": {
        "name": "Yoga Discover Your Heart",
        "category": "Yoga",
        "icon": "🧘",
        "coord_source": "osm",
        "coord_accuracy": "high",
        "place_id": "osm:node/6979672473",
        "address": "1 Rue Gabriel Charretier 47260 Castelmoron-sur-Lot",
        "url": "https://yoga-47.fr"
      }
    },
    {
      "type": "Feature",
      "id": "yoga-france-0251",
      "geometry": {
        "type": "Point",
        "coordinates": [
          4.0407071,
          49.2478814
        ]
      },
      "properties": {
        "name": "Yoga Reims",
        "category": "Yoga",
        "icon": "🧘",
        "coord_source": "osm",
        "coord_accuracy": "high",
        "place_id": "osm:node/6982224685",
        "address": "96 Rue du Barbâtre 51100",
        "phone": "+33 6 95 10 54 15",
        "url": "https://yogareims.com/"
      }
    },
    {
      "type": "Feature",
      "id": "yoga-france-0252",
      "geometry": {
        "type": "Point",
        "coordinates": [
          4.8294089,
          45.7503946
        ]
      },
      "properties": {
        "name": "École de Yoga Mysore",
        "category": "Yoga",
        "icon": "🧘",
        "coord_source": "osm",
        "coord_accuracy": "high",
        "place_id": "osm:node/6991069738"
      }
    },
    {
      "type": "Feature",
      "id": "yoga-france-0253",
      "geometry": {
        "type": "Point",
        "coordinates": [
          9.1645322,
          49.851381
        ]
      },
      "properties": {
        "name": "Yoga Loft",
        "category": "Yoga",
        "icon": "🧘",
        "coord_source": "osm",
        "coord_accuracy": "high",
        "place_id": "osm:node/6997412042",
        "url": "https://www.yogaloft-elsenfeld.de"
      }
    },
    {
      "type": "Feature",
      "id": "yoga-france-0254",
      "geometry": {
        "type": "Point",
        "coordinates": [
          7.7496852,
          48.1510222
        ]
      },
      "properties": {
        "name": "Heimelig",
        "category": "Yoga",
        "icon": "🧘",
        "coord_source": "osm",
        "coord_accuracy": "high",
        "place_id": "osm:node/7014981661",
        "address": "35 Hauptstraße 79359 Riegel am Kaiserstuhl"
      }
    },
    {
      "type": "Feature",
      "id": "yoga-france-0255",
      "geometry": {
        "type": "Point",
        "coordinates": [
          -4.7196459,
          41.6455941
        ]
      },
      "properties": {
        "name": "Yoga #255",
        "category": "Yoga",
        "icon": "🧘",
        "coord_source": "osm",
        "coord_accuracy": "high",
        "place_id": "osm:node/7018454488",
        "address": "Calle de la Niña Guapa 47004 Valladolid"
      }
    },
    {
      "type": "Feature",
      "id": "yoga-france-0256",
      "geometry": {
        "type": "Point",
        "coordinates": [
          8.9566523,
          48.9314496
        ]
      },
      "properties": {
        "name": "Yoga Atelier",
        "category": "Yoga",
        "icon": "🧘",
        "coord_source": "osm",
        "coord_accuracy": "high",
        "place_id": "osm:node/7024135976",
        "phone": "+49 1766 4803925",
        "url": "https://www.hemmes-yoga.com"
      }
    },
    {
      "type": "Feature",
      "id": "yoga-france-0257",
      "geometry": {
        "type": "Point",
        "coordinates": [
          1.1332186,
          49.4393616
        ]
      },
      "properties": {
        "name": "Estelle Yoga",
        "category": "Yoga",
        "icon": "🧘",
        "coord_source": "osm",
        "coord_accuracy": "high",
        "place_id": "osm:node/7043448153",
        "address": "31",
        "phone": "+33 6 71 11 50 40",
        "url": "https://www.estelleyoga.fr/"
      }
    },
    {
      "type": "Feature",
      "id": "yoga-france-0258",
      "geometry": {
        "type": "Point",
        "coordinates": [
          2.1768795,
          41.4125981
        ]
      },
      "properties": {
        "name": "Byoga",
        "category": "Yoga",
        "icon": "🧘",
        "coord_source": "osm",
        "coord_accuracy": "high",
        "place_id": "osm:node/7051401466",
        "address": "393 Carrer de la Independència"
      }
    },
    {
      "type": "Feature",
      "id": "yoga-france-0259",
      "geometry": {
        "type": "Point",
        "coordinates": [
          8.548406,
          47.4065785
        ]
      },
      "properties": {
        "name": "Yoga2day",
        "category": "Yoga",
        "icon": "🧘",
        "coord_source": "osm",
        "coord_accuracy": "high",
        "place_id": "osm:node/7066792138",
        "url": "https://www.yoga2day.ch/"
      }
    },
    {
      "type": "Feature",
      "id": "yoga-france-0260",
      "geometry": {
        "type": "Point",
        "coordinates": [
          4.0387067,
          49.2559055
        ]
      },
      "properties": {
        "name": "Centre Oscaria",
        "category": "Yoga",
        "icon": "🧘",
        "coord_source": "osm",
        "coord_accuracy": "high",
        "place_id": "osm:node/7069022785",
        "address": "34 Rue Ponsardin 51100 Reims",
        "hours": "Mo-Su 07:00-22:00",
        "phone": "+33 6 69 11 49 77",
        "url": "https://www.oscaria.fr"
      }
    },
    {
      "type": "Feature",
      "id": "yoga-france-0261",
      "geometry": {
        "type": "Point",
        "coordinates": [
          -0.4048207,
          49.1862278
        ]
      },
      "properties": {
        "name": "Centre de Yoga Sruti",
        "category": "Yoga",
        "icon": "🧘",
        "coord_source": "osm",
        "coord_accuracy": "high",
        "place_id": "osm:node/7088569424",
        "phone": "+33 2 31 73 26 41",
        "url": "https://centredeyogasruthi.com/"
      }
    },
    {
      "type": "Feature",
      "id": "yoga-france-0262",
      "geometry": {
        "type": "Point",
        "coordinates": [
          7.8551081,
          48.0044197
        ]
      },
      "properties": {
        "name": "Yoga Jetzt",
        "category": "Yoga",
        "icon": "🧘",
        "coord_source": "osm",
        "coord_accuracy": "high",
        "place_id": "osm:node/7102271806",
        "url": "https://www.yoga-jetzt.de"
      }
    },
    {
      "type": "Feature",
      "id": "yoga-france-0263",
      "geometry": {
        "type": "Point",
        "coordinates": [
          -2.706594,
          47.6463077
        ]
      },
      "properties": {
        "name": "Om Yoga Vannes",
        "category": "Yoga",
        "icon": "🧘",
        "coord_source": "osm",
        "coord_accuracy": "high",
        "place_id": "osm:node/7109167048",
        "address": "14 Rue Jacques Cartier 56450 Theix-Noyalo",
        "phone": "+33 7 82 75 56 51",
        "url": "http://www.om-yoga-vannes.com"
      }
    },
    {
      "type": "Feature",
      "id": "yoga-france-0264",
      "geometry": {
        "type": "Point",
        "coordinates": [
          7.8480774,
          48.0067879
        ]
      },
      "properties": {
        "name": "Amrita Naturheilpraxis",
        "category": "Yoga",
        "icon": "🧘",
        "coord_source": "osm",
        "coord_accuracy": "high",
        "place_id": "osm:node/7115430780"
      }
    },
    {
      "type": "Feature",
      "id": "yoga-france-0265",
      "geometry": {
        "type": "Point",
        "coordinates": [
          7.8497609,
          47.9858969
        ]
      },
      "properties": {
        "name": "Ommm Yoga",
        "category": "Yoga",
        "icon": "🧘",
        "coord_source": "osm",
        "coord_accuracy": "high",
        "place_id": "osm:node/7117018836",
        "url": "https://www.ommm.yoga/"
      }
    },
    {
      "type": "Feature",
      "id": "yoga-france-0266",
      "geometry": {
        "type": "Point",
        "coordinates": [
          9.1248161,
          48.778192
        ]
      },
      "properties": {
        "name": "Yummie Yoga",
        "category": "Yoga",
        "icon": "🧘",
        "coord_source": "osm",
        "coord_accuracy": "high",
        "place_id": "osm:node/7119639261"
      }
    },
    {
      "type": "Feature",
      "id": "yoga-france-0267",
      "geometry": {
        "type": "Point",
        "coordinates": [
          9.522703,
          48.8032614
        ]
      },
      "properties": {
        "name": "Yoga Priya",
        "category": "Yoga",
        "icon": "🧘",
        "coord_source": "osm",
        "coord_accuracy": "high",
        "place_id": "osm:node/7125020989",
        "address": "25 Werderstraße 73614 Schorndorf",
        "url": "https://www.yogaundklang.info/"
      }
    },
    {
      "type": "Feature",
      "id": "yoga-france-0268",
      "geometry": {
        "type": "Point",
        "coordinates": [
          2.124897,
          41.3865899
        ]
      },
      "properties": {
        "name": "The Class BCN",
        "category": "Yoga",
        "icon": "🧘",
        "coord_source": "osm",
        "coord_accuracy": "high",
        "place_id": "osm:node/7126194189",
        "address": "46 Carrer de Sabino Arana 08028 Barcelona",
        "hours": "Mo-Fr 07:30-20:30",
        "phone": "+34 672 173 834"
      }
    },
    {
      "type": "Feature",
      "id": "yoga-france-0269",
      "geometry": {
        "type": "Point",
        "coordinates": [
          8.1279612,
          47.1800211
        ]
      },
      "properties": {
        "name": "Yoga mit Leichtigkeit",
        "category": "Yoga",
        "icon": "🧘",
        "coord_source": "osm",
        "coord_accuracy": "high",
        "place_id": "osm:node/7137119236",
        "address": "1a Parkstrasse 6214 Schenkon",
        "hours": "Mo 09:00-10:00,18:15-19:15; We 08:30-09:30; Th 08:30-09:30,16:00-16:45",
        "phone": "+41 76 349 14 11",
        "url": "https://yoga-mit-leichtigkeit.ch/"
      }
    },
    {
      "type": "Feature",
      "id": "yoga-france-0270",
      "geometry": {
        "type": "Point",
        "coordinates": [
          5.2357088,
          50.9966895
        ]
      },
      "properties": {
        "name": "You Yoga",
        "category": "Yoga",
        "icon": "🧘",
        "coord_source": "osm",
        "coord_accuracy": "high",
        "place_id": "osm:node/7143120316",
        "address": "6 Boterbosstraat 3550 Heusden-Zolder",
        "phone": "+32 493 40 99 63"
      }
    },
    {
      "type": "Feature",
      "id": "yoga-france-0271",
      "geometry": {
        "type": "Point",
        "coordinates": [
          9.2131761,
          45.6493153
        ]
      },
      "properties": {
        "name": "Centro yoga Sathyam",
        "category": "Yoga",
        "icon": "🧘",
        "coord_source": "osm",
        "coord_accuracy": "high",
        "place_id": "osm:node/7147458423",
        "address": "10 Via San Francesco d'Assisi 20831 Seregno",
        "hours": "Mo 09:30-11:00, 18:30-22:00; Tu-We, Fr 19:00-22:00; Th 20:00-21:30; Sa 09:30-11:00; Su 10:00-12:00",
        "url": "https://www.yogasatyam.it/"
      }
    },
    {
      "type": "Feature",
      "id": "yoga-france-0272",
      "geometry": {
        "type": "Point",
        "coordinates": [
          1.4426473,
          43.6009993
        ]
      },
      "properties": {
        "name": "Peacock Toulouse",
        "category": "Yoga",
        "icon": "🧘",
        "coord_source": "osm",
        "coord_accuracy": "high",
        "place_id": "osm:node/7149425176",
        "hours": "Mo 10:00-19:00;Tu-Fr 08:30-19:00;Sa 10:00-19:00;Su 11:00-16:00",
        "url": "https://peacock-toulouse.com/"
      }
    },
    {
      "type": "Feature",
      "id": "yoga-france-0273",
      "geometry": {
        "type": "Point",
        "coordinates": [
          8.5570662,
          47.3780054
        ]
      },
      "properties": {
        "name": "Yoga am Zürichberg",
        "category": "Yoga",
        "icon": "🧘",
        "coord_source": "osm",
        "coord_accuracy": "high",
        "place_id": "osm:node/7170221202"
      }
    },
    {
      "type": "Feature",
      "id": "yoga-france-0274",
      "geometry": {
        "type": "Point",
        "coordinates": [
          9.1154319,
          48.7263377
        ]
      },
      "properties": {
        "name": "Yoga-Ma",
        "category": "Yoga",
        "icon": "🧘",
        "coord_source": "osm",
        "coord_accuracy": "high",
        "place_id": "osm:node/7177437960",
        "address": "4 Schockenriedstraße 70565 Stuttgart",
        "url": "https://www.yoga-ma.com/"
      }
    },
    {
      "type": "Feature",
      "id": "yoga-france-0275",
      "geometry": {
        "type": "Point",
        "coordinates": [
          -2.4156694,
          43.2133565
        ]
      },
      "properties": {
        "name": "Enea",
        "category": "Yoga",
        "icon": "🧘",
        "coord_source": "osm",
        "coord_accuracy": "high",
        "place_id": "osm:node/7188358209"
      }
    },
    {
      "type": "Feature",
      "id": "yoga-france-0276",
      "geometry": {
        "type": "Point",
        "coordinates": [
          -0.5598205,
          47.4790994
        ]
      },
      "properties": {
        "name": "Yoga #276",
        "category": "Yoga",
        "icon": "🧘",
        "coord_source": "osm",
        "coord_accuracy": "high",
        "place_id": "osm:node/7211963108"
      }
    },
    {
      "type": "Feature",
      "id": "yoga-france-0277",
      "geometry": {
        "type": "Point",
        "coordinates": [
          6.8008498,
          50.9980452
        ]
      },
      "properties": {
        "name": "Yogatraum Pulheim",
        "category": "Yoga",
        "icon": "🧘",
        "coord_source": "osm",
        "coord_accuracy": "high",
        "place_id": "osm:node/7214131734",
        "phone": "+49 2238 4783544",
        "url": "https://www.yogatraum-pulheim.de/"
      }
    },
    {
      "type": "Feature",
      "id": "yoga-france-0278",
      "geometry": {
        "type": "Point",
        "coordinates": [
          5.4610086,
          43.5222995
        ]
      },
      "properties": {
        "name": "Yama",
        "category": "Yoga",
        "icon": "🧘",
        "coord_source": "osm",
        "coord_accuracy": "high",
        "place_id": "osm:node/7221248672",
        "address": "4 Rue Pierre de Coubertin 13100 Aix-en-Provence",
        "url": "https://www.yama-yoga.fr/"
      }
    },
    {
      "type": "Feature",
      "id": "yoga-france-0279",
      "geometry": {
        "type": "Point",
        "coordinates": [
          6.7865474,
          50.6625391
        ]
      },
      "properties": {
        "name": "Rosi-Yoga",
        "category": "Yoga",
        "icon": "🧘",
        "coord_source": "osm",
        "coord_accuracy": "high",
        "place_id": "osm:node/7227615525",
        "address": "14a Kirchwall 53879 Euskirchen",
        "phone": "+49 2251 129656",
        "url": "http://www.rosi-yoga.de/"
      }
    },
    {
      "type": "Feature",
      "id": "yoga-france-0280",
      "geometry": {
        "type": "Point",
        "coordinates": [
          1.2491181,
          44.8354625
        ]
      },
      "properties": {
        "name": "Shala Yoga",
        "category": "Yoga",
        "icon": "🧘",
        "coord_source": "osm",
        "coord_accuracy": "high",
        "place_id": "osm:node/7252983484"
      }
    },
    {
      "type": "Feature",
      "id": "yoga-france-0281",
      "geometry": {
        "type": "Point",
        "coordinates": [
          9.1694326,
          45.4593271
        ]
      },
      "properties": {
        "name": "Iyengar Yoga",
        "category": "Yoga",
        "icon": "🧘",
        "coord_source": "osm",
        "coord_accuracy": "high",
        "place_id": "osm:node/7253681955",
        "address": "3 Via Numa Pompilio 20123 Milano",
        "phone": "+390249662483",
        "url": "https://www.iyengaryogamilano.it/"
      }
    },
    {
      "type": "Feature",
      "id": "yoga-france-0282",
      "geometry": {
        "type": "Point",
        "coordinates": [
          9.1723987,
          45.4607655
        ]
      },
      "properties": {
        "name": "Nalu Yoga",
        "category": "Yoga",
        "icon": "🧘",
        "coord_source": "osm",
        "coord_accuracy": "high",
        "place_id": "osm:node/7253681957",
        "address": "11 Via Olona 20123 Milano",
        "phone": "+393801020864",
        "url": "https://www.nalumilano.com/"
      }
    },
    {
      "type": "Feature",
      "id": "yoga-france-0283",
      "geometry": {
        "type": "Point",
        "coordinates": [
          8.3202658,
          49.2225068
        ]
      },
      "properties": {
        "name": "Yoga Surya",
        "category": "Yoga",
        "icon": "🧘",
        "coord_source": "osm",
        "coord_accuracy": "high",
        "place_id": "osm:node/7274282207",
        "url": "https://www.yogasurya-holzmuehle.de"
      }
    },
    {
      "type": "Feature",
      "id": "yoga-france-0284",
      "geometry": {
        "type": "Point",
        "coordinates": [
          8.0328046,
          48.6040914
        ]
      },
      "properties": {
        "name": "Joachim Bär Yoga und Coaching",
        "category": "Yoga",
        "icon": "🧘",
        "coord_source": "osm",
        "coord_accuracy": "high",
        "place_id": "osm:node/7318442419",
        "address": "6 Im Katzenfeld 77855 Achern",
        "phone": "+49 7841 270694",
        "url": "https://yoga-akademie-baden.de"
      }
    },
    {
      "type": "Feature",
      "id": "yoga-france-0285",
      "geometry": {
        "type": "Point",
        "coordinates": [
          6.9485327,
          50.959913
        ]
      },
      "properties": {
        "name": "Yoga Room Cologne",
        "category": "Yoga",
        "icon": "🧘",
        "coord_source": "osm",
        "coord_accuracy": "high",
        "place_id": "osm:node/7367855122",
        "url": "https://yogaroom.cologne"
      }
    },
    {
      "type": "Feature",
      "id": "yoga-france-0286",
      "geometry": {
        "type": "Point",
        "coordinates": [
          6.0468069,
          48.6346602
        ]
      },
      "properties": {
        "name": "Hatha Yogarmonie",
        "category": "Yoga",
        "icon": "🧘",
        "coord_source": "osm",
        "coord_accuracy": "high",
        "place_id": "osm:node/7376334358",
        "address": "7",
        "phone": "+33 6 78423094",
        "url": "https://hatha-yogarmonie.blogspot.com"
      }
    },
    {
      "type": "Feature",
      "id": "yoga-france-0287",
      "geometry": {
        "type": "Point",
        "coordinates": [
          5.432083,
          43.3210392
        ]
      },
      "properties": {
        "name": "Yoga #287",
        "category": "Yoga",
        "icon": "🧘",
        "coord_source": "osm",
        "coord_accuracy": "high",
        "place_id": "osm:node/7409944109"
      }
    },
    {
      "type": "Feature",
      "id": "yoga-france-0288",
      "geometry": {
        "type": "Point",
        "coordinates": [
          8.3301544,
          49.9210288
        ]
      },
      "properties": {
        "name": "Yadajeena OHG",
        "category": "Yoga",
        "icon": "🧘",
        "coord_source": "osm",
        "coord_accuracy": "high",
        "place_id": "osm:node/7417122114",
        "address": "147 Mainzer Straße 55299 Nackenheim",
        "hours": "\"Nach Vereinbarung\"",
        "phone": "+49 172 6775322",
        "url": "https://www.yadajeena.de"
      }
    },
    {
      "type": "Feature",
      "id": "yoga-france-0289",
      "geometry": {
        "type": "Point",
        "coordinates": [
          8.2654275,
          49.9969923
        ]
      },
      "properties": {
        "name": "Hatha Vinyasa Parampara Yoga",
        "category": "Yoga",
        "icon": "🧘",
        "coord_source": "osm",
        "coord_accuracy": "high",
        "place_id": "osm:node/7469491725",
        "phone": "+49 15233563112",
        "url": "https://hathavinyasa.de/"
      }
    },
    {
      "type": "Feature",
      "id": "yoga-france-0290",
      "geometry": {
        "type": "Point",
        "coordinates": [
          -3.8122226,
          43.4638637
        ]
      },
      "properties": {
        "name": "Escuela de Yoga Tradiciona",
        "category": "Yoga",
        "icon": "🧘",
        "coord_source": "osm",
        "coord_accuracy": "high",
        "place_id": "osm:node/7470162397",
        "address": "8 Calle Los Acebedos 39001 Santander",
        "phone": "+34 606 54 72 49"
      }
    },
    {
      "type": "Feature",
      "id": "yoga-france-0291",
      "geometry": {
        "type": "Point",
        "coordinates": [
          -0.3762861,
          43.3026058
        ]
      },
      "properties": {
        "name": "Studio de Yoga Iyengar de Pau",
        "category": "Yoga",
        "icon": "🧘",
        "coord_source": "osm",
        "coord_accuracy": "high",
        "place_id": "osm:node/7472331273",
        "phone": "+33 6 17 46 24 63",
        "url": "https://www.studioyogaiyengarpau.fr/"
      }
    },
    {
      "type": "Feature",
      "id": "yoga-france-0292",
      "geometry": {
        "type": "Point",
        "coordinates": [
          2.3247668,
          48.8356582
        ]
      },
      "properties": {
        "name": "Le temps du yoga",
        "category": "Yoga",
        "icon": "🧘",
        "coord_source": "osm",
        "coord_accuracy": "high",
        "place_id": "osm:node/7472967287"
      }
    },
    {
      "type": "Feature",
      "id": "yoga-france-0293",
      "geometry": {
        "type": "Point",
        "coordinates": [
          9.277061,
          49.8529144
        ]
      },
      "properties": {
        "name": "Mahadevi Yoga",
        "category": "Yoga",
        "icon": "🧘",
        "coord_source": "osm",
        "coord_accuracy": "high",
        "place_id": "osm:node/7473810175",
        "address": "72 Bayernstraße 63863 Eschau",
        "url": "https://www.mahadevi-yoga.de"
      }
    },
    {
      "type": "Feature",
      "id": "yoga-france-0294",
      "geometry": {
        "type": "Point",
        "coordinates": [
          9.3757633,
          47.4274307
        ]
      },
      "properties": {
        "name": "Bubble Yoga",
        "category": "Yoga",
        "icon": "🧘",
        "coord_source": "osm",
        "coord_accuracy": "high",
        "place_id": "osm:node/7503475148"
      }
    },
    {
      "type": "Feature",
      "id": "yoga-france-0295",
      "geometry": {
        "type": "Point",
        "coordinates": [
          9.1240771,
          48.9596316
        ]
      },
      "properties": {
        "name": "yoga mit Petra",
        "category": "Yoga",
        "icon": "🧘",
        "coord_source": "osm",
        "coord_accuracy": "high",
        "place_id": "osm:node/7522482739"
      }
    },
    {
      "type": "Feature",
      "id": "yoga-france-0296",
      "geometry": {
        "type": "Point",
        "coordinates": [
          7.1964156,
          50.9197177
        ]
      },
      "properties": {
        "name": "Fit mit BEA",
        "category": "Yoga",
        "icon": "🧘",
        "coord_source": "osm",
        "coord_accuracy": "high",
        "place_id": "osm:node/7542370990",
        "url": "http://www.fit-mit-bea.de"
      }
    },
    {
      "type": "Feature",
      "id": "yoga-france-0297",
      "geometry": {
        "type": "Point",
        "coordinates": [
          2.2003156,
          41.4012263
        ]
      },
      "properties": {
        "name": "Happyyoga",
        "category": "Yoga",
        "icon": "🧘",
        "coord_source": "osm",
        "coord_accuracy": "high",
        "place_id": "osm:node/7556742487"
      }
    },
    {
      "type": "Feature",
      "id": "yoga-france-0298",
      "geometry": {
        "type": "Point",
        "coordinates": [
          4.0394257,
          49.2528644
        ]
      },
      "properties": {
        "name": "L'Atelier du Bien être",
        "category": "Yoga",
        "icon": "🧘",
        "coord_source": "osm",
        "coord_accuracy": "high",
        "place_id": "osm:node/7559366859",
        "phone": "+33 6 81 56 57 14"
      }
    },
    {
      "type": "Feature",
      "id": "yoga-france-0299",
      "geometry": {
        "type": "Point",
        "coordinates": [
          8.7300721,
          47.5083108
        ]
      },
      "properties": {
        "name": "Zanana Living",
        "category": "Yoga",
        "icon": "🧘",
        "coord_source": "osm",
        "coord_accuracy": "high",
        "place_id": "osm:node/7559606224",
        "address": "67 Rychenbergstrasse 8400 Winterthur",
        "url": "https://www.zanana-living.ch/"
      }
    },
    {
      "type": "Feature",
      "id": "yoga-france-0300",
      "geometry": {
        "type": "Point",
        "coordinates": [
          2.2002302,
          41.4019992
        ]
      },
      "properties": {
        "name": "Mou-te",
        "category": "Yoga",
        "icon": "🧘",
        "coord_source": "osm",
        "coord_accuracy": "high",
        "place_id": "osm:node/7563925209"
      }
    },
    {
      "type": "Feature",
      "id": "yoga-france-0301",
      "geometry": {
        "type": "Point",
        "coordinates": [
          8.3618864,
          49.6359292
        ]
      },
      "properties": {
        "name": "Do More Yoga",
        "category": "Yoga",
        "icon": "🧘",
        "coord_source": "osm",
        "coord_accuracy": "high",
        "place_id": "osm:node/7629110096"
      }
    },
    {
      "type": "Feature",
      "id": "yoga-france-0302",
      "geometry": {
        "type": "Point",
        "coordinates": [
          -1.1638058,
          44.3950864
        ]
      },
      "properties": {
        "name": "Yoga Biscarrosse",
        "category": "Yoga",
        "icon": "🧘",
        "coord_source": "osm",
        "coord_accuracy": "high",
        "place_id": "osm:node/7649849158",
        "address": "236 Avenue Alphonse Daudet 40600 Biscarrosse",
        "phone": "+33 6 52 73 94 44",
        "url": "https://www.yogabiscarrosse.com/"
      }
    },
    {
      "type": "Feature",
      "id": "yoga-france-0303",
      "geometry": {
        "type": "Point",
        "coordinates": [
          7.1023736,
          50.9876721
        ]
      },
      "properties": {
        "name": "Yoga Sukha",
        "category": "Yoga",
        "icon": "🧘",
        "coord_source": "osm",
        "coord_accuracy": "high",
        "place_id": "osm:node/7650196592",
        "address": "45 Hermann-Löns-Straße 51469 Bergisch Gladbach",
        "phone": "+49 2202 961741"
      }
    },
    {
      "type": "Feature",
      "id": "yoga-france-0304",
      "geometry": {
        "type": "Point",
        "coordinates": [
          9.214711,
          45.439366
        ]
      },
      "properties": {
        "name": "Personal Health Training",
        "category": "Yoga",
        "icon": "🧘",
        "coord_source": "osm",
        "coord_accuracy": "high",
        "place_id": "osm:node/7661223556",
        "address": "14 Via Arcivescovo Romilli 20139 Milano",
        "phone": "+39 3519880750",
        "url": "https://www.mypersonalhealthtraining.com"
      }
    },
    {
      "type": "Feature",
      "id": "yoga-france-0305",
      "geometry": {
        "type": "Point",
        "coordinates": [
          6.9471848,
          50.9335583
        ]
      },
      "properties": {
        "name": "CK Body",
        "category": "Yoga",
        "icon": "🧘",
        "coord_source": "osm",
        "coord_accuracy": "high",
        "place_id": "osm:node/7671840259"
      }
    },
    {
      "type": "Feature",
      "id": "yoga-france-0306",
      "geometry": {
        "type": "Point",
        "coordinates": [
          3.2789229,
          48.1986601
        ]
      },
      "properties": {
        "name": "Nymphea",
        "category": "Yoga",
        "icon": "🧘",
        "coord_source": "osm",
        "coord_accuracy": "high",
        "place_id": "osm:node/7684585203",
        "phone": "+33 7 85 82 42 84",
        "url": "https://nympheayoga.com/"
      }
    },
    {
      "type": "Feature",
      "id": "yoga-france-0307",
      "geometry": {
        "type": "Point",
        "coordinates": [
          -1.6865113,
          48.117959
        ]
      },
      "properties": {
        "name": "Yoga Shala",
        "category": "Yoga",
        "icon": "🧘",
        "coord_source": "osm",
        "coord_accuracy": "high",
        "place_id": "osm:node/7685474428",
        "url": "https://yogashalarennes.fr/"
      }
    },
    {
      "type": "Feature",
      "id": "yoga-france-0308",
      "geometry": {
        "type": "Point",
        "coordinates": [
          -1.6592822,
          50.7510299
        ]
      },
      "properties": {
        "name": "The Amethyst Cave",
        "category": "Yoga",
        "icon": "🧘",
        "coord_source": "osm",
        "coord_accuracy": "high",
        "place_id": "osm:node/7713525971"
      }
    },
    {
      "type": "Feature",
      "id": "yoga-france-0309",
      "geometry": {
        "type": "Point",
        "coordinates": [
          9.1917807,
          48.8967574
        ]
      },
      "properties": {
        "name": "Yogablume",
        "category": "Yoga",
        "icon": "🧘",
        "coord_source": "osm",
        "coord_accuracy": "high",
        "place_id": "osm:node/7723286118",
        "address": "4 Obere Marktstraße 71634 Ludwigsburg",
        "phone": "+49 7141 6850120",
        "url": "https://www.yogablume.com/kontakt/"
      }
    },
    {
      "type": "Feature",
      "id": "yoga-france-0310",
      "geometry": {
        "type": "Point",
        "coordinates": [
          9.1294921,
          48.9598743
        ]
      },
      "properties": {
        "name": "Yoga mit Petra",
        "category": "Yoga",
        "icon": "🧘",
        "coord_source": "osm",
        "coord_accuracy": "high",
        "place_id": "osm:node/7723294037",
        "address": "8 Hauptstraße 74321 Bietigheim-Bissingen",
        "phone": "+49 173 8757001",
        "url": "https://www.yogamitpetra.de"
      }
    },
    {
      "type": "Feature",
      "id": "yoga-france-0311",
      "geometry": {
        "type": "Point",
        "coordinates": [
          8.732423,
          50.1362168
        ]
      },
      "properties": {
        "name": "Yoga Love Garden",
        "category": "Yoga",
        "icon": "🧘",
        "coord_source": "osm",
        "coord_accuracy": "high",
        "place_id": "osm:node/7730616210",
        "phone": "+49 176 31765478",
        "url": "https://www.deryoga.eu/"
      }
    },
    {
      "type": "Feature",
      "id": "yoga-france-0312",
      "geometry": {
        "type": "Point",
        "coordinates": [
          3.1595785,
          50.6245395
        ]
      },
      "properties": {
        "name": "Yoga holi",
        "category": "Yoga",
        "icon": "🧘",
        "coord_source": "osm",
        "coord_accuracy": "high",
        "place_id": "osm:node/7756161339",
        "address": "1 Rue de l'Attelage 59493 Villeneuve-d'Ascq",
        "hours": "Mo 09:00-21:00; Tu 09:00-21:00; We 09:00-20:00; Th 09:00-21:00; Fr 09:00-20:00; Sa 09:00-12:30; Su 09:00-12:30,17:30-19:30"
      }
    },
    {
      "type": "Feature",
      "id": "yoga-france-0313",
      "geometry": {
        "type": "Point",
        "coordinates": [
          8.2626095,
          50.0076093
        ]
      },
      "properties": {
        "name": "Moya Yoga",
        "category": "Yoga",
        "icon": "🧘",
        "coord_source": "osm",
        "coord_accuracy": "high",
        "place_id": "osm:node/7875397878",
        "address": "59 Frauenlobstraße 55118 Mainz"
      }
    },
    {
      "type": "Feature",
      "id": "yoga-france-0314",
      "geometry": {
        "type": "Point",
        "coordinates": [
          6.1795801,
          49.1180964
        ]
      },
      "properties": {
        "name": "Studio Yoga",
        "category": "Yoga",
        "icon": "🧘",
        "coord_source": "osm",
        "coord_accuracy": "high",
        "place_id": "osm:node/7897020391"
      }
    },
    {
      "type": "Feature",
      "id": "yoga-france-0315",
      "geometry": {
        "type": "Point",
        "coordinates": [
          9.413929,
          47.6700742
        ]
      },
      "properties": {
        "name": "Businessyoga Bodensee",
        "category": "Yoga",
        "icon": "🧘",
        "coord_source": "osm",
        "coord_accuracy": "high",
        "place_id": "osm:node/7948692637",
        "phone": "+49 7545 901199",
        "url": "https://business-yoga-bodensee.de/"
      }
    },
    {
      "type": "Feature",
      "id": "yoga-france-0316",
      "geometry": {
        "type": "Point",
        "coordinates": [
          6.3150506,
          46.7537892
        ]
      },
      "properties": {
        "name": "Le Yoga d'Émilie",
        "category": "Yoga",
        "icon": "🧘",
        "coord_source": "osm",
        "coord_accuracy": "high",
        "place_id": "osm:node/7948982264",
        "address": "47 Rue du Bief Blanc",
        "hours": "Mo 17:45-19:15; Tu 09:00-19:00; We 18:00-19:15; Th 09:00-18:00",
        "phone": "+33 6 09 60 14 77"
      }
    },
    {
      "type": "Feature",
      "id": "yoga-france-0317",
      "geometry": {
        "type": "Point",
        "coordinates": [
          9.1279946,
          49.8336501
        ]
      },
      "properties": {
        "name": "Yoga-Mitte & more",
        "category": "Yoga",
        "icon": "🧘",
        "coord_source": "osm",
        "coord_accuracy": "high",
        "place_id": "osm:node/7956097138",
        "address": "1 Ottostraße 63785 Obernburg am Main",
        "phone": "+49 172 2825186",
        "url": "https://www.yoga-mitte-more.de"
      }
    },
    {
      "type": "Feature",
      "id": "yoga-france-0318",
      "geometry": {
        "type": "Point",
        "coordinates": [
          6.9618439,
          50.9275958
        ]
      },
      "properties": {
        "name": "Ginger Up",
        "category": "Yoga",
        "icon": "🧘",
        "coord_source": "osm",
        "coord_accuracy": "high",
        "place_id": "osm:node/8004574885",
        "address": "3a Seyengasse 50678 Köln",
        "phone": "+49 221 16863390",
        "url": "https://gingerup.de"
      }
    },
    {
      "type": "Feature",
      "id": "yoga-france-0319",
      "geometry": {
        "type": "Point",
        "coordinates": [
          2.371349,
          48.8323797
        ]
      },
      "properties": {
        "name": "Core Yoga",
        "category": "Yoga",
        "icon": "🧘",
        "coord_source": "osm",
        "coord_accuracy": "high",
        "place_id": "osm:node/8025496115",
        "url": "https://www.coreyogaparis.com/"
      }
    },
    {
      "type": "Feature",
      "id": "yoga-france-0320",
      "geometry": {
        "type": "Point",
        "coordinates": [
          6.8296173,
          50.6546681
        ]
      },
      "properties": {
        "name": "Raum im Wandel",
        "category": "Yoga",
        "icon": "🧘",
        "coord_source": "osm",
        "coord_accuracy": "high",
        "place_id": "osm:node/8038796217",
        "address": "21 Bachstraße 53881 Euskirchen",
        "phone": "+49 2251 9175996",
        "url": "https://www.raum-im-wandel.de/"
      }
    },
    {
      "type": "Feature",
      "id": "yoga-france-0321",
      "geometry": {
        "type": "Point",
        "coordinates": [
          6.9384764,
          50.9244634
        ]
      },
      "properties": {
        "name": "A place like Om",
        "category": "Yoga",
        "icon": "🧘",
        "coord_source": "osm",
        "coord_accuracy": "high",
        "place_id": "osm:node/8084305309",
        "address": "44 Eifelwall 50674 Köln",
        "hours": "\"nach Vereinbarung\"",
        "url": "https://aplacelikeom.de/"
      }
    },
    {
      "type": "Feature",
      "id": "yoga-france-0322",
      "geometry": {
        "type": "Point",
        "coordinates": [
          5.608285,
          43.2059075
        ]
      },
      "properties": {
        "name": "Shambaya",
        "category": "Yoga",
        "icon": "🧘",
        "coord_source": "osm",
        "coord_accuracy": "high",
        "place_id": "osm:node/8090646491",
        "address": "260 Voie Atlas 13600 La Ciotat"
      }
    },
    {
      "type": "Feature",
      "id": "yoga-france-0323",
      "geometry": {
        "type": "Point",
        "coordinates": [
          4.8349262,
          45.7668904
        ]
      },
      "properties": {
        "name": "Yoga Korner",
        "category": "Yoga",
        "icon": "🧘",
        "coord_source": "osm",
        "coord_accuracy": "high",
        "place_id": "osm:node/8114540430",
        "hours": "Mo-Su 10:00-19:00",
        "phone": "+33426006294",
        "url": "https://yogakorner.fr/"
      }
    },
    {
      "type": "Feature",
      "id": "yoga-france-0324",
      "geometry": {
        "type": "Point",
        "coordinates": [
          4.8245857,
          45.767255
        ]
      },
      "properties": {
        "name": "Saône et Soi",
        "category": "Yoga",
        "icon": "🧘",
        "coord_source": "osm",
        "coord_accuracy": "high",
        "place_id": "osm:node/8118959755",
        "url": "http://saone-et-soi.fr"
      }
    },
    {
      "type": "Feature",
      "id": "yoga-france-0325",
      "geometry": {
        "type": "Point",
        "coordinates": [
          4.8440963,
          45.7617636
        ]
      },
      "properties": {
        "name": "Tiny Yoga Club",
        "category": "Yoga",
        "icon": "🧘",
        "coord_source": "osm",
        "coord_accuracy": "high",
        "place_id": "osm:node/8151750855",
        "url": "https://www.tiny-studio.co/"
      }
    },
    {
      "type": "Feature",
      "id": "yoga-france-0326",
      "geometry": {
        "type": "Point",
        "coordinates": [
          5.0242195,
          47.308689
        ]
      },
      "properties": {
        "name": "Le centre",
        "category": "Yoga",
        "icon": "🧘",
        "coord_source": "osm",
        "coord_accuracy": "high",
        "place_id": "osm:node/8194478179",
        "url": "https://www.lecentre-dijon.fr/"
      }
    },
    {
      "type": "Feature",
      "id": "yoga-france-0327",
      "geometry": {
        "type": "Point",
        "coordinates": [
          -3.6995998,
          42.3416182
        ]
      },
      "properties": {
        "name": "La Casa del Árbol",
        "category": "Yoga",
        "icon": "🧘",
        "coord_source": "osm",
        "coord_accuracy": "high",
        "place_id": "osm:node/8230553091",
        "address": "11 Plaza de La Libertad",
        "phone": "+34 678 81 08 43;+34 620 25 66 07",
        "url": "https://yogalacasadelarbol.com/"
      }
    },
    {
      "type": "Feature",
      "id": "yoga-france-0328",
      "geometry": {
        "type": "Point",
        "coordinates": [
          -0.651962,
          44.8844156
        ]
      },
      "properties": {
        "name": "Centre Ayurveda d’Aquitaine",
        "category": "Yoga",
        "icon": "🧘",
        "coord_source": "osm",
        "coord_accuracy": "high",
        "place_id": "osm:node/8230871334",
        "address": "3 Rue Gabriel Moussa 33320 Eysines",
        "url": "https://www.massages-ayurvedique.com/"
      }
    },
    {
      "type": "Feature",
      "id": "yoga-france-0329",
      "geometry": {
        "type": "Point",
        "coordinates": [
          9.0602854,
          48.514646
        ]
      },
      "properties": {
        "name": "Der Yogasalon",
        "category": "Yoga",
        "icon": "🧘",
        "coord_source": "osm",
        "coord_accuracy": "high",
        "place_id": "osm:node/8243187559",
        "address": "10 Christophstraße 72072 Tübingen",
        "phone": "+49 7071 3071950",
        "url": "https://yogasalon-tuebingen.de"
      }
    },
    {
      "type": "Feature",
      "id": "yoga-france-0330",
      "geometry": {
        "type": "Point",
        "coordinates": [
          7.9636018,
          48.0923982
        ]
      },
      "properties": {
        "name": "Institut für Yoga und Ayurveda",
        "category": "Yoga",
        "icon": "🧘",
        "coord_source": "osm",
        "coord_accuracy": "high",
        "place_id": "osm:node/8248778600",
        "url": "https://yoga-schwarzwald.de/"
      }
    },
    {
      "type": "Feature",
      "id": "yoga-france-0331",
      "geometry": {
        "type": "Point",
        "coordinates": [
          7.2826973,
          47.7363397
        ]
      },
      "properties": {
        "name": "Yoga origins",
        "category": "Yoga",
        "icon": "🧘",
        "coord_source": "osm",
        "coord_accuracy": "high",
        "place_id": "osm:node/8252503684"
      }
    },
    {
      "type": "Feature",
      "id": "yoga-france-0332",
      "geometry": {
        "type": "Point",
        "coordinates": [
          4.8389474,
          45.7497316
        ]
      },
      "properties": {
        "name": "Sesam",
        "category": "Yoga",
        "icon": "🧘",
        "coord_source": "osm",
        "coord_accuracy": "high",
        "place_id": "osm:node/8259779617",
        "hours": "\"Dépend des horaires de cours\""
      }
    },
    {
      "type": "Feature",
      "id": "yoga-france-0333",
      "geometry": {
        "type": "Point",
        "coordinates": [
          8.9020266,
          47.5500409
        ]
      },
      "properties": {
        "name": "Yoga Anjali",
        "category": "Yoga",
        "icon": "🧘",
        "coord_source": "osm",
        "coord_accuracy": "high",
        "place_id": "osm:node/8286289297",
        "address": "77a Schwalbenweg 8500 Frauenfeld",
        "url": "https://www.yoga-anjali.ch/"
      }
    },
    {
      "type": "Feature",
      "id": "yoga-france-0334",
      "geometry": {
        "type": "Point",
        "coordinates": [
          4.8444848,
          45.7515265
        ]
      },
      "properties": {
        "name": "Oblique",
        "category": "Yoga",
        "icon": "🧘",
        "coord_source": "osm",
        "coord_accuracy": "high",
        "place_id": "osm:node/8290649817",
        "hours": "\"Agenda suivant les cours\""
      }
    },
    {
      "type": "Feature",
      "id": "yoga-france-0335",
      "geometry": {
        "type": "Point",
        "coordinates": [
          2.3745858,
          48.8682797
        ]
      },
      "properties": {
        "name": "Yoga vision",
        "category": "Yoga",
        "icon": "🧘",
        "coord_source": "osm",
        "coord_accuracy": "high",
        "place_id": "osm:node/8306561078",
        "url": "https://www.yoga-vision.org/"
      }
    },
    {
      "type": "Feature",
      "id": "yoga-france-0336",
      "geometry": {
        "type": "Point",
        "coordinates": [
          3.06365,
          50.8917674
        ]
      },
      "properties": {
        "name": "Zen & Zo",
        "category": "Yoga",
        "icon": "🧘",
        "coord_source": "osm",
        "coord_accuracy": "high",
        "place_id": "osm:node/8319186843",
        "address": "2 Poststraat 8890 Moorslede"
      }
    },
    {
      "type": "Feature",
      "id": "yoga-france-0337",
      "geometry": {
        "type": "Point",
        "coordinates": [
          6.8443798,
          46.4669651
        ]
      },
      "properties": {
        "name": "Terre d’Eveil",
        "category": "Yoga",
        "icon": "🧘",
        "coord_source": "osm",
        "coord_accuracy": "high",
        "place_id": "osm:node/8330017354",
        "url": "https://www.terredeveil.ch/"
      }
    },
    {
      "type": "Feature",
      "id": "yoga-france-0338",
      "geometry": {
        "type": "Point",
        "coordinates": [
          8.4489078,
          50.1374351
        ]
      },
      "properties": {
        "name": "Yogaraum Kelkheim",
        "category": "Yoga",
        "icon": "🧘",
        "coord_source": "osm",
        "coord_accuracy": "high",
        "place_id": "osm:node/8338597981",
        "address": "6 Friedrichstraße 65779 Kelkheim",
        "hours": "\"Nach Vereinbarung\"",
        "url": "http://yogaraum-kelkheim.de/"
      }
    },
    {
      "type": "Feature",
      "id": "yoga-france-0339",
      "geometry": {
        "type": "Point",
        "coordinates": [
          6.8424508,
          46.4683945
        ]
      },
      "properties": {
        "name": "Pilates25",
        "category": "Yoga",
        "icon": "🧘",
        "coord_source": "osm",
        "coord_accuracy": "high",
        "place_id": "osm:node/8343292846",
        "url": "https://www.pilates25.ch/"
      }
    },
    {
      "type": "Feature",
      "id": "yoga-france-0340",
      "geometry": {
        "type": "Point",
        "coordinates": [
          6.8444427,
          46.4669389
        ]
      },
      "properties": {
        "name": "Terre du Yoga",
        "category": "Yoga",
        "icon": "🧘",
        "coord_source": "osm",
        "coord_accuracy": "high",
        "place_id": "osm:node/8343339322",
        "url": "https://terreduyoga.com/"
      }
    },
    {
      "type": "Feature",
      "id": "yoga-france-0341",
      "geometry": {
        "type": "Point",
        "coordinates": [
          4.8499841,
          45.833371
        ]
      },
      "properties": {
        "name": "Yoga #341",
        "category": "Yoga",
        "icon": "🧘",
        "coord_source": "osm",
        "coord_accuracy": "high",
        "place_id": "osm:node/8368118971"
      }
    },
    {
      "type": "Feature",
      "id": "yoga-france-0342",
      "geometry": {
        "type": "Point",
        "coordinates": [
          7.5772047,
          44.2008855
        ]
      },
      "properties": {
        "name": "Harmonia",
        "category": "Yoga",
        "icon": "🧘",
        "coord_source": "osm",
        "coord_accuracy": "high",
        "place_id": "osm:node/8384629847",
        "address": "39 Via Venti Settembre 12015"
      }
    },
    {
      "type": "Feature",
      "id": "yoga-france-0343",
      "geometry": {
        "type": "Point",
        "coordinates": [
          8.851158,
          48.2715277
        ]
      },
      "properties": {
        "name": "Yogastudio Gabriele Gatzweiler",
        "category": "Yoga",
        "icon": "🧘",
        "coord_source": "osm",
        "coord_accuracy": "high",
        "place_id": "osm:node/8391849310",
        "phone": "+49 7433 907480"
      }
    },
    {
      "type": "Feature",
      "id": "yoga-france-0344",
      "geometry": {
        "type": "Point",
        "coordinates": [
          1.6445633,
          41.5411721
        ]
      },
      "properties": {
        "name": "Can Llop",
        "category": "Yoga",
        "icon": "🧘",
        "coord_source": "osm",
        "coord_accuracy": "high",
        "place_id": "osm:node/8396616944"
      }
    },
    {
      "type": "Feature",
      "id": "yoga-france-0345",
      "geometry": {
        "type": "Point",
        "coordinates": [
          2.4174221,
          48.8923664
        ]
      },
      "properties": {
        "name": "Yoga FlowInLife Pantin",
        "category": "Yoga",
        "icon": "🧘",
        "coord_source": "osm",
        "coord_accuracy": "high",
        "place_id": "osm:node/8402135867",
        "address": "9 Rue François Arago 93500 Pantin",
        "phone": "+33 7 67 57 93 58",
        "url": "https://www.yogaflowinlife.com/"
      }
    },
    {
      "type": "Feature",
      "id": "yoga-france-0346",
      "geometry": {
        "type": "Point",
        "coordinates": [
          8.6887828,
          49.4229071
        ]
      },
      "properties": {
        "name": "Anahata Yoga",
        "category": "Yoga",
        "icon": "🧘",
        "coord_source": "osm",
        "coord_accuracy": "high",
        "place_id": "osm:node/8422798143",
        "phone": "+49 171 4509409",
        "url": "https://anahatayogaheidelberg.com/"
      }
    },
    {
      "type": "Feature",
      "id": "yoga-france-0347",
      "geometry": {
        "type": "Point",
        "coordinates": [
          8.0476518,
          47.4165114
        ]
      },
      "properties": {
        "name": "Pilates Pilates Pilates",
        "category": "Yoga",
        "icon": "🧘",
        "coord_source": "osm",
        "coord_accuracy": "high",
        "place_id": "osm:node/8440146757"
      }
    },
    {
      "type": "Feature",
      "id": "yoga-france-0348",
      "geometry": {
        "type": "Point",
        "coordinates": [
          7.1946287,
          47.2225106
        ]
      },
      "properties": {
        "name": "SHIATSU Dominique Schild",
        "category": "Yoga",
        "icon": "🧘",
        "coord_source": "osm",
        "coord_accuracy": "high",
        "place_id": "osm:node/8455248036",
        "url": "https://www.shiatsu-tavannes.ch/"
      }
    },
    {
      "type": "Feature",
      "id": "yoga-france-0349",
      "geometry": {
        "type": "Point",
        "coordinates": [
          4.075536,
          43.5608496
        ]
      },
      "properties": {
        "name": "Studio Effet Yoga",
        "category": "Yoga",
        "icon": "🧘",
        "coord_source": "osm",
        "coord_accuracy": "high",
        "place_id": "osm:node/8467825621",
        "address": "149 Rue des Artisans 34280 La Grande-Motte",
        "phone": "+33 6 59 39 91 63",
        "url": "https://effet-yoga.fr/"
      }
    },
    {
      "type": "Feature",
      "id": "yoga-france-0350",
      "geometry": {
        "type": "Point",
        "coordinates": [
          3.9997545,
          43.9083936
        ]
      },
      "properties": {
        "name": "Salle Sadhana",
        "category": "Yoga",
        "icon": "🧘",
        "coord_source": "osm",
        "coord_accuracy": "high",
        "place_id": "osm:node/8493490961",
        "phone": "+33646839023"
      }
    },
    {
      "type": "Feature",
      "id": "yoga-france-0351",
      "geometry": {
        "type": "Point",
        "coordinates": [
          -1.6544153,
          48.094406
        ]
      },
      "properties": {
        "name": "Association Ananda",
        "category": "Yoga",
        "icon": "🧘",
        "coord_source": "osm",
        "coord_accuracy": "high",
        "place_id": "osm:node/8498122328",
        "address": "16 Rue Blaise Pascal 35200 Rennes",
        "url": "https://www.yoga-inspiration-tibetaine-rennes.com/location-salle"
      }
    },
    {
      "type": "Feature",
      "id": "yoga-france-0352",
      "geometry": {
        "type": "Point",
        "coordinates": [
          -1.3814674,
          43.6701469
        ]
      },
      "properties": {
        "name": "Mana Yoga Center",
        "category": "Yoga",
        "icon": "🧘",
        "coord_source": "osm",
        "coord_accuracy": "high",
        "place_id": "osm:node/8506547454",
        "address": "455 Avenue de Pascouaou 40150 Soorts-Hossegor",
        "phone": "+33671028003",
        "url": "https://manayogacenter.com/"
      }
    },
    {
      "type": "Feature",
      "id": "yoga-france-0353",
      "geometry": {
        "type": "Point",
        "coordinates": [
          -1.3833267,
          43.6691245
        ]
      },
      "properties": {
        "name": "Yoga bikram",
        "category": "Yoga",
        "icon": "🧘",
        "coord_source": "osm",
        "coord_accuracy": "high",
        "place_id": "osm:node/8524825492",
        "address": "407 Avenue de la Tuilerie 40150 Soorts-Hossegor",
        "phone": "+33970359277",
        "url": "https://www.yogabikramhossegor.fr/"
      }
    },
    {
      "type": "Feature",
      "id": "yoga-france-0354",
      "geometry": {
        "type": "Point",
        "coordinates": [
          -1.395155,
          43.6643298
        ]
      },
      "properties": {
        "name": "Whisper Yoga",
        "category": "Yoga",
        "icon": "🧘",
        "coord_source": "osm",
        "coord_accuracy": "high",
        "place_id": "osm:node/8524874187",
        "address": "19 Avenue du Centre 40150 Soorts-Hossegor",
        "phone": "+33611187123",
        "url": "https://www.whisperyoga.fr"
      }
    },
    {
      "type": "Feature",
      "id": "yoga-france-0355",
      "geometry": {
        "type": "Point",
        "coordinates": [
          2.2535471,
          48.9126635
        ]
      },
      "properties": {
        "name": "Sensa",
        "category": "Yoga",
        "icon": "🧘",
        "coord_source": "osm",
        "coord_accuracy": "high",
        "place_id": "osm:node/8532210831"
      }
    },
    {
      "type": "Feature",
      "id": "yoga-france-0356",
      "geometry": {
        "type": "Point",
        "coordinates": [
          2.1671289,
          41.4380588
        ]
      },
      "properties": {
        "name": "Camino al Bienestar",
        "category": "Yoga",
        "icon": "🧘",
        "coord_source": "osm",
        "coord_accuracy": "high",
        "place_id": "osm:node/8544879041"
      }
    },
    {
      "type": "Feature",
      "id": "yoga-france-0357",
      "geometry": {
        "type": "Point",
        "coordinates": [
          1.9012177,
          47.8648608
        ]
      },
      "properties": {
        "name": "Charlotte Grodet Yoga",
        "category": "Yoga",
        "icon": "🧘",
        "coord_source": "osm",
        "coord_accuracy": "high",
        "place_id": "osm:node/8589534694",
        "address": "307 Rue Marcel Belot 45160 Olivet",
        "phone": "+33 6 58 57 95 92",
        "url": "https://naturopathieyoga.fr"
      }
    },
    {
      "type": "Feature",
      "id": "yoga-france-0358",
      "geometry": {
        "type": "Point",
        "coordinates": [
          6.9736955,
          50.9380283
        ]
      },
      "properties": {
        "name": "Lord Vishnus Couch",
        "category": "Yoga",
        "icon": "🧘",
        "coord_source": "osm",
        "coord_accuracy": "high",
        "place_id": "osm:node/8595440792",
        "address": "23 Düppelstraße 50679 Köln",
        "url": "https://www.vishnuscouch.de/yoga-venue/yoga-studio-koeln-deutz/"
      }
    },
    {
      "type": "Feature",
      "id": "yoga-france-0359",
      "geometry": {
        "type": "Point",
        "coordinates": [
          5.9350275,
          51.029693
        ]
      },
      "properties": {
        "name": "Yogavita",
        "category": "Yoga",
        "icon": "🧘",
        "coord_source": "osm",
        "coord_accuracy": "high",
        "place_id": "osm:node/8629575350",
        "address": "14 Raiffeisenstraße 52538 Selfkant",
        "phone": "+49 2456 5084499",
        "url": "https://www.yogavita.world/"
      }
    },
    {
      "type": "Feature",
      "id": "yoga-france-0360",
      "geometry": {
        "type": "Point",
        "coordinates": [
          4.8361675,
          45.7768287
        ]
      },
      "properties": {
        "name": "Centre Tao Yoga",
        "category": "Yoga",
        "icon": "🧘",
        "coord_source": "osm",
        "coord_accuracy": "high",
        "place_id": "osm:node/8634688170"
      }
    },
    {
      "type": "Feature",
      "id": "yoga-france-0361",
      "geometry": {
        "type": "Point",
        "coordinates": [
          2.3700598,
          48.8685269
        ]
      },
      "properties": {
        "name": "Satya Yoga",
        "category": "Yoga",
        "icon": "🧘",
        "coord_source": "osm",
        "coord_accuracy": "high",
        "place_id": "osm:node/8648602257",
        "address": "17 Rue de la Fontaine au Roi",
        "phone": "+33 6 61 22 00 52",
        "url": "https://satya-yoga.fr"
      }
    },
    {
      "type": "Feature",
      "id": "yoga-france-0362",
      "geometry": {
        "type": "Point",
        "coordinates": [
          8.7466712,
          50.3686328
        ]
      },
      "properties": {
        "name": "Entspannungs-Praxis",
        "category": "Yoga",
        "icon": "🧘",
        "coord_source": "osm",
        "coord_accuracy": "high",
        "place_id": "osm:node/8660322154",
        "address": "45 Frankfurter Straße 61231 Bad Nauheim"
      }
    },
    {
      "type": "Feature",
      "id": "yoga-france-0363",
      "geometry": {
        "type": "Point",
        "coordinates": [
          7.8922121,
          47.9840554
        ]
      },
      "properties": {
        "name": "Iyengar® Yoga Studio Freiburg",
        "category": "Yoga",
        "icon": "🧘",
        "coord_source": "osm",
        "coord_accuracy": "high",
        "place_id": "osm:node/8675486850",
        "address": "11 Eichrodtstraße 79117 Freiburg im Breisgau",
        "url": "https://www.iyengaryoga4u.de/"
      }
    },
    {
      "type": "Feature",
      "id": "yoga-france-0364",
      "geometry": {
        "type": "Point",
        "coordinates": [
          7.8671334,
          47.9892591
        ]
      },
      "properties": {
        "name": "Freiburger Yoga Schule",
        "category": "Yoga",
        "icon": "🧘",
        "coord_source": "osm",
        "coord_accuracy": "high",
        "place_id": "osm:node/8675511886",
        "address": "109 Schwarzwaldstraße 79117 Freiburg im Breisgau",
        "url": "https://www.freiburger-yogaschule.de/"
      }
    },
    {
      "type": "Feature",
      "id": "yoga-france-0365",
      "geometry": {
        "type": "Point",
        "coordinates": [
          7.0099501,
          50.7372379
        ]
      },
      "properties": {
        "name": "Maloka Yoga",
        "category": "Yoga",
        "icon": "🧘",
        "coord_source": "osm",
        "coord_accuracy": "high",
        "place_id": "osm:node/8688854621",
        "url": "https://www.maloka-yoga.de/"
      }
    },
    {
      "type": "Feature",
      "id": "yoga-france-0366",
      "geometry": {
        "type": "Point",
        "coordinates": [
          4.8338993,
          45.7763489
        ]
      },
      "properties": {
        "name": "L'Atelier du Yoga",
        "category": "Yoga",
        "icon": "🧘",
        "coord_source": "osm",
        "coord_accuracy": "high",
        "place_id": "osm:node/8699441652",
        "url": "https://www.atelier-du-yoga.fr/lyon/index.php"
      }
    },
    {
      "type": "Feature",
      "id": "yoga-france-0367",
      "geometry": {
        "type": "Point",
        "coordinates": [
          2.4514881,
          48.5698011
        ]
      },
      "properties": {
        "name": "Omkari",
        "category": "Yoga",
        "icon": "🧘",
        "coord_source": "osm",
        "coord_accuracy": "high",
        "place_id": "osm:node/8724090992",
        "address": "Rue de Tournenfils 91540 Ormoy",
        "url": "https://yogaomkari.wixsite.com/yogaomkari"
      }
    },
    {
      "type": "Feature",
      "id": "yoga-france-0368",
      "geometry": {
        "type": "Point",
        "coordinates": [
          6.9306886,
          46.9910788
        ]
      },
      "properties": {
        "name": "Yoki",
        "category": "Yoga",
        "icon": "🧘",
        "coord_source": "osm",
        "coord_accuracy": "high",
        "place_id": "osm:node/8727179551",
        "url": "https://beyoki.org/"
      }
    },
    {
      "type": "Feature",
      "id": "yoga-france-0369",
      "geometry": {
        "type": "Point",
        "coordinates": [
          -1.6956771,
          43.3857339
        ]
      },
      "properties": {
        "name": "Cours Yoga Eva Durisova",
        "category": "Yoga",
        "icon": "🧘",
        "coord_source": "osm",
        "coord_accuracy": "high",
        "place_id": "osm:node/8731019261",
        "address": "10 Rue Mendiartze Urrugne",
        "phone": "+33 6 66 98 29 21"
      }
    },
    {
      "type": "Feature",
      "id": "yoga-france-0370",
      "geometry": {
        "type": "Point",
        "coordinates": [
          4.8071435,
          45.7745389
        ]
      },
      "properties": {
        "name": "Pachamama",
        "category": "Yoga",
        "icon": "🧘",
        "coord_source": "osm",
        "coord_accuracy": "high",
        "place_id": "osm:node/8743017791",
        "url": "https://yoga-pachamama.com/"
      }
    },
    {
      "type": "Feature",
      "id": "yoga-france-0371",
      "geometry": {
        "type": "Point",
        "coordinates": [
          9.1154145,
          45.6908662
        ]
      },
      "properties": {
        "name": "Yoga in valle",
        "category": "Yoga",
        "icon": "🧘",
        "coord_source": "osm",
        "coord_accuracy": "high",
        "place_id": "osm:node/8751379902",
        "address": "7 Via della Valle 22060 Carimate"
      }
    },
    {
      "type": "Feature",
      "id": "yoga-france-0372",
      "geometry": {
        "type": "Point",
        "coordinates": [
          8.5557933,
          45.759708
        ]
      },
      "properties": {
        "name": "Ashtanga Yoga Arona",
        "category": "Yoga",
        "icon": "🧘",
        "coord_source": "osm",
        "coord_accuracy": "high",
        "place_id": "osm:node/8773985283",
        "address": "6 Via Martiri della Libertà 28041 Arona",
        "url": "https://ashtangayogarona.org/"
      }
    },
    {
      "type": "Feature",
      "id": "yoga-france-0373",
      "geometry": {
        "type": "Point",
        "coordinates": [
          6.8220301,
          47.0941392
        ]
      },
      "properties": {
        "name": "Samgati Centre du Yoga",
        "category": "Yoga",
        "icon": "🧘",
        "coord_source": "osm",
        "coord_accuracy": "high",
        "place_id": "osm:node/8783639189"
      }
    },
    {
      "type": "Feature",
      "id": "yoga-france-0374",
      "geometry": {
        "type": "Point",
        "coordinates": [
          8.7531278,
          50.3634003
        ]
      },
      "properties": {
        "name": "Yogawelten",
        "category": "Yoga",
        "icon": "🧘",
        "coord_source": "osm",
        "coord_accuracy": "high",
        "place_id": "osm:node/8805085298",
        "address": "1-7 Dieselstraße 61231 Bad Nauheim"
      }
    },
    {
      "type": "Feature",
      "id": "yoga-france-0375",
      "geometry": {
        "type": "Point",
        "coordinates": [
          6.8404511,
          50.7528478
        ]
      },
      "properties": {
        "name": "Yoga Vidya",
        "category": "Yoga",
        "icon": "🧘",
        "coord_source": "osm",
        "coord_accuracy": "high",
        "place_id": "osm:node/8812808537",
        "address": "Bonner Straße 53919 Weilerswist",
        "phone": "+49 177 1764717",
        "url": "www.yoga-vidya-weilerswist.de"
      }
    },
    {
      "type": "Feature",
      "id": "yoga-france-0376",
      "geometry": {
        "type": "Point",
        "coordinates": [
          8.5616815,
          47.4230141
        ]
      },
      "properties": {
        "name": "Yoga Femina",
        "category": "Yoga",
        "icon": "🧘",
        "coord_source": "osm",
        "coord_accuracy": "high",
        "place_id": "osm:node/8829494599"
      }
    },
    {
      "type": "Feature",
      "id": "yoga-france-0377",
      "geometry": {
        "type": "Point",
        "coordinates": [
          9.2979032,
          50.3201077
        ]
      },
      "properties": {
        "name": "Yoga Werkstatt-Brachttal",
        "category": "Yoga",
        "icon": "🧘",
        "coord_source": "osm",
        "coord_accuracy": "high",
        "place_id": "osm:node/8850865639",
        "url": "yogawerkstatt-brachttal.de"
      }
    },
    {
      "type": "Feature",
      "id": "yoga-france-0378",
      "geometry": {
        "type": "Point",
        "coordinates": [
          5.6100245,
          50.6149128
        ]
      },
      "properties": {
        "name": "Yogi Power Studio",
        "category": "Yoga",
        "icon": "🧘",
        "coord_source": "osm",
        "coord_accuracy": "high",
        "place_id": "osm:node/8852258931"
      }
    },
    {
      "type": "Feature",
      "id": "yoga-france-0379",
      "geometry": {
        "type": "Point",
        "coordinates": [
          8.684014,
          50.1162971
        ]
      },
      "properties": {
        "name": "Inside Yoga Frankfurt",
        "category": "Yoga",
        "icon": "🧘",
        "coord_source": "osm",
        "coord_accuracy": "high",
        "place_id": "osm:node/8866710499",
        "address": "3 Stephanstraße",
        "url": "https://insideyoga.de"
      }
    },
    {
      "type": "Feature",
      "id": "yoga-france-0380",
      "geometry": {
        "type": "Point",
        "coordinates": [
          -1.4882679,
          43.4866769
        ]
      },
      "properties": {
        "name": "Yoga",
        "category": "Yoga",
        "icon": "🧘",
        "coord_source": "osm",
        "coord_accuracy": "high",
        "place_id": "osm:node/8904841159"
      }
    },
    {
      "type": "Feature",
      "id": "yoga-france-0381",
      "geometry": {
        "type": "Point",
        "coordinates": [
          9.2365022,
          45.5083847
        ]
      },
      "properties": {
        "name": "Spazio intreccio",
        "category": "Yoga",
        "icon": "🧘",
        "coord_source": "osm",
        "coord_accuracy": "high",
        "place_id": "osm:node/8909364144",
        "address": "48 Via Ponte Nuovo 20128 Milano",
        "phone": "+39 02 91676908",
        "url": "https://www.spaziointreccio.it/"
      }
    },
    {
      "type": "Feature",
      "id": "yoga-france-0382",
      "geometry": {
        "type": "Point",
        "coordinates": [
          4.8337695,
          50.9844264
        ]
      },
      "properties": {
        "name": "adYogini yoga studio",
        "category": "Yoga",
        "icon": "🧘",
        "coord_source": "osm",
        "coord_accuracy": "high",
        "place_id": "osm:node/8911544018",
        "address": "43 Martelarenstraat 3200 Aarschot",
        "phone": "+32 491 36 48 23",
        "url": "https://adyogini.com/"
      }
    },
    {
      "type": "Feature",
      "id": "yoga-france-0383",
      "geometry": {
        "type": "Point",
        "coordinates": [
          6.956014,
          50.9496593
        ]
      },
      "properties": {
        "name": "Yoga Vidya Köln",
        "category": "Yoga",
        "icon": "🧘",
        "coord_source": "osm",
        "coord_accuracy": "high",
        "place_id": "osm:node/8912255602",
        "address": "8-10 Lübecker Straße 50668 Köln",
        "phone": "+49 179 3667793",
        "url": "https://www.yoga-vidya.de/center/koeln/start/"
      }
    },
    {
      "type": "Feature",
      "id": "yoga-france-0384",
      "geometry": {
        "type": "Point",
        "coordinates": [
          9.3776271,
          47.4246349
        ]
      },
      "properties": {
        "name": "Shuniya",
        "category": "Yoga",
        "icon": "🧘",
        "coord_source": "osm",
        "coord_accuracy": "high",
        "place_id": "osm:node/8931051216",
        "address": "8 Turmgasse 9000 St.Gallen",
        "url": "https://www.shuniya.ch/"
      }
    },
    {
      "type": "Feature",
      "id": "yoga-france-0385",
      "geometry": {
        "type": "Point",
        "coordinates": [
          9.3776362,
          47.4246356
        ]
      },
      "properties": {
        "name": "Atelier für Yoga",
        "category": "Yoga",
        "icon": "🧘",
        "coord_source": "osm",
        "coord_accuracy": "high",
        "place_id": "osm:node/8931056517",
        "address": "8 Turmgasse 9000 St.Gallen",
        "url": "https://atelierfüryoga.ch/"
      }
    },
    {
      "type": "Feature",
      "id": "yoga-france-0386",
      "geometry": {
        "type": "Point",
        "coordinates": [
          2.2522566,
          48.9865045
        ]
      },
      "properties": {
        "name": "College national de yoga",
        "category": "Yoga",
        "icon": "🧘",
        "coord_source": "osm",
        "coord_accuracy": "high",
        "place_id": "osm:node/8952440694",
        "phone": "+33 1 34 14 48 23"
      }
    },
    {
      "type": "Feature",
      "id": "yoga-france-0387",
      "geometry": {
        "type": "Point",
        "coordinates": [
          -1.541831,
          47.2339641
        ]
      },
      "properties": {
        "name": "Gobo Studio",
        "category": "Yoga",
        "icon": "🧘",
        "coord_source": "osm",
        "coord_accuracy": "high",
        "place_id": "osm:node/8968998862"
      }
    },
    {
      "type": "Feature",
      "id": "yoga-france-0388",
      "geometry": {
        "type": "Point",
        "coordinates": [
          7.8147986,
          47.6457568
        ]
      },
      "properties": {
        "name": "ekata",
        "category": "Yoga",
        "icon": "🧘",
        "coord_source": "osm",
        "coord_accuracy": "high",
        "place_id": "osm:node/8990453973",
        "address": "63 Belchenstraße 79650 Schopfheim",
        "url": "https://ekatayoga.com"
      }
    },
    {
      "type": "Feature",
      "id": "yoga-france-0389",
      "geometry": {
        "type": "Point",
        "coordinates": [
          9.222529,
          48.7242012
        ]
      },
      "properties": {
        "name": "YOGA intens",
        "category": "Yoga",
        "icon": "🧘",
        "coord_source": "osm",
        "coord_accuracy": "high",
        "place_id": "osm:node/9010101254",
        "address": "47 Schönbergstraße 73760 Ostfildern",
        "url": "https://www.yoga-intens.de/"
      }
    },
    {
      "type": "Feature",
      "id": "yoga-france-0390",
      "geometry": {
        "type": "Point",
        "coordinates": [
          6.1398539,
          46.2110474
        ]
      },
      "properties": {
        "name": "Pratibha",
        "category": "Yoga",
        "icon": "🧘",
        "coord_source": "osm",
        "coord_accuracy": "high",
        "place_id": "osm:node/9022950938",
        "address": "12 Rue de la Faucille",
        "hours": "Mo,Fr 07:00-09:00; Tu,Th 07:00-09:00,18:00-20:00",
        "url": "https://www.pratibha.ch/"
      }
    },
    {
      "type": "Feature",
      "id": "yoga-france-0391",
      "geometry": {
        "type": "Point",
        "coordinates": [
          4.3882991,
          50.8367294
        ]
      },
      "properties": {
        "name": "Serenity Bar",
        "category": "Yoga",
        "icon": "🧘",
        "coord_source": "osm",
        "coord_accuracy": "high",
        "place_id": "osm:node/9032592399"
      }
    },
    {
      "type": "Feature",
      "id": "yoga-france-0392",
      "geometry": {
        "type": "Point",
        "coordinates": [
          7.3510255,
          46.230356
        ]
      },
      "properties": {
        "name": "Yoga OM",
        "category": "Yoga",
        "icon": "🧘",
        "coord_source": "osm",
        "coord_accuracy": "high",
        "place_id": "osm:node/9037174992"
      }
    },
    {
      "type": "Feature",
      "id": "yoga-france-0393",
      "geometry": {
        "type": "Point",
        "coordinates": [
          7.1020437,
          50.7314029
        ]
      },
      "properties": {
        "name": "The Vinyasa People",
        "category": "Yoga",
        "icon": "🧘",
        "coord_source": "osm",
        "coord_accuracy": "high",
        "place_id": "osm:node/9040273080",
        "hours": "Mo-Fr 10:00-19:00; Sa 10:00-16:00"
      }
    },
    {
      "type": "Feature",
      "id": "yoga-france-0394",
      "geometry": {
        "type": "Point",
        "coordinates": [
          7.6120146,
          43.7902538
        ]
      },
      "properties": {
        "name": "Bloom",
        "category": "Yoga",
        "icon": "🧘",
        "coord_source": "osm",
        "coord_accuracy": "high",
        "place_id": "osm:node/9051150182",
        "address": "25a Via Sottoconvento 18039 Ventimiglia",
        "phone": "+39 320 143 3969"
      }
    },
    {
      "type": "Feature",
      "id": "yoga-france-0395",
      "geometry": {
        "type": "Point",
        "coordinates": [
          9.310016,
          48.8270046
        ]
      },
      "properties": {
        "name": "Yoga Loft Waiblingen",
        "category": "Yoga",
        "icon": "🧘",
        "coord_source": "osm",
        "coord_accuracy": "high",
        "place_id": "osm:node/9072279734",
        "address": "49 Heinrich-Küderli-Straße 71332 Waiblingen",
        "url": "https://www.yogaloftwaiblingen.de/"
      }
    },
    {
      "type": "Feature",
      "id": "yoga-france-0396",
      "geometry": {
        "type": "Point",
        "coordinates": [
          1.0996929,
          49.4415389
        ]
      },
      "properties": {
        "name": "La Salle Yoga Rouen",
        "category": "Yoga",
        "icon": "🧘",
        "coord_source": "osm",
        "coord_accuracy": "high",
        "place_id": "osm:node/9083910674",
        "address": "190",
        "url": "https://www.iyoga.fr/la-salle.html"
      }
    },
    {
      "type": "Feature",
      "id": "yoga-france-0397",
      "geometry": {
        "type": "Point",
        "coordinates": [
          8.4897627,
          47.4797458
        ]
      },
      "properties": {
        "name": "Yogastudio Lina Tealdi",
        "category": "Yoga",
        "icon": "🧘",
        "coord_source": "osm",
        "coord_accuracy": "high",
        "place_id": "osm:node/9116573743",
        "address": "52 Mandachstrasse 8155 Niederhasli",
        "phone": "+41 44 850 78 40",
        "url": "https://www.energyoga.ch"
      }
    },
    {
      "type": "Feature",
      "id": "yoga-france-0398",
      "geometry": {
        "type": "Point",
        "coordinates": [
          8.2379191,
          50.2126299
        ]
      },
      "properties": {
        "name": "Yoga Treff Idstein",
        "category": "Yoga",
        "icon": "🧘",
        "coord_source": "osm",
        "coord_accuracy": "high",
        "place_id": "osm:node/9129093600",
        "address": "2 Hermannsweg 65510 Idstein",
        "url": "https://www.muthig-idstein.de/"
      }
    },
    {
      "type": "Feature",
      "id": "yoga-france-0399",
      "geometry": {
        "type": "Point",
        "coordinates": [
          -1.6711839,
          48.1066384
        ]
      },
      "properties": {
        "name": "My Studio",
        "category": "Yoga",
        "icon": "🧘",
        "coord_source": "osm",
        "coord_accuracy": "high",
        "place_id": "osm:node/9170256826",
        "address": "6 bis Avenue Louis Barthou 35000 Rennes",
        "phone": "+336 20 82 05 79",
        "url": "https://mystudio-yoga.fr/"
      }
    },
    {
      "type": "Feature",
      "id": "yoga-france-0400",
      "geometry": {
        "type": "Point",
        "coordinates": [
          8.623151,
          50.2257419
        ]
      },
      "properties": {
        "name": "Glücks Yoga Bad Homburg",
        "category": "Yoga",
        "icon": "🧘",
        "coord_source": "osm",
        "coord_accuracy": "high",
        "place_id": "osm:node/9170501409",
        "address": "81 Kaiser-Friedrich-Promenade 61348 Bad Homburg v. d. Höhe",
        "url": "https://gluecks-yoga-badhomburg.de"
      }
    },
    {
      "type": "Feature",
      "id": "yoga-france-0401",
      "geometry": {
        "type": "Point",
        "coordinates": [
          2.3645778,
          48.8729239
        ]
      },
      "properties": {
        "name": "Jivamukti Yoga",
        "category": "Yoga",
        "icon": "🧘",
        "coord_source": "osm",
        "coord_accuracy": "high",
        "place_id": "osm:node/9178471511",
        "url": "https://www.jivamuktiyoga.fr/"
      }
    },
    {
      "type": "Feature",
      "id": "yoga-france-0402",
      "geometry": {
        "type": "Point",
        "coordinates": [
          6.8359149,
          50.6020104
        ]
      },
      "properties": {
        "name": "Ahimsa Yogaschule",
        "category": "Yoga",
        "icon": "🧘",
        "coord_source": "osm",
        "coord_accuracy": "high",
        "place_id": "osm:node/9187321237",
        "address": "16a Niels-Bohr-Straße 53881 Euskirchen",
        "phone": "+49 176 10564560",
        "url": "https://ahimsa-yogaschule.de/"
      }
    },
    {
      "type": "Feature",
      "id": "yoga-france-0403",
      "geometry": {
        "type": "Point",
        "coordinates": [
          4.4266961,
          50.8445979
        ]
      },
      "properties": {
        "name": "Brussels Yoga Loft",
        "category": "Yoga",
        "icon": "🧘",
        "coord_source": "osm",
        "coord_accuracy": "high",
        "place_id": "osm:node/9190337841",
        "hours": "Mo-Su 07:30-21:00",
        "url": "https://brusselsyogaloft.com/"
      }
    },
    {
      "type": "Feature",
      "id": "yoga-france-0404",
      "geometry": {
        "type": "Point",
        "coordinates": [
          4.3515385,
          50.8184907
        ]
      },
      "properties": {
        "name": "Shanti Home",
        "category": "Yoga",
        "icon": "🧘",
        "coord_source": "osm",
        "coord_accuracy": "high",
        "place_id": "osm:node/9198003392",
        "url": "https://www.shantihome.be/"
      }
    },
    {
      "type": "Feature",
      "id": "yoga-france-0405",
      "geometry": {
        "type": "Point",
        "coordinates": [
          7.8337495,
          48.5619655
        ]
      },
      "properties": {
        "name": "Yoga Village",
        "category": "Yoga",
        "icon": "🧘",
        "coord_source": "osm",
        "coord_accuracy": "high",
        "place_id": "osm:node/9200312207",
        "address": "302 Hauptstraße 77694 Kehl",
        "phone": "+49 176 61788113",
        "url": "https://www.yoga-village.de/"
      }
    },
    {
      "type": "Feature",
      "id": "yoga-france-0406",
      "geometry": {
        "type": "Point",
        "coordinates": [
          7.417319,
          46.93483
        ]
      },
      "properties": {
        "name": "Yoga Studio4 und Studio2",
        "category": "Yoga",
        "icon": "🧘",
        "coord_source": "osm",
        "coord_accuracy": "high",
        "place_id": "osm:node/9202912307",
        "url": "https://www.yoga-studio4.ch"
      }
    },
    {
      "type": "Feature",
      "id": "yoga-france-0407",
      "geometry": {
        "type": "Point",
        "coordinates": [
          4.3564611,
          50.820864
        ]
      },
      "properties": {
        "name": "Brussels Yoga Loft",
        "category": "Yoga",
        "icon": "🧘",
        "coord_source": "osm",
        "coord_accuracy": "high",
        "place_id": "osm:node/9239946460",
        "url": "https://brusselsyogaloft.com/"
      }
    },
    {
      "type": "Feature",
      "id": "yoga-france-0408",
      "geometry": {
        "type": "Point",
        "coordinates": [
          -2.174958,
          43.2842977
        ]
      },
      "properties": {
        "name": "Yoga #408",
        "category": "Yoga",
        "icon": "🧘",
        "coord_source": "osm",
        "coord_accuracy": "high",
        "place_id": "osm:node/9240467996"
      }
    },
    {
      "type": "Feature",
      "id": "yoga-france-0409",
      "geometry": {
        "type": "Point",
        "coordinates": [
          -1.4059831,
          50.9060165
        ]
      },
      "properties": {
        "name": "Hot Pod Yoga",
        "category": "Yoga",
        "icon": "🧘",
        "coord_source": "osm",
        "coord_accuracy": "high",
        "place_id": "osm:node/9247361236",
        "address": "Civic Centre Road SO14 7SJ Southampton"
      }
    },
    {
      "type": "Feature",
      "id": "yoga-france-0410",
      "geometry": {
        "type": "Point",
        "coordinates": [
          3.3686605,
          43.5056916
        ]
      },
      "properties": {
        "name": "MD Fit Yoga",
        "category": "Yoga",
        "icon": "🧘",
        "coord_source": "osm",
        "coord_accuracy": "high",
        "place_id": "osm:node/9274038270",
        "address": "15 Rue Camille Desmoulins 34720 Caux"
      }
    },
    {
      "type": "Feature",
      "id": "yoga-france-0411",
      "geometry": {
        "type": "Point",
        "coordinates": [
          9.4284198,
          48.9379852
        ]
      },
      "properties": {
        "name": "Glyck",
        "category": "Yoga",
        "icon": "🧘",
        "coord_source": "osm",
        "coord_accuracy": "high",
        "place_id": "osm:node/9288854126",
        "url": "https://glyck-backnang.de/"
      }
    },
    {
      "type": "Feature",
      "id": "yoga-france-0412",
      "geometry": {
        "type": "Point",
        "coordinates": [
          8.6897123,
          50.1035208
        ]
      },
      "properties": {
        "name": "Yoga Lift",
        "category": "Yoga",
        "icon": "🧘",
        "coord_source": "osm",
        "coord_accuracy": "high",
        "place_id": "osm:node/9314751617",
        "address": "60594"
      }
    },
    {
      "type": "Feature",
      "id": "yoga-france-0413",
      "geometry": {
        "type": "Point",
        "coordinates": [
          2.3898697,
          48.8767866
        ]
      },
      "properties": {
        "name": "Le Souffle de Jourdain",
        "category": "Yoga",
        "icon": "🧘",
        "coord_source": "osm",
        "coord_accuracy": "high",
        "place_id": "osm:node/9346941312",
        "url": "https://lesouffledejourdain.fr/"
      }
    },
    {
      "type": "Feature",
      "id": "yoga-france-0414",
      "geometry": {
        "type": "Point",
        "coordinates": [
          5.9319768,
          43.1256476
        ]
      },
      "properties": {
        "name": "Kundalini Yoga Saran",
        "category": "Yoga",
        "icon": "🧘",
        "coord_source": "osm",
        "coord_accuracy": "high",
        "place_id": "osm:node/9347171961",
        "address": "8 Rue Picot 83000 Toulon",
        "phone": "+33 6 64 43 63 44"
      }
    },
    {
      "type": "Feature",
      "id": "yoga-france-0415",
      "geometry": {
        "type": "Point",
        "coordinates": [
          5.9343816,
          43.1255571
        ]
      },
      "properties": {
        "name": "Yoga & Danse Mediterranee",
        "category": "Yoga",
        "icon": "🧘",
        "coord_source": "osm",
        "coord_accuracy": "high",
        "place_id": "osm:node/9347171962",
        "address": "45 Rue Victor Clappier 83000 Toulon",
        "phone": "+33 6 09 41 75 86"
      }
    },
    {
      "type": "Feature",
      "id": "yoga-france-0416",
      "geometry": {
        "type": "Point",
        "coordinates": [
          5.9339728,
          43.1254126
        ]
      },
      "properties": {
        "name": "Charlemagne",
        "category": "Yoga",
        "icon": "🧘",
        "coord_source": "osm",
        "coord_accuracy": "high",
        "place_id": "osm:node/9347171963",
        "address": "10 Rue d'Antrechaus 83000 Toulon",
        "phone": "+33 4 94 89 54 31"
      }
    },
    {
      "type": "Feature",
      "id": "yoga-france-0417",
      "geometry": {
        "type": "Point",
        "coordinates": [
          3.1147474,
          50.9389607
        ]
      },
      "properties": {
        "name": "Sousvenir",
        "category": "Yoga",
        "icon": "🧘",
        "coord_source": "osm",
        "coord_accuracy": "high",
        "place_id": "osm:node/9375701897",
        "address": "199 Iepersestraat",
        "url": "https://sousvenir.be/"
      }
    },
    {
      "type": "Feature",
      "id": "yoga-france-0418",
      "geometry": {
        "type": "Point",
        "coordinates": [
          7.2094344,
          50.7983843
        ]
      },
      "properties": {
        "name": "United Yoga",
        "category": "Yoga",
        "icon": "🧘",
        "coord_source": "osm",
        "coord_accuracy": "high",
        "place_id": "osm:node/9404652966",
        "address": "10 Am Brauhof 53721 Siegburg",
        "phone": "+49 177 5460725",
        "url": "https://united-yoga.de/"
      }
    },
    {
      "type": "Feature",
      "id": "yoga-france-0419",
      "geometry": {
        "type": "Point",
        "coordinates": [
          8.8140648,
          50.3997103
        ]
      },
      "properties": {
        "name": "Artemis",
        "category": "Yoga",
        "icon": "🧘",
        "coord_source": "osm",
        "coord_accuracy": "high",
        "place_id": "osm:node/9408279616",
        "address": "48 Hauptstraße 61200 Wölfersheim"
      }
    },
    {
      "type": "Feature",
      "id": "yoga-france-0420",
      "geometry": {
        "type": "Point",
        "coordinates": [
          -1.2762148,
          47.0889265
        ]
      },
      "properties": {
        "name": "Centre de Yoga",
        "category": "Yoga",
        "icon": "🧘",
        "coord_source": "osm",
        "coord_accuracy": "high",
        "place_id": "osm:node/9419536644"
      }
    },
    {
      "type": "Feature",
      "id": "yoga-france-0421",
      "geometry": {
        "type": "Point",
        "coordinates": [
          4.6723379,
          45.6193186
        ]
      },
      "properties": {
        "name": "La ressource",
        "category": "Yoga",
        "icon": "🧘",
        "coord_source": "osm",
        "coord_accuracy": "high",
        "place_id": "osm:node/9427772537",
        "phone": "+33681146983",
        "url": "https://www.celinesoulier.fr/"
      }
    },
    {
      "type": "Feature",
      "id": "yoga-france-0422",
      "geometry": {
        "type": "Point",
        "coordinates": [
          9.1631033,
          45.4478697
        ]
      },
      "properties": {
        "name": "Shakti Yoga",
        "category": "Yoga",
        "icon": "🧘",
        "coord_source": "osm",
        "coord_accuracy": "high",
        "place_id": "osm:node/9430588995",
        "url": "https://www.shaktiyoga.net/"
      }
    },
    {
      "type": "Feature",
      "id": "yoga-france-0423",
      "geometry": {
        "type": "Point",
        "coordinates": [
          -1.8350361,
          50.7279296
        ]
      },
      "properties": {
        "name": "Yoga Lounge",
        "category": "Yoga",
        "icon": "🧘",
        "coord_source": "osm",
        "coord_accuracy": "high",
        "place_id": "osm:node/9431690170",
        "address": "704-708 Christchurch Road"
      }
    },
    {
      "type": "Feature",
      "id": "yoga-france-0424",
      "geometry": {
        "type": "Point",
        "coordinates": [
          2.2319692,
          41.5711645
        ]
      },
      "properties": {
        "name": "Espai Tai Ji Chen",
        "category": "Yoga",
        "icon": "🧘",
        "coord_source": "osm",
        "coord_accuracy": "high",
        "place_id": "osm:node/9434587567",
        "address": "47 Avinguda de Lluís Companys 08150 Parets del Vallès",
        "phone": "+34 630 33 44 24",
        "url": "https://ce-taichiquan.com/"
      }
    },
    {
      "type": "Feature",
      "id": "yoga-france-0425",
      "geometry": {
        "type": "Point",
        "coordinates": [
          8.9398224,
          48.7737069
        ]
      },
      "properties": {
        "name": "Yoga Angela Redtenbacher",
        "category": "Yoga",
        "icon": "🧘",
        "coord_source": "osm",
        "coord_accuracy": "high",
        "place_id": "osm:node/9446687858"
      }
    },
    {
      "type": "Feature",
      "id": "yoga-france-0426",
      "geometry": {
        "type": "Point",
        "coordinates": [
          -2.4663068,
          50.7120073
        ]
      },
      "properties": {
        "name": "Poundbury Pilates Studio",
        "category": "Yoga",
        "icon": "🧘",
        "coord_source": "osm",
        "coord_accuracy": "high",
        "place_id": "osm:node/9471886347",
        "address": "20"
      }
    },
    {
      "type": "Feature",
      "id": "yoga-france-0427",
      "geometry": {
        "type": "Point",
        "coordinates": [
          1.1796374,
          51.0806486
        ]
      },
      "properties": {
        "name": "Yoke",
        "category": "Yoga",
        "icon": "🧘",
        "coord_source": "osm",
        "coord_accuracy": "high",
        "place_id": "osm:node/9495485221",
        "address": "46 Guildhall Street"
      }
    },
    {
      "type": "Feature",
      "id": "yoga-france-0428",
      "geometry": {
        "type": "Point",
        "coordinates": [
          3.0571669,
          50.6303613
        ]
      },
      "properties": {
        "name": "Atelier de Yoga",
        "category": "Yoga",
        "icon": "🧘",
        "coord_source": "osm",
        "coord_accuracy": "high",
        "place_id": "osm:node/9507450382",
        "hours": "\"sur inscription uniquement\"",
        "url": "https://www.yoga-kubiak.com/"
      }
    },
    {
      "type": "Feature",
      "id": "yoga-france-0429",
      "geometry": {
        "type": "Point",
        "coordinates": [
          7.4471082,
          46.9471105
        ]
      },
      "properties": {
        "name": "Openyoga",
        "category": "Yoga",
        "icon": "🧘",
        "coord_source": "osm",
        "coord_accuracy": "high",
        "place_id": "osm:node/9512192999",
        "url": "https://www.open-yoga.ch/"
      }
    },
    {
      "type": "Feature",
      "id": "yoga-france-0430",
      "geometry": {
        "type": "Point",
        "coordinates": [
          2.3565105,
          41.4895186
        ]
      },
      "properties": {
        "name": "La Matrika",
        "category": "Yoga",
        "icon": "🧘",
        "coord_source": "osm",
        "coord_accuracy": "high",
        "place_id": "osm:node/9540445490"
      }
    },
    {
      "type": "Feature",
      "id": "yoga-france-0431",
      "geometry": {
        "type": "Point",
        "coordinates": [
          2.3174253,
          48.8908931
        ]
      },
      "properties": {
        "name": "Yoga Village",
        "category": "Yoga",
        "icon": "🧘",
        "coord_source": "osm",
        "coord_accuracy": "high",
        "place_id": "osm:node/9542944858"
      }
    },
    {
      "type": "Feature",
      "id": "yoga-france-0432",
      "geometry": {
        "type": "Point",
        "coordinates": [
          7.7739081,
          49.44709
        ]
      },
      "properties": {
        "name": "Yoga Centrum Cafuk",
        "category": "Yoga",
        "icon": "🧘",
        "coord_source": "osm",
        "coord_accuracy": "high",
        "place_id": "osm:node/9558273966",
        "phone": "+49 631 6251260",
        "url": "https://yogaheute.de/"
      }
    },
    {
      "type": "Feature",
      "id": "yoga-france-0433",
      "geometry": {
        "type": "Point",
        "coordinates": [
          -5.0513984,
          50.2629653
        ]
      },
      "properties": {
        "name": "Breathe Health and Fitness",
        "category": "Yoga",
        "icon": "🧘",
        "coord_source": "osm",
        "coord_accuracy": "high",
        "place_id": "osm:node/9563630847",
        "address": "Roberts Ope TR1 2QU Truro",
        "phone": "+44 1872 273057"
      }
    },
    {
      "type": "Feature",
      "id": "yoga-france-0434",
      "geometry": {
        "type": "Point",
        "coordinates": [
          2.121349,
          41.3890346
        ]
      },
      "properties": {
        "name": "Pilates Olga Giró",
        "category": "Yoga",
        "icon": "🧘",
        "coord_source": "osm",
        "coord_accuracy": "high",
        "place_id": "osm:node/9568655298",
        "address": "4 Carrer de Beltrán i Rózpide 08034 Barcelona",
        "phone": "+34 626546405",
        "url": "https://pilatesolgagiro.com/"
      }
    },
    {
      "type": "Feature",
      "id": "yoga-france-0435",
      "geometry": {
        "type": "Point",
        "coordinates": [
          -1.135306,
          42.5781436
        ]
      },
      "properties": {
        "name": "Escuela De Yoga Esenio Witryh",
        "category": "Yoga",
        "icon": "🧘",
        "coord_source": "osm",
        "coord_accuracy": "high",
        "place_id": "osm:node/9595165063",
        "address": "50689 Undués de Lerda",
        "phone": "+34630553770",
        "url": "https://www.witryh.org/"
      }
    },
    {
      "type": "Feature",
      "id": "yoga-france-0436",
      "geometry": {
        "type": "Point",
        "coordinates": [
          8.3856665,
          49.0098251
        ]
      },
      "properties": {
        "name": "Die Matte",
        "category": "Yoga",
        "icon": "🧘",
        "coord_source": "osm",
        "coord_accuracy": "high",
        "place_id": "osm:node/9609241256",
        "hours": "\"Nach Vereinbarung\"",
        "url": "https://die-matte.de/"
      }
    },
    {
      "type": "Feature",
      "id": "yoga-france-0437",
      "geometry": {
        "type": "Point",
        "coordinates": [
          -1.405696,
          43.650058
        ]
      },
      "properties": {
        "name": "Cap Yoga Club",
        "category": "Yoga",
        "icon": "🧘",
        "coord_source": "osm",
        "coord_accuracy": "high",
        "place_id": "osm:node/9642719662",
        "address": "2 Rue de la Couarte 40130 Capbreton",
        "phone": "+33 5 58 77 94 25",
        "url": "https://www.capyogaclub.com/"
      }
    },
    {
      "type": "Feature",
      "id": "yoga-france-0438",
      "geometry": {
        "type": "Point",
        "coordinates": [
          -1.5807811,
          43.4467151
        ]
      },
      "properties": {
        "name": "Lā kāśa",
        "category": "Yoga",
        "icon": "🧘",
        "coord_source": "osm",
        "coord_accuracy": "high",
        "place_id": "osm:node/9658464388",
        "address": "5 Avenue Cumba 64210 Bidart",
        "phone": "+33 6 24 59 24 61",
        "url": "https://la-kasa.fr/"
      }
    },
    {
      "type": "Feature",
      "id": "yoga-france-0439",
      "geometry": {
        "type": "Point",
        "coordinates": [
          7.2045045,
          50.803078
        ]
      },
      "properties": {
        "name": "United Yoga",
        "category": "Yoga",
        "icon": "🧘",
        "coord_source": "osm",
        "coord_accuracy": "high",
        "place_id": "osm:node/9659120352",
        "address": "130 Kaiserstraße 53721 Siegburg",
        "phone": "+49 177 5460725",
        "url": "https://united-yoga.de/"
      }
    },
    {
      "type": "Feature",
      "id": "yoga-france-0440",
      "geometry": {
        "type": "Point",
        "coordinates": [
          5.7263778,
          49.5948055
        ]
      },
      "properties": {
        "name": "Yoga - Stretching - Détente",
        "category": "Yoga",
        "icon": "🧘",
        "coord_source": "osm",
        "coord_accuracy": "high",
        "place_id": "osm:node/9672260669",
        "phone": "+32 470 98 35 28",
        "url": "http://yoga-stretching-detente.be"
      }
    },
    {
      "type": "Feature",
      "id": "yoga-france-0441",
      "geometry": {
        "type": "Point",
        "coordinates": [
          -0.7179603,
          49.099272
        ]
      },
      "properties": {
        "name": "Centre Spirales",
        "category": "Yoga",
        "icon": "🧘",
        "coord_source": "osm",
        "coord_accuracy": "high",
        "place_id": "osm:node/9682616446",
        "url": "http://centre-spirales.fr/"
      }
    },
    {
      "type": "Feature",
      "id": "yoga-france-0442",
      "geometry": {
        "type": "Point",
        "coordinates": [
          6.0786351,
          50.7799725
        ]
      },
      "properties": {
        "name": "Warung Yoga",
        "category": "Yoga",
        "icon": "🧘",
        "coord_source": "osm",
        "coord_accuracy": "high",
        "place_id": "osm:node/9686273614",
        "url": "http://warungyoga.de/"
      }
    },
    {
      "type": "Feature",
      "id": "yoga-france-0443",
      "geometry": {
        "type": "Point",
        "coordinates": [
          8.268197,
          46.4856471
        ]
      },
      "properties": {
        "name": "Yoga Goms",
        "category": "Yoga",
        "icon": "🧘",
        "coord_source": "osm",
        "coord_accuracy": "high",
        "place_id": "osm:node/9688534114",
        "address": "88 Bahnhofstrasse 3985 Münster (VS)",
        "hours": "24/7",
        "phone": "+41 27 971 22 22",
        "url": "https://berglodgegoms.ch/"
      }
    },
    {
      "type": "Feature",
      "id": "yoga-france-0444",
      "geometry": {
        "type": "Point",
        "coordinates": [
          7.2089118,
          50.7939957
        ]
      },
      "properties": {
        "name": "Yogalidou",
        "category": "Yoga",
        "icon": "🧘",
        "coord_source": "osm",
        "coord_accuracy": "high",
        "place_id": "osm:node/9705583518",
        "address": "48 Mühlenstraße",
        "phone": "+49 163 2753654",
        "url": "https://www.yogalidou.de/"
      }
    },
    {
      "type": "Feature",
      "id": "yoga-france-0445",
      "geometry": {
        "type": "Point",
        "coordinates": [
          9.3898449,
          47.7194926
        ]
      },
      "properties": {
        "name": "Yogastudio Markdorf",
        "category": "Yoga",
        "icon": "🧘",
        "coord_source": "osm",
        "coord_accuracy": "high",
        "place_id": "osm:node/9724660032",
        "address": "3 Bahnhofstraße 88677 Markdorf",
        "phone": "+49 7544 5875",
        "url": "http://www.yoga-markdorf.de/"
      }
    },
    {
      "type": "Feature",
      "id": "yoga-france-0446",
      "geometry": {
        "type": "Point",
        "coordinates": [
          8.3139337,
          47.480511
        ]
      },
      "properties": {
        "name": "Dein Yoga",
        "category": "Yoga",
        "icon": "🧘",
        "coord_source": "osm",
        "coord_accuracy": "high",
        "place_id": "osm:node/9728873654",
        "hours": "Mo 14:00-20:00; Tu 10:00-18:00; We 10:00-20:30; Th 08:30-18:00",
        "phone": "+41793721414",
        "url": "https://www.dein-yoga.ch/"
      }
    },
    {
      "type": "Feature",
      "id": "yoga-france-0447",
      "geometry": {
        "type": "Point",
        "coordinates": [
          2.3976917,
          51.0452114
        ]
      },
      "properties": {
        "name": "Yoga #447",
        "category": "Yoga",
        "icon": "🧘",
        "coord_source": "osm",
        "coord_accuracy": "high",
        "place_id": "osm:node/9732499425"
      }
    },
    {
      "type": "Feature",
      "id": "yoga-france-0448",
      "geometry": {
        "type": "Point",
        "coordinates": [
          -1.3726836,
          43.8518297
        ]
      },
      "properties": {
        "name": "Punky Yoga School",
        "category": "Yoga",
        "icon": "🧘",
        "coord_source": "osm",
        "coord_accuracy": "high",
        "place_id": "osm:node/9749330801",
        "address": "5 Place de la Palle 40660 Moliets-et-Maâ",
        "phone": "+33 6 34 22 49 95"
      }
    },
    {
      "type": "Feature",
      "id": "yoga-france-0449",
      "geometry": {
        "type": "Point",
        "coordinates": [
          8.7788833,
          48.8215151
        ]
      },
      "properties": {
        "name": "Ayurveda Anusha Lux",
        "category": "Yoga",
        "icon": "🧘",
        "coord_source": "osm",
        "coord_accuracy": "high",
        "place_id": "osm:node/9751595226",
        "address": "93 Hauptstraße 75242 Neuhausen",
        "phone": "+49 7234 945419;+49 177 4809149",
        "url": "https://lux-ayurveda.de/"
      }
    },
    {
      "type": "Feature",
      "id": "yoga-france-0450",
      "geometry": {
        "type": "Point",
        "coordinates": [
          4.3303368,
          50.692809
        ]
      },
      "properties": {
        "name": "Serenityoga",
        "category": "Yoga",
        "icon": "🧘",
        "coord_source": "osm",
        "coord_accuracy": "high",
        "place_id": "osm:node/9751635567",
        "phone": "+32 472 89 06 69",
        "url": "https://www.serenityoga.be/"
      }
    },
    {
      "type": "Feature",
      "id": "yoga-france-0451",
      "geometry": {
        "type": "Point",
        "coordinates": [
          6.9456428,
          46.5224237
        ]
      },
      "properties": {
        "name": "Yog'altitude",
        "category": "Yoga",
        "icon": "🧘",
        "coord_source": "osm",
        "coord_accuracy": "high",
        "place_id": "osm:node/9759764446"
      }
    },
    {
      "type": "Feature",
      "id": "yoga-france-0452",
      "geometry": {
        "type": "Point",
        "coordinates": [
          -2.8403703,
          47.8342183
        ]
      },
      "properties": {
        "name": "La Maison de l'Inspir",
        "category": "Yoga",
        "icon": "🧘",
        "coord_source": "osm",
        "coord_accuracy": "high",
        "place_id": "osm:node/9769132283",
        "address": "3 le porado 56500 Moustoir-Ac",
        "url": "https://chrystelleboisroux.com"
      }
    },
    {
      "type": "Feature",
      "id": "yoga-france-0453",
      "geometry": {
        "type": "Point",
        "coordinates": [
          2.3786334,
          48.8147171
        ]
      },
      "properties": {
        "name": "Hot yoga",
        "category": "Yoga",
        "icon": "🧘",
        "coord_source": "osm",
        "coord_accuracy": "high",
        "place_id": "osm:node/9787603875"
      }
    },
    {
      "type": "Feature",
      "id": "yoga-france-0454",
      "geometry": {
        "type": "Point",
        "coordinates": [
          9.1493064,
          45.5005771
        ]
      },
      "properties": {
        "name": "La Via del Respiro",
        "category": "Yoga",
        "icon": "🧘",
        "coord_source": "osm",
        "coord_accuracy": "high",
        "place_id": "osm:node/9795321129"
      }
    },
    {
      "type": "Feature",
      "id": "yoga-france-0455",
      "geometry": {
        "type": "Point",
        "coordinates": [
          2.3673442,
          48.8550961
        ]
      },
      "properties": {
        "name": "Naya",
        "category": "Yoga",
        "icon": "🧘",
        "coord_source": "osm",
        "coord_accuracy": "high",
        "place_id": "osm:node/9796100975",
        "address": "26 Rue des Tournelles 75004 Paris",
        "url": "https://nayastudio.paris/"
      }
    },
    {
      "type": "Feature",
      "id": "yoga-france-0456",
      "geometry": {
        "type": "Point",
        "coordinates": [
          0.8227522,
          41.5489016
        ]
      },
      "properties": {
        "name": "Lumbini Yoga",
        "category": "Yoga",
        "icon": "🧘",
        "coord_source": "osm",
        "coord_accuracy": "high",
        "place_id": "osm:node/9798517954",
        "address": "16 Carrer d'Estanislau Figueras 25430 Juneda",
        "phone": "+34 665 49 48 47",
        "url": "https://lumbiniyogastudio.com/"
      }
    },
    {
      "type": "Feature",
      "id": "yoga-france-0457",
      "geometry": {
        "type": "Point",
        "coordinates": [
          4.3257305,
          50.5979133
        ]
      },
      "properties": {
        "name": "Au fil de soi",
        "category": "Yoga",
        "icon": "🧘",
        "coord_source": "osm",
        "coord_accuracy": "high",
        "place_id": "osm:node/9831505668",
        "phone": "+32 487 93 90 90",
        "url": "https://www.aufildesoi.be"
      }
    },
    {
      "type": "Feature",
      "id": "yoga-france-0458",
      "geometry": {
        "type": "Point",
        "coordinates": [
          7.4556441,
          46.9603433
        ]
      },
      "properties": {
        "name": "Studio ve'motion",
        "category": "Yoga",
        "icon": "🧘",
        "coord_source": "osm",
        "coord_accuracy": "high",
        "place_id": "osm:node/9838856638",
        "address": "77 Wiesenstrasse 3014 Bern",
        "url": "https://www.vemotion.ch/"
      }
    },
    {
      "type": "Feature",
      "id": "yoga-france-0459",
      "geometry": {
        "type": "Point",
        "coordinates": [
          -1.3981246,
          43.4409211
        ]
      },
      "properties": {
        "name": "Yoga #459",
        "category": "Yoga",
        "icon": "🧘",
        "coord_source": "osm",
        "coord_accuracy": "high",
        "place_id": "osm:node/9849853417"
      }
    },
    {
      "type": "Feature",
      "id": "yoga-france-0460",
      "geometry": {
        "type": "Point",
        "coordinates": [
          4.4744993,
          51.009592
        ]
      },
      "properties": {
        "name": "Yoga & Co",
        "category": "Yoga",
        "icon": "🧘",
        "coord_source": "osm",
        "coord_accuracy": "high",
        "place_id": "osm:node/9861908382"
      }
    },
    {
      "type": "Feature",
      "id": "yoga-france-0461",
      "geometry": {
        "type": "Point",
        "coordinates": [
          2.3744045,
          48.8510777
        ]
      },
      "properties": {
        "name": "Treize",
        "category": "Yoga",
        "icon": "🧘",
        "coord_source": "osm",
        "coord_accuracy": "high",
        "place_id": "osm:node/9864085807"
      }
    },
    {
      "type": "Feature",
      "id": "yoga-france-0462",
      "geometry": {
        "type": "Point",
        "coordinates": [
          8.6794088,
          50.5909246
        ]
      },
      "properties": {
        "name": "YogaStudio OM",
        "category": "Yoga",
        "icon": "🧘",
        "coord_source": "osm",
        "coord_accuracy": "high",
        "place_id": "osm:node/9865642268",
        "address": "10 Marburger Straße 35390 Gießen"
      }
    },
    {
      "type": "Feature",
      "id": "yoga-france-0463",
      "geometry": {
        "type": "Point",
        "coordinates": [
          8.5080756,
          49.1238357
        ]
      },
      "properties": {
        "name": "Feel-Good Yogastudio",
        "category": "Yoga",
        "icon": "🧘",
        "coord_source": "osm",
        "coord_accuracy": "high",
        "place_id": "osm:node/9872833975",
        "address": "8 Gottlieb-Daimler-Straße 76297 Stutensee",
        "url": "https://www.feel-good-yogastudio.de/"
      }
    },
    {
      "type": "Feature",
      "id": "yoga-france-0464",
      "geometry": {
        "type": "Point",
        "coordinates": [
          -1.6584438,
          46.4349515
        ]
      },
      "properties": {
        "name": "Yoga #464",
        "category": "Yoga",
        "icon": "🧘",
        "coord_source": "osm",
        "coord_accuracy": "high",
        "place_id": "osm:node/9883477915"
      }
    },
    {
      "type": "Feature",
      "id": "yoga-france-0465",
      "geometry": {
        "type": "Point",
        "coordinates": [
          7.1068554,
          50.7277769
        ]
      },
      "properties": {
        "name": "Studio 52",
        "category": "Yoga",
        "icon": "🧘",
        "coord_source": "osm",
        "coord_accuracy": "high",
        "place_id": "osm:node/9895198992",
        "address": "52 Lennéstraße Bonn",
        "url": "https://www.studio-52.de/"
      }
    },
    {
      "type": "Feature",
      "id": "yoga-france-0466",
      "geometry": {
        "type": "Point",
        "coordinates": [
          7.1131171,
          50.720056
        ]
      },
      "properties": {
        "name": "Brigitte Mailänder",
        "category": "Yoga",
        "icon": "🧘",
        "coord_source": "osm",
        "coord_accuracy": "high",
        "place_id": "osm:node/9915936634",
        "address": "237 Kaiserstraße Bonn",
        "phone": "+49 228 97479570",
        "url": "http://www.mbsr-bonn-koeln.de/"
      }
    },
    {
      "type": "Feature",
      "id": "yoga-france-0467",
      "geometry": {
        "type": "Point",
        "coordinates": [
          -0.5796241,
          44.8439441
        ]
      },
      "properties": {
        "name": "Le Shala",
        "category": "Yoga",
        "icon": "🧘",
        "coord_source": "osm",
        "coord_accuracy": "high",
        "place_id": "osm:node/9963731723",
        "url": "https://leshala.fr/"
      }
    },
    {
      "type": "Feature",
      "id": "yoga-france-0468",
      "geometry": {
        "type": "Point",
        "coordinates": [
          2.3759612,
          48.8595354
        ]
      },
      "properties": {
        "name": "The Well",
        "category": "Yoga",
        "icon": "🧘",
        "coord_source": "osm",
        "coord_accuracy": "high",
        "place_id": "osm:node/9968290019"
      }
    },
    {
      "type": "Feature",
      "id": "yoga-france-0469",
      "geometry": {
        "type": "Point",
        "coordinates": [
          2.3169159,
          48.8435623
        ]
      },
      "properties": {
        "name": "Espace Falguière",
        "category": "Yoga",
        "icon": "🧘",
        "coord_source": "osm",
        "coord_accuracy": "high",
        "place_id": "osm:node/9977851268"
      }
    },
    {
      "type": "Feature",
      "id": "yoga-france-0470",
      "geometry": {
        "type": "Point",
        "coordinates": [
          8.6107339,
          49.7002173
        ]
      },
      "properties": {
        "name": "Yoga #470",
        "category": "Yoga",
        "icon": "🧘",
        "coord_source": "osm",
        "coord_accuracy": "high",
        "place_id": "osm:node/9996425678"
      }
    },
    {
      "type": "Feature",
      "id": "yoga-france-0471",
      "geometry": {
        "type": "Point",
        "coordinates": [
          8.5248406,
          47.3734845
        ]
      },
      "properties": {
        "name": "Bikram Yoga Zürich",
        "category": "Yoga",
        "icon": "🧘",
        "coord_source": "osm",
        "coord_accuracy": "high",
        "place_id": "osm:node/10001080264",
        "url": "https://www.bikramyoga.ch/"
      }
    },
    {
      "type": "Feature",
      "id": "yoga-france-0472",
      "geometry": {
        "type": "Point",
        "coordinates": [
          -1.5516311,
          47.2118001
        ]
      },
      "properties": {
        "name": "Sattvic Element",
        "category": "Yoga",
        "icon": "🧘",
        "coord_source": "osm",
        "coord_accuracy": "high",
        "place_id": "osm:node/10007278381"
      }
    },
    {
      "type": "Feature",
      "id": "yoga-france-0473",
      "geometry": {
        "type": "Point",
        "coordinates": [
          -1.4520945,
          49.0542808
        ]
      },
      "properties": {
        "name": "Yoganne",
        "category": "Yoga",
        "icon": "🧘",
        "coord_source": "osm",
        "coord_accuracy": "high",
        "place_id": "osm:node/10007345304",
        "address": "20 Les Hauts de la Vallée 50200 COUTANCES",
        "url": "https://yoganne-coutances.wixsite.com/site"
      }
    },
    {
      "type": "Feature",
      "id": "yoga-france-0474",
      "geometry": {
        "type": "Point",
        "coordinates": [
          -2.4711767,
          43.1836996
        ]
      },
      "properties": {
        "name": "Devi Om",
        "category": "Yoga",
        "icon": "🧘",
        "coord_source": "osm",
        "coord_accuracy": "high",
        "place_id": "osm:node/10031247564",
        "address": "20 Txantxazelai kalea",
        "phone": "+34 641 51 20 59"
      }
    },
    {
      "type": "Feature",
      "id": "yoga-france-0475",
      "geometry": {
        "type": "Point",
        "coordinates": [
          7.5874539,
          47.5656284
        ]
      },
      "properties": {
        "name": "The Looking Glass Basel",
        "category": "Yoga",
        "icon": "🧘",
        "coord_source": "osm",
        "coord_accuracy": "high",
        "place_id": "osm:node/10031814215",
        "url": "https://thelookingglassbasel.com/"
      }
    },
    {
      "type": "Feature",
      "id": "yoga-france-0476",
      "geometry": {
        "type": "Point",
        "coordinates": [
          2.3737579,
          48.8254646
        ]
      },
      "properties": {
        "name": "Karine Doucerain",
        "category": "Yoga",
        "icon": "🧘",
        "coord_source": "osm",
        "coord_accuracy": "high",
        "place_id": "osm:node/10050441781"
      }
    },
    {
      "type": "Feature",
      "id": "yoga-france-0477",
      "geometry": {
        "type": "Point",
        "coordinates": [
          -3.827315,
          48.5771855
        ]
      },
      "properties": {
        "name": "Ty Shala Yoga",
        "category": "Yoga",
        "icon": "🧘",
        "coord_source": "osm",
        "coord_accuracy": "high",
        "place_id": "osm:node/10083280896",
        "address": "1 Grande Rue Morlaix",
        "url": "https://tyshala.yoga/"
      }
    },
    {
      "type": "Feature",
      "id": "yoga-france-0478",
      "geometry": {
        "type": "Point",
        "coordinates": [
          5.042303,
          47.3328065
        ]
      },
      "properties": {
        "name": "L'atelier perché",
        "category": "Yoga",
        "icon": "🧘",
        "coord_source": "osm",
        "coord_accuracy": "high",
        "place_id": "osm:node/10131913051",
        "url": "https://www.atelier-perche-dijon.com/"
      }
    },
    {
      "type": "Feature",
      "id": "yoga-france-0479",
      "geometry": {
        "type": "Point",
        "coordinates": [
          -3.6628826,
          42.3535609
        ]
      },
      "properties": {
        "name": "Namasté",
        "category": "Yoga",
        "icon": "🧘",
        "coord_source": "osm",
        "coord_accuracy": "high",
        "place_id": "osm:node/10183349828"
      }
    },
    {
      "type": "Feature",
      "id": "yoga-france-0480",
      "geometry": {
        "type": "Point",
        "coordinates": [
          2.1475952,
          41.403212
        ]
      },
      "properties": {
        "name": "Yoga One Pl. Molina",
        "category": "Yoga",
        "icon": "🧘",
        "coord_source": "osm",
        "coord_accuracy": "high",
        "place_id": "osm:node/10199474990"
      }
    },
    {
      "type": "Feature",
      "id": "yoga-france-0481",
      "geometry": {
        "type": "Point",
        "coordinates": [
          1.5759253,
          48.5859416
        ]
      },
      "properties": {
        "name": "Yogarts",
        "category": "Yoga",
        "icon": "🧘",
        "coord_source": "osm",
        "coord_accuracy": "high",
        "place_id": "osm:node/10199820922",
        "url": "https://yogarts-paris.com/"
      }
    },
    {
      "type": "Feature",
      "id": "yoga-france-0482",
      "geometry": {
        "type": "Point",
        "coordinates": [
          6.5290773,
          46.5181052
        ]
      },
      "properties": {
        "name": "Espace Yoga Lotus",
        "category": "Yoga",
        "icon": "🧘",
        "coord_source": "osm",
        "coord_accuracy": "high",
        "place_id": "osm:node/10232582347",
        "phone": "+41 78 458 84 69",
        "url": "https://www.yoga-lotus.ch"
      }
    },
    {
      "type": "Feature",
      "id": "yoga-france-0483",
      "geometry": {
        "type": "Point",
        "coordinates": [
          8.5218228,
          47.3638291
        ]
      },
      "properties": {
        "name": "Templeshape",
        "category": "Yoga",
        "icon": "🧘",
        "coord_source": "osm",
        "coord_accuracy": "high",
        "place_id": "osm:node/10241254084",
        "address": "120 Manessestrasse 8045 Zürich",
        "url": "https://templeshape.com/"
      }
    },
    {
      "type": "Feature",
      "id": "yoga-france-0484",
      "geometry": {
        "type": "Point",
        "coordinates": [
          7.4850576,
          47.492836
        ]
      },
      "properties": {
        "name": "Yoga Leymen",
        "category": "Yoga",
        "icon": "🧘",
        "coord_source": "osm",
        "coord_accuracy": "high",
        "place_id": "osm:node/10247412407",
        "url": "https://yoga-leymen.com/"
      }
    },
    {
      "type": "Feature",
      "id": "yoga-france-0485",
      "geometry": {
        "type": "Point",
        "coordinates": [
          2.3699147,
          48.8565971
        ]
      },
      "properties": {
        "name": "Modo Yoga Paris",
        "category": "Yoga",
        "icon": "🧘",
        "coord_source": "osm",
        "coord_accuracy": "high",
        "place_id": "osm:node/10261401878",
        "url": "https://modoyoga.com/paris/"
      }
    },
    {
      "type": "Feature",
      "id": "yoga-france-0486",
      "geometry": {
        "type": "Point",
        "coordinates": [
          8.7814097,
          44.4277556
        ]
      },
      "properties": {
        "name": "Il cerchio",
        "category": "Yoga",
        "icon": "🧘",
        "coord_source": "osm",
        "coord_accuracy": "high",
        "place_id": "osm:node/10273667360"
      }
    },
    {
      "type": "Feature",
      "id": "yoga-france-0487",
      "geometry": {
        "type": "Point",
        "coordinates": [
          7.0162972,
          50.7219547
        ]
      },
      "properties": {
        "name": "Butterfly & Friends",
        "category": "Yoga",
        "icon": "🧘",
        "coord_source": "osm",
        "coord_accuracy": "high",
        "place_id": "osm:node/10289526578",
        "address": "12 Höhenweg 53347 Alfter",
        "hours": "\"nach Vereinbarung\"",
        "phone": "+49 151 23014284",
        "url": "https://butterfly-friends.de/"
      }
    },
    {
      "type": "Feature",
      "id": "yoga-france-0488",
      "geometry": {
        "type": "Point",
        "coordinates": [
          0.1597362,
          43.0687051
        ]
      },
      "properties": {
        "name": "La Yourte d'Hélène",
        "category": "Yoga",
        "icon": "🧘",
        "coord_source": "osm",
        "coord_accuracy": "high",
        "place_id": "osm:node/10305091445"
      }
    },
    {
      "type": "Feature",
      "id": "yoga-france-0489",
      "geometry": {
        "type": "Point",
        "coordinates": [
          8.5604506,
          47.4133867
        ]
      },
      "properties": {
        "name": "BMCyoga",
        "category": "Yoga",
        "icon": "🧘",
        "coord_source": "osm",
        "coord_accuracy": "high",
        "place_id": "osm:node/10309024465",
        "url": "https://bmcyoga.ch/de/start"
      }
    },
    {
      "type": "Feature",
      "id": "yoga-france-0490",
      "geometry": {
        "type": "Point",
        "coordinates": [
          -0.434149,
          45.4447975
        ]
      },
      "properties": {
        "name": "Pilates & Core",
        "category": "Yoga",
        "icon": "🧘",
        "coord_source": "osm",
        "coord_accuracy": "high",
        "place_id": "osm:node/10313173610",
        "address": "20 Rue James Sclafer"
      }
    },
    {
      "type": "Feature",
      "id": "yoga-france-0491",
      "geometry": {
        "type": "Point",
        "coordinates": [
          -3.5505966,
          47.87271
        ]
      },
      "properties": {
        "name": "Maison du Yoga",
        "category": "Yoga",
        "icon": "🧘",
        "coord_source": "osm",
        "coord_accuracy": "high",
        "place_id": "osm:node/10314463223",
        "phone": "+33 6 11 54 98 30",
        "url": "https://yoga-quimperle.com/"
      }
    },
    {
      "type": "Feature",
      "id": "yoga-france-0492",
      "geometry": {
        "type": "Point",
        "coordinates": [
          6.7623024,
          50.6528683
        ]
      },
      "properties": {
        "name": "greenYOGArden",
        "category": "Yoga",
        "icon": "🧘",
        "coord_source": "osm",
        "coord_accuracy": "high",
        "place_id": "osm:node/10350003984",
        "address": "30 Josef-Ruhr-Straße 53879 Euskirchen",
        "url": "https://www.greenyogarden.com/"
      }
    },
    {
      "type": "Feature",
      "id": "yoga-france-0493",
      "geometry": {
        "type": "Point",
        "coordinates": [
          9.0405142,
          48.4067946
        ]
      },
      "properties": {
        "name": "Jankayoga",
        "category": "Yoga",
        "icon": "🧘",
        "coord_source": "osm",
        "coord_accuracy": "high",
        "place_id": "osm:node/10536544982",
        "phone": "+49 1725799712",
        "url": "https://jankayoga.de/"
      }
    },
    {
      "type": "Feature",
      "id": "yoga-france-0494",
      "geometry": {
        "type": "Point",
        "coordinates": [
          2.1605334,
          41.4004652
        ]
      },
      "properties": {
        "name": "Jardín de Hara",
        "category": "Yoga",
        "icon": "🧘",
        "coord_source": "osm",
        "coord_accuracy": "high",
        "place_id": "osm:node/10543747709",
        "address": "25 Carrer de la Fraternitat 08012 Barcelona",
        "phone": "+34699076762",
        "url": "https://www.jardindehara.com/"
      }
    },
    {
      "type": "Feature",
      "id": "yoga-france-0495",
      "geometry": {
        "type": "Point",
        "coordinates": [
          4.1193305,
          46.4441299
        ]
      },
      "properties": {
        "name": "La petite Havane",
        "category": "Yoga",
        "icon": "🧘",
        "coord_source": "osm",
        "coord_accuracy": "high",
        "place_id": "osm:node/10558985509",
        "address": "18 Route de Poisson 71600 Paray-le-Monial",
        "hours": "Mo 09:30-11:00, 18:30-20:00; Tu 09:30-11:00, 12:20-13:50; We 16:00-17:00, 17:30-18:30; Th 18:00-19:30, 20:00-21:30",
        "phone": "+33 3 85 81 31 16",
        "url": "https://lapetitehavane.com/"
      }
    },
    {
      "type": "Feature",
      "id": "yoga-france-0496",
      "geometry": {
        "type": "Point",
        "coordinates": [
          -2.8872479,
          43.2110965
        ]
      },
      "properties": {
        "name": "Arrigoyoga",
        "category": "Yoga",
        "icon": "🧘",
        "coord_source": "osm",
        "coord_accuracy": "high",
        "place_id": "osm:node/10572937712"
      }
    },
    {
      "type": "Feature",
      "id": "yoga-france-0497",
      "geometry": {
        "type": "Point",
        "coordinates": [
          6.9164012,
          50.9225596
        ]
      },
      "properties": {
        "name": "Körper-WG",
        "category": "Yoga",
        "icon": "🧘",
        "coord_source": "osm",
        "coord_accuracy": "high",
        "place_id": "osm:node/10579294304"
      }
    },
    {
      "type": "Feature",
      "id": "yoga-france-0498",
      "geometry": {
        "type": "Point",
        "coordinates": [
          7.583272,
          47.5571291
        ]
      },
      "properties": {
        "name": "Anjali",
        "category": "Yoga",
        "icon": "🧘",
        "coord_source": "osm",
        "coord_accuracy": "high",
        "place_id": "osm:node/10598818059"
      }
    },
    {
      "type": "Feature",
      "id": "yoga-france-0499",
      "geometry": {
        "type": "Point",
        "coordinates": [
          6.1386622,
          46.2112984
        ]
      },
      "properties": {
        "name": "Shanti Club",
        "category": "Yoga",
        "icon": "🧘",
        "coord_source": "osm",
        "coord_accuracy": "high",
        "place_id": "osm:node/10599253110",
        "hours": "\"Monthly program\"",
        "url": "https://www.shanticlub.ch/"
      }
    },
    {
      "type": "Feature",
      "id": "yoga-france-0500",
      "geometry": {
        "type": "Point",
        "coordinates": [
          8.8773465,
          48.7580606
        ]
      },
      "properties": {
        "name": "Schön-Yoga",
        "category": "Yoga",
        "icon": "🧘",
        "coord_source": "osm",
        "coord_accuracy": "high",
        "place_id": "osm:node/10606990554",
        "address": "26 Sonnenblumenrain 71263 Weil der Stadt",
        "url": "https://www.schoen-yoga.de/"
      }
    },
    {
      "type": "Feature",
      "id": "yoga-france-0501",
      "geometry": {
        "type": "Point",
        "coordinates": [
          4.3422306,
          50.8266565
        ]
      },
      "properties": {
        "name": "Lokahi Holistic Studio",
        "category": "Yoga",
        "icon": "🧘",
        "coord_source": "osm",
        "coord_accuracy": "high",
        "place_id": "osm:node/10633599819",
        "url": "https://www.lokahistudio.com/"
      }
    },
    {
      "type": "Feature",
      "id": "yoga-france-0502",
      "geometry": {
        "type": "Point",
        "coordinates": [
          -2.9902991,
          43.3276001
        ]
      },
      "properties": {
        "name": "Centro Mandala",
        "category": "Yoga",
        "icon": "🧘",
        "coord_source": "osm",
        "coord_accuracy": "high",
        "place_id": "osm:node/10655512104"
      }
    },
    {
      "type": "Feature",
      "id": "yoga-france-0503",
      "geometry": {
        "type": "Point",
        "coordinates": [
          9.113449,
          45.4206731
        ]
      },
      "properties": {
        "name": "Centro Yoga Anahata A.S.D.",
        "category": "Yoga",
        "icon": "🧘",
        "coord_source": "osm",
        "coord_accuracy": "high",
        "place_id": "osm:node/10682866167",
        "address": "18 Via della Resistenza 20090 Buccinasco",
        "phone": "+393466886169",
        "url": "https://anahatayoga.it"
      }
    },
    {
      "type": "Feature",
      "id": "yoga-france-0504",
      "geometry": {
        "type": "Point",
        "coordinates": [
          8.7328003,
          50.4286461
        ]
      },
      "properties": {
        "name": "Praxis für bewusstes Sein",
        "category": "Yoga",
        "icon": "🧘",
        "coord_source": "osm",
        "coord_accuracy": "high",
        "place_id": "osm:node/10687151190"
      }
    },
    {
      "type": "Feature",
      "id": "yoga-france-0505",
      "geometry": {
        "type": "Point",
        "coordinates": [
          4.3984701,
          50.8397436
        ]
      },
      "properties": {
        "name": "European Yoga Institute",
        "category": "Yoga",
        "icon": "🧘",
        "coord_source": "osm",
        "coord_accuracy": "high",
        "place_id": "osm:node/10700703284",
        "phone": "+32 2 732 42 16"
      }
    },
    {
      "type": "Feature",
      "id": "yoga-france-0506",
      "geometry": {
        "type": "Point",
        "coordinates": [
          5.7145222,
          45.1850284
        ]
      },
      "properties": {
        "name": "Au fil du yoga",
        "category": "Yoga",
        "icon": "🧘",
        "coord_source": "osm",
        "coord_accuracy": "high",
        "place_id": "osm:node/10711754905"
      }
    },
    {
      "type": "Feature",
      "id": "yoga-france-0507",
      "geometry": {
        "type": "Point",
        "coordinates": [
          2.161568,
          41.386906
        ]
      },
      "properties": {
        "name": "Mou Pilates",
        "category": "Yoga",
        "icon": "🧘",
        "coord_source": "osm",
        "coord_accuracy": "high",
        "place_id": "osm:node/10725951113"
      }
    },
    {
      "type": "Feature",
      "id": "yoga-france-0508",
      "geometry": {
        "type": "Point",
        "coordinates": [
          4.364614,
          50.8354432
        ]
      },
      "properties": {
        "name": "The house of yoga",
        "category": "Yoga",
        "icon": "🧘",
        "coord_source": "osm",
        "coord_accuracy": "high",
        "place_id": "osm:node/10739057544",
        "url": "https://thehouseofyoga.eu"
      }
    },
    {
      "type": "Feature",
      "id": "yoga-france-0509",
      "geometry": {
        "type": "Point",
        "coordinates": [
          2.1601855,
          41.4012917
        ]
      },
      "properties": {
        "name": "yoga-marga autopráctica",
        "category": "Yoga",
        "icon": "🧘",
        "coord_source": "osm",
        "coord_accuracy": "high",
        "place_id": "osm:node/10743385198",
        "address": "14 Carrer de Siracusa",
        "phone": "+34 625 42 44 79",
        "url": "https://www.yoga-marga.com"
      }
    },
    {
      "type": "Feature",
      "id": "yoga-france-0510",
      "geometry": {
        "type": "Point",
        "coordinates": [
          2.3906646,
          48.8502191
        ]
      },
      "properties": {
        "name": "L'art de vivre",
        "category": "Yoga",
        "icon": "🧘",
        "coord_source": "osm",
        "coord_accuracy": "high",
        "place_id": "osm:node/10747045703"
      }
    },
    {
      "type": "Feature",
      "id": "yoga-france-0511",
      "geometry": {
        "type": "Point",
        "coordinates": [
          2.380527,
          48.8485526
        ]
      },
      "properties": {
        "name": "Espace Crozatier",
        "category": "Yoga",
        "icon": "🧘",
        "coord_source": "osm",
        "coord_accuracy": "high",
        "place_id": "osm:node/10750312127",
        "address": "46 Rue Crozatier 75012 Paris",
        "phone": "+33 6 19 60 78 76"
      }
    },
    {
      "type": "Feature",
      "id": "yoga-france-0512",
      "geometry": {
        "type": "Point",
        "coordinates": [
          -3.005778,
          43.3502681
        ]
      },
      "properties": {
        "name": "Vive Yoga estudio",
        "category": "Yoga",
        "icon": "🧘",
        "coord_source": "osm",
        "coord_accuracy": "high",
        "place_id": "osm:node/10756613256"
      }
    },
    {
      "type": "Feature",
      "id": "yoga-france-0513",
      "geometry": {
        "type": "Point",
        "coordinates": [
          -4.4800223,
          48.3869337
        ]
      },
      "properties": {
        "name": "L'Atelier du Yoga",
        "category": "Yoga",
        "icon": "🧘",
        "coord_source": "osm",
        "coord_accuracy": "high",
        "place_id": "osm:node/10766110926"
      }
    },
    {
      "type": "Feature",
      "id": "yoga-france-0514",
      "geometry": {
        "type": "Point",
        "coordinates": [
          -0.1357896,
          50.826369
        ]
      },
      "properties": {
        "name": "About Balance",
        "category": "Yoga",
        "icon": "🧘",
        "coord_source": "osm",
        "coord_accuracy": "high",
        "place_id": "osm:node/10779494546",
        "address": "20-22 Gloucester Place",
        "phone": "+44 1273 686882",
        "url": "https://www.aboutbalancebrighton.com"
      }
    },
    {
      "type": "Feature",
      "id": "yoga-france-0515",
      "geometry": {
        "type": "Point",
        "coordinates": [
          1.6988991,
          44.1523808
        ]
      },
      "properties": {
        "name": "La Roane",
        "category": "Yoga",
        "icon": "🧘",
        "coord_source": "osm",
        "coord_accuracy": "high",
        "place_id": "osm:node/10783707356"
      }
    },
    {
      "type": "Feature",
      "id": "yoga-france-0516",
      "geometry": {
        "type": "Point",
        "coordinates": [
          7.6925282,
          45.0536968
        ]
      },
      "properties": {
        "name": "Art of Living",
        "category": "Yoga",
        "icon": "🧘",
        "coord_source": "osm",
        "coord_accuracy": "high",
        "place_id": "osm:node/10784287024",
        "address": "105 Corso Giovanni Lanza 10133 Torino",
        "phone": "+39 3347171147",
        "url": "https://artoflivingtorino.it/"
      }
    },
    {
      "type": "Feature",
      "id": "yoga-france-0517",
      "geometry": {
        "type": "Point",
        "coordinates": [
          -1.2743482,
          43.5884431
        ]
      },
      "properties": {
        "name": "Yam Yoga Farm",
        "category": "Yoga",
        "icon": "🧘",
        "coord_source": "osm",
        "coord_accuracy": "high",
        "place_id": "osm:node/10792479451",
        "address": "100 Chemin de Guilhem Cazaux 40390 saint martin de hinx",
        "phone": "+33 6 63 37 77 73",
        "url": "https://www.yamyogafarm.com/"
      }
    },
    {
      "type": "Feature",
      "id": "yoga-france-0518",
      "geometry": {
        "type": "Point",
        "coordinates": [
          2.2714867,
          48.6383421
        ]
      },
      "properties": {
        "name": "Bien-être et Cie",
        "category": "Yoga",
        "icon": "🧘",
        "coord_source": "osm",
        "coord_accuracy": "high",
        "place_id": "osm:node/10812995353"
      }
    },
    {
      "type": "Feature",
      "id": "yoga-france-0519",
      "geometry": {
        "type": "Point",
        "coordinates": [
          2.3443153,
          48.8643471
        ]
      },
      "properties": {
        "name": "Yuj - Yoga Studio",
        "category": "Yoga",
        "icon": "🧘",
        "coord_source": "osm",
        "coord_accuracy": "high",
        "place_id": "osm:node/10814991390"
      }
    },
    {
      "type": "Feature",
      "id": "yoga-france-0520",
      "geometry": {
        "type": "Point",
        "coordinates": [
          -2.4712669,
          43.1836568
        ]
      },
      "properties": {
        "name": "Anuma",
        "category": "Yoga",
        "icon": "🧘",
        "coord_source": "osm",
        "coord_accuracy": "high",
        "place_id": "osm:node/10822317010",
        "address": "20 Txantxazelai kalea"
      }
    },
    {
      "type": "Feature",
      "id": "yoga-france-0521",
      "geometry": {
        "type": "Point",
        "coordinates": [
          -1.913606,
          43.3098692
        ]
      },
      "properties": {
        "name": "Om Shanti",
        "category": "Yoga",
        "icon": "🧘",
        "coord_source": "osm",
        "coord_accuracy": "high",
        "place_id": "osm:node/10822950618"
      }
    },
    {
      "type": "Feature",
      "id": "yoga-france-0522",
      "geometry": {
        "type": "Point",
        "coordinates": [
          8.5128965,
          47.3707643
        ]
      },
      "properties": {
        "name": "Atelier Flow",
        "category": "Yoga",
        "icon": "🧘",
        "coord_source": "osm",
        "coord_accuracy": "high",
        "place_id": "osm:node/10827067814",
        "address": "120 Goldbrunnenstrasse 8055 Zürich"
      }
    },
    {
      "type": "Feature",
      "id": "yoga-france-0523",
      "geometry": {
        "type": "Point",
        "coordinates": [
          8.5130493,
          47.3706096
        ]
      },
      "properties": {
        "name": "HOGA Yoga Studio",
        "category": "Yoga",
        "icon": "🧘",
        "coord_source": "osm",
        "coord_accuracy": "high",
        "place_id": "osm:node/10827067815",
        "address": "120 Goldbrunnenstrasse 8055 Zürich",
        "url": "https://houseofgentlearts.ch/"
      }
    },
    {
      "type": "Feature",
      "id": "yoga-france-0524",
      "geometry": {
        "type": "Point",
        "coordinates": [
          8.6360056,
          49.9452768
        ]
      },
      "properties": {
        "name": "MeTime by CK",
        "category": "Yoga",
        "icon": "🧘",
        "coord_source": "osm",
        "coord_accuracy": "high",
        "place_id": "osm:node/10845605576",
        "address": "14b Südliche Ringstraße 64390 Erzhausen",
        "url": "https://metime-by-ck.de/"
      }
    },
    {
      "type": "Feature",
      "id": "yoga-france-0525",
      "geometry": {
        "type": "Point",
        "coordinates": [
          -1.9043606,
          43.3117295
        ]
      },
      "properties": {
        "name": "Urtzi Artola Yoga",
        "category": "Yoga",
        "icon": "🧘",
        "coord_source": "osm",
        "coord_accuracy": "high",
        "place_id": "osm:node/10846730882",
        "url": "https://urtziartolayoga.com/"
      }
    },
    {
      "type": "Feature",
      "id": "yoga-france-0526",
      "geometry": {
        "type": "Point",
        "coordinates": [
          -1.5471384,
          43.4813198
        ]
      },
      "properties": {
        "name": "Yogang",
        "category": "Yoga",
        "icon": "🧘",
        "coord_source": "osm",
        "coord_accuracy": "high",
        "place_id": "osm:node/10873162752",
        "url": "https://yogang-biarritz.fr/"
      }
    },
    {
      "type": "Feature",
      "id": "yoga-france-0527",
      "geometry": {
        "type": "Point",
        "coordinates": [
          8.9288921,
          46.0086061
        ]
      },
      "properties": {
        "name": "Centro Yoga Amrita",
        "category": "Yoga",
        "icon": "🧘",
        "coord_source": "osm",
        "coord_accuracy": "high",
        "place_id": "osm:node/10887427394"
      }
    },
    {
      "type": "Feature",
      "id": "yoga-france-0528",
      "geometry": {
        "type": "Point",
        "coordinates": [
          8.5367573,
          47.3911234
        ]
      },
      "properties": {
        "name": "Yoga2be",
        "category": "Yoga",
        "icon": "🧘",
        "coord_source": "osm",
        "coord_accuracy": "high",
        "place_id": "osm:node/10893547518",
        "url": "https://yoga2be.ch"
      }
    },
    {
      "type": "Feature",
      "id": "yoga-france-0529",
      "geometry": {
        "type": "Point",
        "coordinates": [
          8.6593717,
          49.474362
        ]
      },
      "properties": {
        "name": "Yogazeit",
        "category": "Yoga",
        "icon": "🧘",
        "coord_source": "osm",
        "coord_accuracy": "high",
        "place_id": "osm:node/10910655986"
      }
    },
    {
      "type": "Feature",
      "id": "yoga-france-0530",
      "geometry": {
        "type": "Point",
        "coordinates": [
          3.4103959,
          43.3996444
        ]
      },
      "properties": {
        "name": "Tousyogis",
        "category": "Yoga",
        "icon": "🧘",
        "coord_source": "osm",
        "coord_accuracy": "high",
        "place_id": "osm:node/10916670604",
        "url": "https://www.tousyogis.com/"
      }
    },
    {
      "type": "Feature",
      "id": "yoga-france-0531",
      "geometry": {
        "type": "Point",
        "coordinates": [
          2.3348577,
          48.8815938
        ]
      },
      "properties": {
        "name": "Yay",
        "category": "Yoga",
        "icon": "🧘",
        "coord_source": "osm",
        "coord_accuracy": "high",
        "place_id": "osm:node/10940356054"
      }
    },
    {
      "type": "Feature",
      "id": "yoga-france-0532",
      "geometry": {
        "type": "Point",
        "coordinates": [
          8.5371077,
          47.3691171
        ]
      },
      "properties": {
        "name": "Pilatesfabrik",
        "category": "Yoga",
        "icon": "🧘",
        "coord_source": "osm",
        "coord_accuracy": "high",
        "place_id": "osm:node/10967856736"
      }
    },
    {
      "type": "Feature",
      "id": "yoga-france-0533",
      "geometry": {
        "type": "Point",
        "coordinates": [
          2.3772261,
          48.8583349
        ]
      },
      "properties": {
        "name": "Mu:v",
        "category": "Yoga",
        "icon": "🧘",
        "coord_source": "osm",
        "coord_accuracy": "high",
        "place_id": "osm:node/10976553569",
        "address": "6 Passage Lisa 75011 Paris"
      }
    },
    {
      "type": "Feature",
      "id": "yoga-france-0534",
      "geometry": {
        "type": "Point",
        "coordinates": [
          -2.0795725,
          43.1328342
        ]
      },
      "properties": {
        "name": "Parashakti",
        "category": "Yoga",
        "icon": "🧘",
        "coord_source": "osm",
        "coord_accuracy": "high",
        "place_id": "osm:node/10983753016",
        "address": "20 Iurre auzoa"
      }
    },
    {
      "type": "Feature",
      "id": "yoga-france-0535",
      "geometry": {
        "type": "Point",
        "coordinates": [
          -1.1506639,
          46.1612749
        ]
      },
      "properties": {
        "name": "Angèle Yoga",
        "category": "Yoga",
        "icon": "🧘",
        "coord_source": "osm",
        "coord_accuracy": "high",
        "place_id": "osm:node/11011583748",
        "phone": "+33608660700",
        "url": "https://angele.yoga/"
      }
    },
    {
      "type": "Feature",
      "id": "yoga-france-0536",
      "geometry": {
        "type": "Point",
        "coordinates": [
          9.2835145,
          48.5366852
        ]
      },
      "properties": {
        "name": "YOGALIEBE",
        "category": "Yoga",
        "icon": "🧘",
        "coord_source": "osm",
        "coord_accuracy": "high",
        "place_id": "osm:node/11025912878",
        "address": "2 Enzianhöfe 72555 Metzingen",
        "url": "https://www.yoga-liebe.de/"
      }
    },
    {
      "type": "Feature",
      "id": "yoga-france-0537",
      "geometry": {
        "type": "Point",
        "coordinates": [
          6.954631,
          50.9617107
        ]
      },
      "properties": {
        "name": "Svagatam Yoga",
        "category": "Yoga",
        "icon": "🧘",
        "coord_source": "osm",
        "coord_accuracy": "high",
        "place_id": "osm:node/11057228888",
        "url": "https://www.svagatam.yoga/"
      }
    },
    {
      "type": "Feature",
      "id": "yoga-france-0538",
      "geometry": {
        "type": "Point",
        "coordinates": [
          8.2917683,
          47.1666559
        ]
      },
      "properties": {
        "name": "Singha",
        "category": "Yoga",
        "icon": "🧘",
        "coord_source": "osm",
        "coord_accuracy": "high",
        "place_id": "osm:node/11059373012"
      }
    },
    {
      "type": "Feature",
      "id": "yoga-france-0539",
      "geometry": {
        "type": "Point",
        "coordinates": [
          -1.1493948,
          46.1601001
        ]
      },
      "properties": {
        "name": "Paradox",
        "category": "Yoga",
        "icon": "🧘",
        "coord_source": "osm",
        "coord_accuracy": "high",
        "place_id": "osm:node/11062540180",
        "url": "https://paradox-larochelle.fr/"
      }
    },
    {
      "type": "Feature",
      "id": "yoga-france-0540",
      "geometry": {
        "type": "Point",
        "coordinates": [
          -1.1482173,
          46.1591891
        ]
      },
      "properties": {
        "name": "Paradox",
        "category": "Yoga",
        "icon": "🧘",
        "coord_source": "osm",
        "coord_accuracy": "high",
        "place_id": "osm:node/11063115553"
      }
    },
    {
      "type": "Feature",
      "id": "yoga-france-0541",
      "geometry": {
        "type": "Point",
        "coordinates": [
          2.1696798,
          41.3819933
        ]
      },
      "properties": {
        "name": "Yoga Weeks Barcelona",
        "category": "Yoga",
        "icon": "🧘",
        "coord_source": "osm",
        "coord_accuracy": "high",
        "place_id": "osm:node/11102054743",
        "phone": "+34 93 280 71 22",
        "url": "https://www.yogaweeks.com"
      }
    },
    {
      "type": "Feature",
      "id": "yoga-france-0542",
      "geometry": {
        "type": "Point",
        "coordinates": [
          -0.3701041,
          43.2981458
        ]
      },
      "properties": {
        "name": "Yogavie",
        "category": "Yoga",
        "icon": "🧘",
        "coord_source": "osm",
        "coord_accuracy": "high",
        "place_id": "osm:node/11115188941",
        "phone": "+33 6 42 05 81 27",
        "url": "https://yogavieapau.com"
      }
    },
    {
      "type": "Feature",
      "id": "yoga-france-0543",
      "geometry": {
        "type": "Point",
        "coordinates": [
          -0.7729805,
          46.8369972
        ]
      },
      "properties": {
        "name": "Yoga #543",
        "category": "Yoga",
        "icon": "🧘",
        "coord_source": "osm",
        "coord_accuracy": "high",
        "place_id": "osm:node/11123090091"
      }
    },
    {
      "type": "Feature",
      "id": "yoga-france-0544",
      "geometry": {
        "type": "Point",
        "coordinates": [
          -3.7957901,
          43.4646604
        ]
      },
      "properties": {
        "name": "Birkam Yoga",
        "category": "Yoga",
        "icon": "🧘",
        "coord_source": "osm",
        "coord_accuracy": "high",
        "place_id": "osm:node/11148941370"
      }
    },
    {
      "type": "Feature",
      "id": "yoga-france-0545",
      "geometry": {
        "type": "Point",
        "coordinates": [
          -2.462837,
          43.1874446
        ]
      },
      "properties": {
        "name": "Kamala",
        "category": "Yoga",
        "icon": "🧘",
        "coord_source": "osm",
        "coord_accuracy": "high",
        "place_id": "osm:node/11155362170",
        "address": "3 Asua-erreka kalea"
      }
    },
    {
      "type": "Feature",
      "id": "yoga-france-0546",
      "geometry": {
        "type": "Point",
        "coordinates": [
          6.9498364,
          50.9614061
        ]
      },
      "properties": {
        "name": "Nyingma Zentrum Deutschland",
        "category": "Yoga",
        "icon": "🧘",
        "coord_source": "osm",
        "coord_accuracy": "high",
        "place_id": "osm:node/11160932026",
        "address": "66 Siebachstraße 50733 Köln",
        "phone": "+49 221 5890474",
        "url": "https://www.nyingmazentrum.de"
      }
    },
    {
      "type": "Feature",
      "id": "yoga-france-0547",
      "geometry": {
        "type": "Point",
        "coordinates": [
          9.2013223,
          45.4774196
        ]
      },
      "properties": {
        "name": "Bali Yoga",
        "category": "Yoga",
        "icon": "🧘",
        "coord_source": "osm",
        "coord_accuracy": "high",
        "place_id": "osm:node/11169880498",
        "address": "42 Via Panfilo Castaldi 20124 Milano",
        "phone": "+39 3338878078",
        "url": "https://www.baliyoga.it/"
      }
    },
    {
      "type": "Feature",
      "id": "yoga-france-0548",
      "geometry": {
        "type": "Point",
        "coordinates": [
          8.7228474,
          47.1951578
        ]
      },
      "properties": {
        "name": "Joshuas Yogastudio",
        "category": "Yoga",
        "icon": "🧘",
        "coord_source": "osm",
        "coord_accuracy": "high",
        "place_id": "osm:node/11173637070",
        "address": "18 Bahnhofstrasse 8832 Wollerau",
        "phone": "+41 78 882 66 84",
        "url": "https://www.joshuas-yogastudio.ch/"
      }
    },
    {
      "type": "Feature",
      "id": "yoga-france-0549",
      "geometry": {
        "type": "Point",
        "coordinates": [
          8.6473637,
          50.1225225
        ]
      },
      "properties": {
        "name": "Timo Wahl Yoga",
        "category": "Yoga",
        "icon": "🧘",
        "coord_source": "osm",
        "coord_accuracy": "high",
        "place_id": "osm:node/11184323319",
        "phone": "+49697526001",
        "url": "https://timowahl.de/"
      }
    },
    {
      "type": "Feature",
      "id": "yoga-france-0550",
      "geometry": {
        "type": "Point",
        "coordinates": [
          4.38719,
          45.4369783
        ]
      },
      "properties": {
        "name": "Mood Yoga",
        "category": "Yoga",
        "icon": "🧘",
        "coord_source": "osm",
        "coord_accuracy": "high",
        "place_id": "osm:node/11189814278",
        "url": "https://www.moodyoga.fr/"
      }
    },
    {
      "type": "Feature",
      "id": "yoga-france-0551",
      "geometry": {
        "type": "Point",
        "coordinates": [
          -2.7220409,
          43.4206028
        ]
      },
      "properties": {
        "name": "Hara",
        "category": "Yoga",
        "icon": "🧘",
        "coord_source": "osm",
        "coord_accuracy": "high",
        "place_id": "osm:node/11195058911",
        "address": "9 Bidebarrieta"
      }
    },
    {
      "type": "Feature",
      "id": "yoga-france-0552",
      "geometry": {
        "type": "Point",
        "coordinates": [
          2.3316843,
          48.8415336
        ]
      },
      "properties": {
        "name": "Studio Métamorphose",
        "category": "Yoga",
        "icon": "🧘",
        "coord_source": "osm",
        "coord_accuracy": "high",
        "place_id": "osm:node/11202486801",
        "hours": "Mo-Tu,Th 09:00-20:00, We 09:00-18:00, Fr 09:00-16:00, Sa 09:00-14:00",
        "url": "https://www.studio-metamorphose-paris.fr"
      }
    },
    {
      "type": "Feature",
      "id": "yoga-france-0553",
      "geometry": {
        "type": "Point",
        "coordinates": [
          2.3090545,
          48.8842721
        ]
      },
      "properties": {
        "name": "Yay Yoga And You",
        "category": "Yoga",
        "icon": "🧘",
        "coord_source": "osm",
        "coord_accuracy": "high",
        "place_id": "osm:node/11212318408",
        "hours": "\"Sur planning\""
      }
    },
    {
      "type": "Feature",
      "id": "yoga-france-0554",
      "geometry": {
        "type": "Point",
        "coordinates": [
          2.3520628,
          48.876922
        ]
      },
      "properties": {
        "name": "Baba Yoga Club",
        "category": "Yoga",
        "icon": "🧘",
        "coord_source": "osm",
        "coord_accuracy": "high",
        "place_id": "osm:node/11233035604"
      }
    },
    {
      "type": "Feature",
      "id": "yoga-france-0555",
      "geometry": {
        "type": "Point",
        "coordinates": [
          4.1760107,
          50.4120743
        ]
      },
      "properties": {
        "name": "Cercle de Yoga Traditionnel",
        "category": "Yoga",
        "icon": "🧘",
        "coord_source": "osm",
        "coord_accuracy": "high",
        "place_id": "osm:node/11248591300",
        "address": "3 Avenue Marie-José",
        "phone": "+32 64332592"
      }
    },
    {
      "type": "Feature",
      "id": "yoga-france-0556",
      "geometry": {
        "type": "Point",
        "coordinates": [
          -4.5295644,
          48.0181428
        ]
      },
      "properties": {
        "name": "Shereen",
        "category": "Yoga",
        "icon": "🧘",
        "coord_source": "osm",
        "coord_accuracy": "high",
        "place_id": "osm:node/11266682207"
      }
    },
    {
      "type": "Feature",
      "id": "yoga-france-0557",
      "geometry": {
        "type": "Point",
        "coordinates": [
          -3.1870752,
          50.8003705
        ]
      },
      "properties": {
        "name": "Bliss Yoga Studio",
        "category": "Yoga",
        "icon": "🧘",
        "coord_source": "osm",
        "coord_accuracy": "high",
        "place_id": "osm:node/11267319746",
        "address": "High Street Honiton"
      }
    },
    {
      "type": "Feature",
      "id": "yoga-france-0558",
      "geometry": {
        "type": "Point",
        "coordinates": [
          2.1603349,
          41.4045222
        ]
      },
      "properties": {
        "name": "Centre de Mindfulness de Barcelona",
        "category": "Yoga",
        "icon": "🧘",
        "coord_source": "osm",
        "coord_accuracy": "high",
        "place_id": "osm:node/11267626464",
        "address": "15 Carrer de Bruniquer"
      }
    },
    {
      "type": "Feature",
      "id": "yoga-france-0559",
      "geometry": {
        "type": "Point",
        "coordinates": [
          -2.0204184,
          43.219208
        ]
      },
      "properties": {
        "name": "Hegoabil",
        "category": "Yoga",
        "icon": "🧘",
        "coord_source": "osm",
        "coord_accuracy": "high",
        "place_id": "osm:node/11269482527",
        "phone": "+34 688755474",
        "url": "https://pilates-andoain.negocio.site/"
      }
    },
    {
      "type": "Feature",
      "id": "yoga-france-0560",
      "geometry": {
        "type": "Point",
        "coordinates": [
          -3.1021781,
          51.0174091
        ]
      },
      "properties": {
        "name": "Nourish",
        "category": "Yoga",
        "icon": "🧘",
        "coord_source": "osm",
        "coord_accuracy": "high",
        "place_id": "osm:node/11295401196",
        "address": "The Quay TA1 1FB Taunton",
        "url": "https://nourishyoga.co.uk"
      }
    },
    {
      "type": "Feature",
      "id": "yoga-france-0561",
      "geometry": {
        "type": "Point",
        "coordinates": [
          8.7031378,
          50.1198881
        ]
      },
      "properties": {
        "name": "Ashtanga Yoga",
        "category": "Yoga",
        "icon": "🧘",
        "coord_source": "osm",
        "coord_accuracy": "high",
        "place_id": "osm:node/11297618463",
        "hours": "Mo-Fr 06:00-08:00, Mo,We,Fr 18:00-20:00, Su 08:00-10:00,16:00-18:00; Sa off"
      }
    },
    {
      "type": "Feature",
      "id": "yoga-france-0562",
      "geometry": {
        "type": "Point",
        "coordinates": [
          7.2295598,
          50.6436867
        ]
      },
      "properties": {
        "name": "YogAme",
        "category": "Yoga",
        "icon": "🧘",
        "coord_source": "osm",
        "coord_accuracy": "high",
        "place_id": "osm:node/11339053577"
      }
    },
    {
      "type": "Feature",
      "id": "yoga-france-0563",
      "geometry": {
        "type": "Point",
        "coordinates": [
          2.1515323,
          41.4067997
        ]
      },
      "properties": {
        "name": "Yoga Body",
        "category": "Yoga",
        "icon": "🧘",
        "coord_source": "osm",
        "coord_accuracy": "high",
        "place_id": "osm:node/11339588227"
      }
    },
    {
      "type": "Feature",
      "id": "yoga-france-0564",
      "geometry": {
        "type": "Point",
        "coordinates": [
          2.3285032,
          48.8439078
        ]
      },
      "properties": {
        "name": "Yoga Raspail",
        "category": "Yoga",
        "icon": "🧘",
        "coord_source": "osm",
        "coord_accuracy": "high",
        "place_id": "osm:node/11349888533",
        "url": "https://www.yogaraspail.fr"
      }
    },
    {
      "type": "Feature",
      "id": "yoga-france-0565",
      "geometry": {
        "type": "Point",
        "coordinates": [
          9.1773793,
          45.4530555
        ]
      },
      "properties": {
        "name": "Yoga Shop",
        "category": "Yoga",
        "icon": "🧘",
        "coord_source": "osm",
        "coord_accuracy": "high",
        "place_id": "osm:node/11362434565",
        "address": "25 Viale Gabriele d'Annunzio 20123 Milano",
        "hours": "Su-Mo off; Tu-Fr 10:00-19:00; Sa 10:00-18:00",
        "url": "https://www.yogashop.it/"
      }
    },
    {
      "type": "Feature",
      "id": "yoga-france-0566",
      "geometry": {
        "type": "Point",
        "coordinates": [
          -0.5640789,
          47.4778118
        ]
      },
      "properties": {
        "name": "Yoga",
        "category": "Yoga",
        "icon": "🧘",
        "coord_source": "osm",
        "coord_accuracy": "high",
        "place_id": "osm:node/11396596883"
      }
    },
    {
      "type": "Feature",
      "id": "yoga-france-0567",
      "geometry": {
        "type": "Point",
        "coordinates": [
          4.5115363,
          50.8241167
        ]
      },
      "properties": {
        "name": "Tree of Life",
        "category": "Yoga",
        "icon": "🧘",
        "coord_source": "osm",
        "coord_accuracy": "high",
        "place_id": "osm:node/11397086887",
        "hours": "Mo-Fr 09:00-17:00",
        "url": "https://www.treeoflifeyoga.be/"
      }
    },
    {
      "type": "Feature",
      "id": "yoga-france-0568",
      "geometry": {
        "type": "Point",
        "coordinates": [
          8.6734641,
          50.5852122
        ]
      },
      "properties": {
        "name": "Yoga-Zentrum Gießen",
        "category": "Yoga",
        "icon": "🧘",
        "coord_source": "osm",
        "coord_accuracy": "high",
        "place_id": "osm:node/11399102017"
      }
    },
    {
      "type": "Feature",
      "id": "yoga-france-0569",
      "geometry": {
        "type": "Point",
        "coordinates": [
          7.0881468,
          43.6026057
        ]
      },
      "properties": {
        "name": "Thalgo",
        "category": "Yoga",
        "icon": "🧘",
        "coord_source": "osm",
        "coord_accuracy": "high",
        "place_id": "osm:node/11412169124"
      }
    },
    {
      "type": "Feature",
      "id": "yoga-france-0570",
      "geometry": {
        "type": "Point",
        "coordinates": [
          8.1323097,
          48.6962009
        ]
      },
      "properties": {
        "name": "Shanti Zentrum Manuela Scherer",
        "category": "Yoga",
        "icon": "🧘",
        "coord_source": "osm",
        "coord_accuracy": "high",
        "place_id": "osm:node/11430496591",
        "address": "2 Schulstraße",
        "phone": "+49 7223 953763",
        "url": "http://manuela-scherer.de/"
      }
    },
    {
      "type": "Feature",
      "id": "yoga-france-0571",
      "geometry": {
        "type": "Point",
        "coordinates": [
          8.1322623,
          48.6962246
        ]
      },
      "properties": {
        "name": "Yoga mit Denise",
        "category": "Yoga",
        "icon": "🧘",
        "coord_source": "osm",
        "coord_accuracy": "high",
        "place_id": "osm:node/11430496592",
        "address": "2 Schulstraße",
        "phone": "+49 1520 2864920",
        "url": "https://www.yoga-mit-denise.de/"
      }
    },
    {
      "type": "Feature",
      "id": "yoga-france-0572",
      "geometry": {
        "type": "Point",
        "coordinates": [
          -1.6926079,
          48.0849624
        ]
      },
      "properties": {
        "name": "Studio Soha Yoga",
        "category": "Yoga",
        "icon": "🧘",
        "coord_source": "osm",
        "coord_accuracy": "high",
        "place_id": "osm:node/11456002157",
        "address": "5 Place Albert Bayet 35200 Rennes",
        "url": "https://www.sohayogapilates.com"
      }
    },
    {
      "type": "Feature",
      "id": "yoga-france-0573",
      "geometry": {
        "type": "Point",
        "coordinates": [
          -0.5899268,
          44.8510844
        ]
      },
      "properties": {
        "name": "Act Yoga",
        "category": "Yoga",
        "icon": "🧘",
        "coord_source": "osm",
        "coord_accuracy": "high",
        "place_id": "osm:node/11506286823",
        "address": "48 Rue Calvé 33000 Bordeaux",
        "hours": "Mo-Su 09:00-21:00",
        "url": "https://www.actyoga.fr/"
      }
    },
    {
      "type": "Feature",
      "id": "yoga-france-0574",
      "geometry": {
        "type": "Point",
        "coordinates": [
          5.3847155,
          43.3007777
        ]
      },
      "properties": {
        "name": "Académie de Hatha-Yoga",
        "category": "Yoga",
        "icon": "🧘",
        "coord_source": "osm",
        "coord_accuracy": "high",
        "place_id": "osm:node/11516298270"
      }
    },
    {
      "type": "Feature",
      "id": "yoga-france-0575",
      "geometry": {
        "type": "Point",
        "coordinates": [
          7.1020196,
          50.7314692
        ]
      },
      "properties": {
        "name": "The Vinyasa People Yoga Studio",
        "category": "Yoga",
        "icon": "🧘",
        "coord_source": "osm",
        "coord_accuracy": "high",
        "place_id": "osm:node/11516610286",
        "url": "https://www.thevinyasapeople.com/"
      }
    },
    {
      "type": "Feature",
      "id": "yoga-france-0576",
      "geometry": {
        "type": "Point",
        "coordinates": [
          7.1012279,
          50.7345529
        ]
      },
      "properties": {
        "name": "Yoga-Zentrum Bonn",
        "category": "Yoga",
        "icon": "🧘",
        "coord_source": "osm",
        "coord_accuracy": "high",
        "place_id": "osm:node/11516613444",
        "address": "1 Remigiusstraße 53111 Bonn",
        "phone": "+49 228 637093",
        "url": "https://yogabonn.de/"
      }
    },
    {
      "type": "Feature",
      "id": "yoga-france-0577",
      "geometry": {
        "type": "Point",
        "coordinates": [
          7.1000835,
          50.7354494
        ]
      },
      "properties": {
        "name": "Redwood Yoga",
        "category": "Yoga",
        "icon": "🧘",
        "coord_source": "osm",
        "coord_accuracy": "high",
        "place_id": "osm:node/11516826284",
        "url": "https://redwoodyoga.de/"
      }
    },
    {
      "type": "Feature",
      "id": "yoga-france-0578",
      "geometry": {
        "type": "Point",
        "coordinates": [
          7.1266216,
          50.7430383
        ]
      },
      "properties": {
        "name": "Yoga Atelier Bonn",
        "category": "Yoga",
        "icon": "🧘",
        "coord_source": "osm",
        "coord_accuracy": "high",
        "place_id": "osm:node/11516915654",
        "url": "https://www.yoga-atelier-bonn.de/"
      }
    },
    {
      "type": "Feature",
      "id": "yoga-france-0579",
      "geometry": {
        "type": "Point",
        "coordinates": [
          7.1231283,
          50.7408253
        ]
      },
      "properties": {
        "name": "Starpilates & Staryoga",
        "category": "Yoga",
        "icon": "🧘",
        "coord_source": "osm",
        "coord_accuracy": "high",
        "place_id": "osm:node/11516929232",
        "url": "https://www.starpilates-staryoga.com/"
      }
    },
    {
      "type": "Feature",
      "id": "yoga-france-0580",
      "geometry": {
        "type": "Point",
        "coordinates": [
          7.0485418,
          50.7151823
        ]
      },
      "properties": {
        "name": "ENJOY Pilates & Yoga",
        "category": "Yoga",
        "icon": "🧘",
        "coord_source": "osm",
        "coord_accuracy": "high",
        "place_id": "osm:node/11516978655",
        "url": "https://pilatesyogabonn.de/"
      }
    },
    {
      "type": "Feature",
      "id": "yoga-france-0581",
      "geometry": {
        "type": "Point",
        "coordinates": [
          7.0988551,
          50.7391609
        ]
      },
      "properties": {
        "name": "hanami flow YOGA",
        "category": "Yoga",
        "icon": "🧘",
        "coord_source": "osm",
        "coord_accuracy": "high",
        "place_id": "osm:node/11517000588",
        "url": "https://www.hanamiflowyoga.de/"
      }
    },
    {
      "type": "Feature",
      "id": "yoga-france-0582",
      "geometry": {
        "type": "Point",
        "coordinates": [
          7.1143011,
          50.7154341
        ]
      },
      "properties": {
        "name": "Svasthya - Studio für Yoga & Alexander-Technik",
        "category": "Yoga",
        "icon": "🧘",
        "coord_source": "osm",
        "coord_accuracy": "high",
        "place_id": "osm:node/11517005507",
        "url": "https://www.svasthya-bonn.de/"
      }
    },
    {
      "type": "Feature",
      "id": "yoga-france-0583",
      "geometry": {
        "type": "Point",
        "coordinates": [
          8.9640253,
          46.0080514
        ]
      },
      "properties": {
        "name": "YogandMore",
        "category": "Yoga",
        "icon": "🧘",
        "coord_source": "osm",
        "coord_accuracy": "high",
        "place_id": "osm:node/11528060648",
        "url": "https://yogandmore.ch"
      }
    },
    {
      "type": "Feature",
      "id": "yoga-france-0584",
      "geometry": {
        "type": "Point",
        "coordinates": [
          9.0466023,
          50.1809051
        ]
      },
      "properties": {
        "name": "Yogaschule Caspar",
        "category": "Yoga",
        "icon": "🧘",
        "coord_source": "osm",
        "coord_accuracy": "high",
        "place_id": "osm:node/11539449737"
      }
    },
    {
      "type": "Feature",
      "id": "yoga-france-0585",
      "geometry": {
        "type": "Point",
        "coordinates": [
          8.5610368,
          45.9423642
        ]
      },
      "properties": {
        "name": "SE74",
        "category": "Yoga",
        "icon": "🧘",
        "coord_source": "osm",
        "coord_accuracy": "high",
        "place_id": "osm:node/11542689986"
      }
    },
    {
      "type": "Feature",
      "id": "yoga-france-0586",
      "geometry": {
        "type": "Point",
        "coordinates": [
          5.7318503,
          45.1830748
        ]
      },
      "properties": {
        "name": "Auro-Myra",
        "category": "Yoga",
        "icon": "🧘",
        "coord_source": "osm",
        "coord_accuracy": "high",
        "place_id": "osm:node/11546068781",
        "hours": "\"selon programme\""
      }
    },
    {
      "type": "Feature",
      "id": "yoga-france-0587",
      "geometry": {
        "type": "Point",
        "coordinates": [
          6.9568012,
          50.9194964
        ]
      },
      "properties": {
        "name": "studiosüd CGN",
        "category": "Yoga",
        "icon": "🧘",
        "coord_source": "osm",
        "coord_accuracy": "high",
        "place_id": "osm:node/11546204969",
        "address": "15-17 Maria-Hilf-Straße 50677 Köln",
        "url": "https://www.studiosuedcologne.de/"
      }
    },
    {
      "type": "Feature",
      "id": "yoga-france-0588",
      "geometry": {
        "type": "Point",
        "coordinates": [
          2.1357042,
          41.4917349
        ]
      },
      "properties": {
        "name": "YogaOne",
        "category": "Yoga",
        "icon": "🧘",
        "coord_source": "osm",
        "coord_accuracy": "high",
        "place_id": "osm:node/11549983168"
      }
    },
    {
      "type": "Feature",
      "id": "yoga-france-0589",
      "geometry": {
        "type": "Point",
        "coordinates": [
          6.1784897,
          49.1133849
        ]
      },
      "properties": {
        "name": "Yoga #589",
        "category": "Yoga",
        "icon": "🧘",
        "coord_source": "osm",
        "coord_accuracy": "high",
        "place_id": "osm:node/11552210146"
      }
    },
    {
      "type": "Feature",
      "id": "yoga-france-0590",
      "geometry": {
        "type": "Point",
        "coordinates": [
          9.2490681,
          45.6044012
        ]
      },
      "properties": {
        "name": "Yoganesh Monza",
        "category": "Yoga",
        "icon": "🧘",
        "coord_source": "osm",
        "coord_accuracy": "high",
        "place_id": "osm:node/11568501855",
        "address": "5 Via Gradisca 20851 Lissone",
        "url": "https://www.yoganeshmonza.it"
      }
    },
    {
      "type": "Feature",
      "id": "yoga-france-0591",
      "geometry": {
        "type": "Point",
        "coordinates": [
          7.5965279,
          50.3532373
        ]
      },
      "properties": {
        "name": "Yoga Mitte Koblenz",
        "category": "Yoga",
        "icon": "🧘",
        "coord_source": "osm",
        "coord_accuracy": "high",
        "place_id": "osm:node/11577464705"
      }
    },
    {
      "type": "Feature",
      "id": "yoga-france-0592",
      "geometry": {
        "type": "Point",
        "coordinates": [
          6.9353912,
          50.9360972
        ]
      },
      "properties": {
        "name": "Lord Vishnus Couch",
        "category": "Yoga",
        "icon": "🧘",
        "coord_source": "osm",
        "coord_accuracy": "high",
        "place_id": "osm:node/11577600576",
        "address": "23 Aachener Straße 50674 Köln",
        "phone": "+49 221 2585083",
        "url": "https://www.vishnuscouch.de/"
      }
    },
    {
      "type": "Feature",
      "id": "yoga-france-0593",
      "geometry": {
        "type": "Point",
        "coordinates": [
          8.5404169,
          49.3672085
        ]
      },
      "properties": {
        "name": "Yoga Ketsch",
        "category": "Yoga",
        "icon": "🧘",
        "coord_source": "osm",
        "coord_accuracy": "high",
        "place_id": "osm:node/11584646578",
        "url": "https://www.yoga-ketsch.de/"
      }
    },
    {
      "type": "Feature",
      "id": "yoga-france-0594",
      "geometry": {
        "type": "Point",
        "coordinates": [
          8.2422524,
          50.0744599
        ]
      },
      "properties": {
        "name": "Monki Yoga",
        "category": "Yoga",
        "icon": "🧘",
        "coord_source": "osm",
        "coord_accuracy": "high",
        "place_id": "osm:node/11610774161",
        "address": "2 Untere Albrechtstraße",
        "url": "https://www.monkiyoga.de/"
      }
    },
    {
      "type": "Feature",
      "id": "yoga-france-0595",
      "geometry": {
        "type": "Point",
        "coordinates": [
          4.3505095,
          50.8540567
        ]
      },
      "properties": {
        "name": "Samkhya Yoga",
        "category": "Yoga",
        "icon": "🧘",
        "coord_source": "osm",
        "coord_accuracy": "high",
        "place_id": "osm:node/11611780693",
        "url": "https://www.yogasamkhya.be"
      }
    },
    {
      "type": "Feature",
      "id": "yoga-france-0596",
      "geometry": {
        "type": "Point",
        "coordinates": [
          7.3680171,
          47.2744981
        ]
      },
      "properties": {
        "name": "Hatha Yoga / Ashtanga yoga",
        "category": "Yoga",
        "icon": "🧘",
        "coord_source": "osm",
        "coord_accuracy": "high",
        "place_id": "osm:node/11619743829",
        "address": "61 Rue des Oeuches",
        "hours": "Mo 20:15-21:15",
        "phone": "+41788261422"
      }
    },
    {
      "type": "Feature",
      "id": "yoga-france-0597",
      "geometry": {
        "type": "Point",
        "coordinates": [
          5.7957633,
          50.4890673
        ]
      },
      "properties": {
        "name": "Yoga by Toey Studio",
        "category": "Yoga",
        "icon": "🧘",
        "coord_source": "osm",
        "coord_accuracy": "high",
        "place_id": "osm:node/11634624681"
      }
    },
    {
      "type": "Feature",
      "id": "yoga-france-0598",
      "geometry": {
        "type": "Point",
        "coordinates": [
          -2.1855098,
          43.03582
        ]
      },
      "properties": {
        "name": "Nahikiri",
        "category": "Yoga",
        "icon": "🧘",
        "coord_source": "osm",
        "coord_accuracy": "high",
        "place_id": "osm:node/11644989035"
      }
    },
    {
      "type": "Feature",
      "id": "yoga-france-0599",
      "geometry": {
        "type": "Point",
        "coordinates": [
          2.1591689,
          41.4004271
        ]
      },
      "properties": {
        "name": "Gruo",
        "category": "Yoga",
        "icon": "🧘",
        "coord_source": "osm",
        "coord_accuracy": "high",
        "place_id": "osm:node/11653848541",
        "address": "55 Carrer del Torrent de l'Olla"
      }
    },
    {
      "type": "Feature",
      "id": "yoga-france-0600",
      "geometry": {
        "type": "Point",
        "coordinates": [
          6.134242,
          49.6029356
        ]
      },
      "properties": {
        "name": "Yoga loft",
        "category": "Yoga",
        "icon": "🧘",
        "coord_source": "osm",
        "coord_accuracy": "high",
        "place_id": "osm:node/11665121812"
      }
    },
    {
      "type": "Feature",
      "id": "yoga-france-0601",
      "geometry": {
        "type": "Point",
        "coordinates": [
          4.8317536,
          45.7444915
        ]
      },
      "properties": {
        "name": "Cocon Yoga",
        "category": "Yoga",
        "icon": "🧘",
        "coord_source": "osm",
        "coord_accuracy": "high",
        "place_id": "osm:node/11687512970",
        "url": "https://coconyoga.com"
      }
    },
    {
      "type": "Feature",
      "id": "yoga-france-0602",
      "geometry": {
        "type": "Point",
        "coordinates": [
          2.1550837,
          41.4012971
        ]
      },
      "properties": {
        "name": "mamayoga",
        "category": "Yoga",
        "icon": "🧘",
        "coord_source": "osm",
        "coord_accuracy": "high",
        "place_id": "osm:node/11693538226",
        "address": "29 Carrer de Pere Serafí Barcelona",
        "phone": "+34 673 61 20 29",
        "url": "https://mamayoga.es/bienvenida-a-mamayoga/"
      }
    },
    {
      "type": "Feature",
      "id": "yoga-france-0603",
      "geometry": {
        "type": "Point",
        "coordinates": [
          2.1692252,
          41.393006
        ]
      },
      "properties": {
        "name": "Espai de meditació",
        "category": "Yoga",
        "icon": "🧘",
        "coord_source": "osm",
        "coord_accuracy": "high",
        "place_id": "osm:node/11697322261"
      }
    },
    {
      "type": "Feature",
      "id": "yoga-france-0604",
      "geometry": {
        "type": "Point",
        "coordinates": [
          2.1587629,
          41.3996189
        ]
      },
      "properties": {
        "name": "The Yoga Club Barcelona",
        "category": "Yoga",
        "icon": "🧘",
        "coord_source": "osm",
        "coord_accuracy": "high",
        "place_id": "osm:node/11746055500",
        "address": "40 Carrer de Martínez de la Rosa Barcelona",
        "url": "https://www.theyogaclubbarcelona.com/"
      }
    },
    {
      "type": "Feature",
      "id": "yoga-france-0605",
      "geometry": {
        "type": "Point",
        "coordinates": [
          9.2387451,
          45.5334027
        ]
      },
      "properties": {
        "name": "Il 7° Chakra",
        "category": "Yoga",
        "icon": "🧘",
        "coord_source": "osm",
        "coord_accuracy": "high",
        "place_id": "osm:node/11754975329",
        "address": "2 Via Felice Cavallotti"
      }
    },
    {
      "type": "Feature",
      "id": "yoga-france-0606",
      "geometry": {
        "type": "Point",
        "coordinates": [
          7.4636137,
          50.9952128
        ]
      },
      "properties": {
        "name": "Yoga Bergisches Land",
        "category": "Yoga",
        "icon": "🧘",
        "coord_source": "osm",
        "coord_accuracy": "high",
        "place_id": "osm:node/11758629199",
        "address": "17 Hauptstraße",
        "url": "https://yoga-bergisches-land.de/"
      }
    },
    {
      "type": "Feature",
      "id": "yoga-france-0607",
      "geometry": {
        "type": "Point",
        "coordinates": [
          6.8223866,
          47.1013723
        ]
      },
      "properties": {
        "name": "Raja Yoga",
        "category": "Yoga",
        "icon": "🧘",
        "coord_source": "osm",
        "coord_accuracy": "high",
        "place_id": "osm:node/11805825888",
        "address": "100 Rue Numa-Droz 2300 La Chaux-de-Fonds",
        "hours": "Tu 18:45 19:45",
        "phone": "+41 76 257 28 67",
        "url": "https://t.me/RajaYogaReshma"
      }
    },
    {
      "type": "Feature",
      "id": "yoga-france-0608",
      "geometry": {
        "type": "Point",
        "coordinates": [
          2.156992,
          41.3997093
        ]
      },
      "properties": {
        "name": "Espacio Sattva",
        "category": "Yoga",
        "icon": "🧘",
        "coord_source": "osm",
        "coord_accuracy": "high",
        "place_id": "osm:node/11807387272",
        "address": "33 Carrer de Sant Pere Màrtir",
        "phone": "+34 606 75 87 51",
        "url": "https://www.sincroniayoga.es"
      }
    },
    {
      "type": "Feature",
      "id": "yoga-france-0609",
      "geometry": {
        "type": "Point",
        "coordinates": [
          8.3969002,
          49.004739
        ]
      },
      "properties": {
        "name": "YOGAetage",
        "category": "Yoga",
        "icon": "🧘",
        "coord_source": "osm",
        "coord_accuracy": "high",
        "place_id": "osm:node/11811835970",
        "address": "10 Gartenstraße 76133 Karlsruhe",
        "url": "https://www.iyengar-yoga-karlsruhe.de/"
      }
    },
    {
      "type": "Feature",
      "id": "yoga-france-0610",
      "geometry": {
        "type": "Point",
        "coordinates": [
          8.5234875,
          47.3876093
        ]
      },
      "properties": {
        "name": "yoga anker west",
        "category": "Yoga",
        "icon": "🧘",
        "coord_source": "osm",
        "coord_accuracy": "high",
        "place_id": "osm:node/11816698647"
      }
    },
    {
      "type": "Feature",
      "id": "yoga-france-0611",
      "geometry": {
        "type": "Point",
        "coordinates": [
          5.0554553,
          43.4085999
        ]
      },
      "properties": {
        "name": "UPAKRAMA YOGA",
        "category": "Yoga",
        "icon": "🧘",
        "coord_source": "osm",
        "coord_accuracy": "high",
        "place_id": "osm:node/11828678646",
        "hours": "\"atelier et site\""
      }
    },
    {
      "type": "Feature",
      "id": "yoga-france-0612",
      "geometry": {
        "type": "Point",
        "coordinates": [
          3.5232485,
          50.3600339
        ]
      },
      "properties": {
        "name": "Harmonie Studio",
        "category": "Yoga",
        "icon": "🧘",
        "coord_source": "osm",
        "coord_accuracy": "high",
        "place_id": "osm:node/11869821971"
      }
    },
    {
      "type": "Feature",
      "id": "yoga-france-0613",
      "geometry": {
        "type": "Point",
        "coordinates": [
          2.3706121,
          48.8848353
        ]
      },
      "properties": {
        "name": "Yoga & Co",
        "category": "Yoga",
        "icon": "🧘",
        "coord_source": "osm",
        "coord_accuracy": "high",
        "place_id": "osm:node/11876923321",
        "address": "15 Quai de la Seine",
        "hours": "Mo-Su 08:00-21:00",
        "phone": "+33 1 42 09 20 78",
        "url": "https://yogaandco.fr"
      }
    },
    {
      "type": "Feature",
      "id": "yoga-france-0614",
      "geometry": {
        "type": "Point",
        "coordinates": [
          -1.0318086,
          45.6243128
        ]
      },
      "properties": {
        "name": "OM studio",
        "category": "Yoga",
        "icon": "🧘",
        "coord_source": "osm",
        "coord_accuracy": "high",
        "place_id": "osm:node/11881441061"
      }
    },
    {
      "type": "Feature",
      "id": "yoga-france-0615",
      "geometry": {
        "type": "Point",
        "coordinates": [
          8.4313569,
          50.2417876
        ]
      },
      "properties": {
        "name": "Wohlfühlraum Yoga & Klang",
        "category": "Yoga",
        "icon": "🧘",
        "coord_source": "osm",
        "coord_accuracy": "high",
        "place_id": "osm:node/11881806569",
        "address": "39 Brunhildestraße 61389 Schmitten im Taunus",
        "phone": "+49 172 1091257",
        "url": "https://taunus-yoga.de/impressum.html"
      }
    },
    {
      "type": "Feature",
      "id": "yoga-france-0616",
      "geometry": {
        "type": "Point",
        "coordinates": [
          6.4990279,
          46.509153
        ]
      },
      "properties": {
        "name": "Inspiration",
        "category": "Yoga",
        "icon": "🧘",
        "coord_source": "osm",
        "coord_accuracy": "high",
        "place_id": "osm:node/11893112989"
      }
    },
    {
      "type": "Feature",
      "id": "yoga-france-0617",
      "geometry": {
        "type": "Point",
        "coordinates": [
          0.8994793,
          45.8874806
        ]
      },
      "properties": {
        "name": "Centre de yoga et ayurvéda",
        "category": "Yoga",
        "icon": "🧘",
        "coord_source": "osm",
        "coord_accuracy": "high",
        "place_id": "osm:node/11895555076",
        "url": "https://www.nathalie-yoga.com/"
      }
    },
    {
      "type": "Feature",
      "id": "yoga-france-0618",
      "geometry": {
        "type": "Point",
        "coordinates": [
          8.9852533,
          45.8683362
        ]
      },
      "properties": {
        "name": "Carpe Diem",
        "category": "Yoga",
        "icon": "🧘",
        "coord_source": "osm",
        "coord_accuracy": "high",
        "place_id": "osm:node/11920439768",
        "hours": "\"su appuntamento\""
      }
    },
    {
      "type": "Feature",
      "id": "yoga-france-0619",
      "geometry": {
        "type": "Point",
        "coordinates": [
          0.9009254,
          45.8867628
        ]
      },
      "properties": {
        "name": "Le bonheur en soi",
        "category": "Yoga",
        "icon": "🧘",
        "coord_source": "osm",
        "coord_accuracy": "high",
        "place_id": "osm:node/11929312731",
        "url": "https://lebonheurensoi.fr/"
      }
    },
    {
      "type": "Feature",
      "id": "yoga-france-0620",
      "geometry": {
        "type": "Point",
        "coordinates": [
          1.3441293,
          43.6076808
        ]
      },
      "properties": {
        "name": "Yoga Studio",
        "category": "Yoga",
        "icon": "🧘",
        "coord_source": "osm",
        "coord_accuracy": "high",
        "place_id": "osm:node/11929559736"
      }
    },
    {
      "type": "Feature",
      "id": "yoga-france-0621",
      "geometry": {
        "type": "Point",
        "coordinates": [
          2.1558505,
          41.4005939
        ]
      },
      "properties": {
        "name": "Espacio Sincronia",
        "category": "Yoga",
        "icon": "🧘",
        "coord_source": "osm",
        "coord_accuracy": "high",
        "place_id": "osm:node/11951887862",
        "address": "7 Carrer de Pere Serafí",
        "phone": "+34 606 75 87 51; +34 931 24 82 45",
        "url": "https://wwwsincroniayoga.com/"
      }
    },
    {
      "type": "Feature",
      "id": "yoga-france-0622",
      "geometry": {
        "type": "Point",
        "coordinates": [
          7.1589534,
          50.8148134
        ]
      },
      "properties": {
        "name": "Studio Miriya",
        "category": "Yoga",
        "icon": "🧘",
        "coord_source": "osm",
        "coord_accuracy": "high",
        "place_id": "osm:node/11959099969",
        "address": "1a An der Feuerwache 53840 Troisdorf",
        "url": "https://studio-miriya.de"
      }
    },
    {
      "type": "Feature",
      "id": "yoga-france-0623",
      "geometry": {
        "type": "Point",
        "coordinates": [
          7.014368,
          49.2271137
        ]
      },
      "properties": {
        "name": "Sahaja Yoga",
        "category": "Yoga",
        "icon": "🧘",
        "coord_source": "osm",
        "coord_accuracy": "high",
        "place_id": "osm:node/11964386160",
        "hours": "Fr 18:30",
        "url": "https://www.sahajayoga.de/saarbruecken/"
      }
    },
    {
      "type": "Feature",
      "id": "yoga-france-0624",
      "geometry": {
        "type": "Point",
        "coordinates": [
          -2.1799045,
          43.055049
        ]
      },
      "properties": {
        "name": "Satya yoga Ordizia eskola",
        "category": "Yoga",
        "icon": "🧘",
        "coord_source": "osm",
        "coord_accuracy": "high",
        "place_id": "osm:node/11981454387"
      }
    },
    {
      "type": "Feature",
      "id": "yoga-france-0625",
      "geometry": {
        "type": "Point",
        "coordinates": [
          -5.0735558,
          50.1539901
        ]
      },
      "properties": {
        "name": "Falmouth Yoga Space",
        "category": "Yoga",
        "icon": "🧘",
        "coord_source": "osm",
        "coord_accuracy": "high",
        "place_id": "osm:node/11985456288"
      }
    },
    {
      "type": "Feature",
      "id": "yoga-france-0626",
      "geometry": {
        "type": "Point",
        "coordinates": [
          6.113184,
          50.8419144
        ]
      },
      "properties": {
        "name": "Lichtblicke Bardenberg",
        "category": "Yoga",
        "icon": "🧘",
        "coord_source": "osm",
        "coord_accuracy": "high",
        "place_id": "osm:node/12000831308",
        "address": "39 Dorfstraße 52146 Würselen",
        "url": "https://www.lichtblicke-bardenberg.de"
      }
    },
    {
      "type": "Feature",
      "id": "yoga-france-0627",
      "geometry": {
        "type": "Point",
        "coordinates": [
          7.1188965,
          43.5777773
        ]
      },
      "properties": {
        "name": "Kamanao",
        "category": "Yoga",
        "icon": "🧘",
        "coord_source": "osm",
        "coord_accuracy": "high",
        "place_id": "osm:node/12001490387",
        "phone": "+33 6 81 74 40 60"
      }
    },
    {
      "type": "Feature",
      "id": "yoga-france-0628",
      "geometry": {
        "type": "Point",
        "coordinates": [
          8.5193406,
          47.3730654
        ]
      },
      "properties": {
        "name": "Studio Y3",
        "category": "Yoga",
        "icon": "🧘",
        "coord_source": "osm",
        "coord_accuracy": "high",
        "place_id": "osm:node/12007651046",
        "url": "https://studioy3.ch"
      }
    },
    {
      "type": "Feature",
      "id": "yoga-france-0629",
      "geometry": {
        "type": "Point",
        "coordinates": [
          2.1659453,
          41.6274528
        ]
      },
      "properties": {
        "name": "Spiritual Yoga & Dance",
        "category": "Yoga",
        "icon": "🧘",
        "coord_source": "osm",
        "coord_accuracy": "high",
        "place_id": "osm:node/12014372407"
      }
    },
    {
      "type": "Feature",
      "id": "yoga-france-0630",
      "geometry": {
        "type": "Point",
        "coordinates": [
          1.3253213,
          43.4643666
        ]
      },
      "properties": {
        "name": "Studio Shen Yoga",
        "category": "Yoga",
        "icon": "🧘",
        "coord_source": "osm",
        "coord_accuracy": "high",
        "place_id": "osm:node/12014601016"
      }
    },
    {
      "type": "Feature",
      "id": "yoga-france-0631",
      "geometry": {
        "type": "Point",
        "coordinates": [
          7.7697217,
          47.9593622
        ]
      },
      "properties": {
        "name": "KlangYoga Freiburg",
        "category": "Yoga",
        "icon": "🧘",
        "coord_source": "osm",
        "coord_accuracy": "high",
        "place_id": "osm:node/12029569123",
        "address": "1 Schönbergstraße",
        "phone": "+49 15678 503919",
        "url": "https://klangyoga-freiburg.de"
      }
    },
    {
      "type": "Feature",
      "id": "yoga-france-0632",
      "geometry": {
        "type": "Point",
        "coordinates": [
          7.6376679,
          46.8770435
        ]
      },
      "properties": {
        "name": "Hatha Yoga",
        "category": "Yoga",
        "icon": "🧘",
        "coord_source": "osm",
        "coord_accuracy": "high",
        "place_id": "osm:node/12041710754",
        "hours": "We 19:30-20:45",
        "phone": "+41792583040",
        "url": "lebe.lieber.limonade@gmail.com"
      }
    },
    {
      "type": "Feature",
      "id": "yoga-france-0633",
      "geometry": {
        "type": "Point",
        "coordinates": [
          2.8976125,
          41.8218192
        ]
      },
      "properties": {
        "name": "Espai Aura Yoga",
        "category": "Yoga",
        "icon": "🧘",
        "coord_source": "osm",
        "coord_accuracy": "high",
        "place_id": "osm:node/12044197598",
        "address": "43 Avinguda del Gironès 17240 Llagostera",
        "phone": "+34 649 00 61 24"
      }
    },
    {
      "type": "Feature",
      "id": "yoga-france-0634",
      "geometry": {
        "type": "Point",
        "coordinates": [
          2.1543134,
          41.3988986
        ]
      },
      "properties": {
        "name": "Sarasvati",
        "category": "Yoga",
        "icon": "🧘",
        "coord_source": "osm",
        "coord_accuracy": "high",
        "place_id": "osm:node/12065150708",
        "address": "10 Carrer de Sant Gabriel",
        "phone": "+34 609 55 13 34"
      }
    },
    {
      "type": "Feature",
      "id": "yoga-france-0635",
      "geometry": {
        "type": "Point",
        "coordinates": [
          3.8964597,
          51.0061007
        ]
      },
      "properties": {
        "name": "Vivekasana",
        "category": "Yoga",
        "icon": "🧘",
        "coord_source": "osm",
        "coord_accuracy": "high",
        "place_id": "osm:node/12066482449"
      }
    },
    {
      "type": "Feature",
      "id": "yoga-france-0636",
      "geometry": {
        "type": "Point",
        "coordinates": [
          -1.5310151,
          47.2227013
        ]
      },
      "properties": {
        "name": "Sahaja Yoga Centre",
        "category": "Yoga",
        "icon": "🧘",
        "coord_source": "osm",
        "coord_accuracy": "high",
        "place_id": "osm:node/12076941061"
      }
    },
    {
      "type": "Feature",
      "id": "yoga-france-0637",
      "geometry": {
        "type": "Point",
        "coordinates": [
          4.8541566,
          45.7649115
        ]
      },
      "properties": {
        "name": "The Good Flow",
        "category": "Yoga",
        "icon": "🧘",
        "coord_source": "osm",
        "coord_accuracy": "high",
        "place_id": "osm:node/12083956452",
        "hours": "Mo-We,Fr 10:00-18:30; Th 12:00-18:30",
        "phone": "+33481653478",
        "url": "https://thegoodflow-yoga.com"
      }
    },
    {
      "type": "Feature",
      "id": "yoga-france-0638",
      "geometry": {
        "type": "Point",
        "coordinates": [
          8.6782585,
          49.4070279
        ]
      },
      "properties": {
        "name": "Yoga-Zentrum-Heidelberg",
        "category": "Yoga",
        "icon": "🧘",
        "coord_source": "osm",
        "coord_accuracy": "high",
        "place_id": "osm:node/12084537007"
      }
    },
    {
      "type": "Feature",
      "id": "yoga-france-0639",
      "geometry": {
        "type": "Point",
        "coordinates": [
          -1.9212895,
          50.7054817
        ]
      },
      "properties": {
        "name": "Sustudio",
        "category": "Yoga",
        "icon": "🧘",
        "coord_source": "osm",
        "coord_accuracy": "high",
        "place_id": "osm:node/12088084992",
        "address": "22 Haven Road BH13 7LP",
        "url": "https://www.sustudio.co.uk/"
      }
    },
    {
      "type": "Feature",
      "id": "yoga-france-0640",
      "geometry": {
        "type": "Point",
        "coordinates": [
          7.6083592,
          47.4932426
        ]
      },
      "properties": {
        "name": "Yoga #640",
        "category": "Yoga",
        "icon": "🧘",
        "coord_source": "osm",
        "coord_accuracy": "high",
        "place_id": "osm:node/12100299499"
      }
    },
    {
      "type": "Feature",
      "id": "yoga-france-0641",
      "geometry": {
        "type": "Point",
        "coordinates": [
          2.1761633,
          41.3991679
        ]
      },
      "properties": {
        "name": "Let's Fly",
        "category": "Yoga",
        "icon": "🧘",
        "coord_source": "osm",
        "coord_accuracy": "high",
        "place_id": "osm:node/12108779246",
        "address": "471-475 Carrer del Consell de Cent",
        "url": "https://www.lets-fly.es"
      }
    },
    {
      "type": "Feature",
      "id": "yoga-france-0642",
      "geometry": {
        "type": "Point",
        "coordinates": [
          5.8901226,
          49.5244343
        ]
      },
      "properties": {
        "name": "Espace de Yoga Verônica De Medeiros",
        "category": "Yoga",
        "icon": "🧘",
        "coord_source": "osm",
        "coord_accuracy": "high",
        "place_id": "osm:node/12115926316",
        "address": "25 Rue Adolphe Krieps 4605 Differdange",
        "hours": "Mo-Fr 08:15-11:45,15:00-20:00; Sa 09:00-12:30; PH off",
        "phone": "+352671155382"
      }
    },
    {
      "type": "Feature",
      "id": "yoga-france-0643",
      "geometry": {
        "type": "Point",
        "coordinates": [
          -0.3329795,
          49.1395402
        ]
      },
      "properties": {
        "name": "Prana Yoga",
        "category": "Yoga",
        "icon": "🧘",
        "coord_source": "osm",
        "coord_accuracy": "high",
        "place_id": "osm:node/12139658992",
        "phone": "+33 6 76739875",
        "url": "https://www.prana-yoga-caen.fr/"
      }
    },
    {
      "type": "Feature",
      "id": "yoga-france-0644",
      "geometry": {
        "type": "Point",
        "coordinates": [
          6.0758915,
          50.77357
        ]
      },
      "properties": {
        "name": "Yoga Individual",
        "category": "Yoga",
        "icon": "🧘",
        "coord_source": "osm",
        "coord_accuracy": "high",
        "place_id": "osm:node/12151903619",
        "address": "31 Karlsgraben 52064 Aachen",
        "url": "https://yogaindividual.com/"
      }
    },
    {
      "type": "Feature",
      "id": "yoga-france-0645",
      "geometry": {
        "type": "Point",
        "coordinates": [
          -0.3639308,
          49.1668103
        ]
      },
      "properties": {
        "name": "Lumo Yoga",
        "category": "Yoga",
        "icon": "🧘",
        "coord_source": "osm",
        "coord_accuracy": "high",
        "place_id": "osm:node/12153444653",
        "phone": "+33 6 81370306",
        "url": "https://lumoyoga.fr/"
      }
    },
    {
      "type": "Feature",
      "id": "yoga-france-0646",
      "geometry": {
        "type": "Point",
        "coordinates": [
          1.909046,
          47.9007678
        ]
      },
      "properties": {
        "name": "Centre de Yoga et de relaxation",
        "category": "Yoga",
        "icon": "🧘",
        "coord_source": "osm",
        "coord_accuracy": "high",
        "place_id": "osm:node/12164936353",
        "address": "13 Rue Étienne Dolet 45000 Orléans",
        "url": "https://centredeyogaetderelaxation.org/"
      }
    },
    {
      "type": "Feature",
      "id": "yoga-france-0647",
      "geometry": {
        "type": "Point",
        "coordinates": [
          2.3488997,
          48.865622
        ]
      },
      "properties": {
        "name": "Sputnik Yoga Space",
        "category": "Yoga",
        "icon": "🧘",
        "coord_source": "osm",
        "coord_accuracy": "high",
        "place_id": "osm:node/12178483651",
        "url": "https://fr.sputnikyogaspace.com/"
      }
    },
    {
      "type": "Feature",
      "id": "yoga-france-0648",
      "geometry": {
        "type": "Point",
        "coordinates": [
          2.3535714,
          48.848328
        ]
      },
      "properties": {
        "name": "Heartspot",
        "category": "Yoga",
        "icon": "🧘",
        "coord_source": "osm",
        "coord_accuracy": "high",
        "place_id": "osm:node/12188738601"
      }
    },
    {
      "type": "Feature",
      "id": "yoga-france-0649",
      "geometry": {
        "type": "Point",
        "coordinates": [
          5.7318968,
          45.1905607
        ]
      },
      "properties": {
        "name": "Happy Shala",
        "category": "Yoga",
        "icon": "🧘",
        "coord_source": "osm",
        "coord_accuracy": "high",
        "place_id": "osm:node/12190214661"
      }
    },
    {
      "type": "Feature",
      "id": "yoga-france-0650",
      "geometry": {
        "type": "Point",
        "coordinates": [
          6.9707325,
          50.9102236
        ]
      },
      "properties": {
        "name": "Tajet Garden",
        "category": "Yoga",
        "icon": "🧘",
        "coord_source": "osm",
        "coord_accuracy": "high",
        "place_id": "osm:node/12193136153",
        "address": "250 Alteburger Straße 50968 Köln",
        "url": "https://www.tajetgarden.de/"
      }
    },
    {
      "type": "Feature",
      "id": "yoga-france-0651",
      "geometry": {
        "type": "Point",
        "coordinates": [
          4.8481296,
          45.757433
        ]
      },
      "properties": {
        "name": "Yoga Citta",
        "category": "Yoga",
        "icon": "🧘",
        "coord_source": "osm",
        "coord_accuracy": "high",
        "place_id": "osm:node/12195053251",
        "phone": "+33659689205"
      }
    },
    {
      "type": "Feature",
      "id": "yoga-france-0652",
      "geometry": {
        "type": "Point",
        "coordinates": [
          -0.1963525,
          49.2814211
        ]
      },
      "properties": {
        "name": "Yoga & bien-être",
        "category": "Yoga",
        "icon": "🧘",
        "coord_source": "osm",
        "coord_accuracy": "high",
        "place_id": "osm:node/12205206286",
        "address": "53 Route de Cabourg 14810 Merville-Franceville-Plage",
        "phone": "+33 6 03 96 26 81",
        "url": "https://www.kurmayogaworld.com/"
      }
    },
    {
      "type": "Feature",
      "id": "yoga-france-0653",
      "geometry": {
        "type": "Point",
        "coordinates": [
          3.0747244,
          44.0940466
        ]
      },
      "properties": {
        "name": "Osmonde",
        "category": "Yoga",
        "icon": "🧘",
        "coord_source": "osm",
        "coord_accuracy": "high",
        "place_id": "osm:node/12206870573"
      }
    },
    {
      "type": "Feature",
      "id": "yoga-france-0654",
      "geometry": {
        "type": "Point",
        "coordinates": [
          8.8004018,
          45.8313129
        ]
      },
      "properties": {
        "name": "Yoga Studio Varese",
        "category": "Yoga",
        "icon": "🧘",
        "coord_source": "osm",
        "coord_accuracy": "high",
        "place_id": "osm:node/12224143253"
      }
    },
    {
      "type": "Feature",
      "id": "yoga-france-0655",
      "geometry": {
        "type": "Point",
        "coordinates": [
          2.247759,
          48.9061085
        ]
      },
      "properties": {
        "name": "Mama Yoga",
        "category": "Yoga",
        "icon": "🧘",
        "coord_source": "osm",
        "coord_accuracy": "high",
        "place_id": "osm:node/12248449602",
        "address": "50 Rue de l'Aigle 92250 La Garenne-Colombes",
        "url": "https://mamayoga.fr/"
      }
    },
    {
      "type": "Feature",
      "id": "yoga-france-0656",
      "geometry": {
        "type": "Point",
        "coordinates": [
          2.0519448,
          48.7685088
        ]
      },
      "properties": {
        "name": "Studio Coaching",
        "category": "Yoga",
        "icon": "🧘",
        "coord_source": "osm",
        "coord_accuracy": "high",
        "place_id": "osm:node/12248908158"
      }
    },
    {
      "type": "Feature",
      "id": "yoga-france-0657",
      "geometry": {
        "type": "Point",
        "coordinates": [
          6.1732731,
          49.1145127
        ]
      },
      "properties": {
        "name": "Surya - Association de Yoga",
        "category": "Yoga",
        "icon": "🧘",
        "coord_source": "osm",
        "coord_accuracy": "high",
        "place_id": "osm:node/12269321602",
        "phone": "+33 3 87 74 47 74",
        "url": "https://yoga-metz.com"
      }
    },
    {
      "type": "Feature",
      "id": "yoga-france-0658",
      "geometry": {
        "type": "Point",
        "coordinates": [
          -0.5598821,
          47.4790991
        ]
      },
      "properties": {
        "name": "L'art de vivre",
        "category": "Yoga",
        "icon": "🧘",
        "coord_source": "osm",
        "coord_accuracy": "high",
        "place_id": "osm:node/12285059608"
      }
    },
    {
      "type": "Feature",
      "id": "yoga-france-0659",
      "geometry": {
        "type": "Point",
        "coordinates": [
          6.9978945,
          49.2356306
        ]
      },
      "properties": {
        "name": "Yogahaus Saar",
        "category": "Yoga",
        "icon": "🧘",
        "coord_source": "osm",
        "coord_accuracy": "high",
        "place_id": "osm:node/12289081444",
        "phone": "+49 681 684396",
        "url": "https://yogahaus-saar.de"
      }
    },
    {
      "type": "Feature",
      "id": "yoga-france-0660",
      "geometry": {
        "type": "Point",
        "coordinates": [
          2.3593442,
          48.8747268
        ]
      },
      "properties": {
        "name": "Centre Sivananda de Yoga Vedanta",
        "category": "Yoga",
        "icon": "🧘",
        "coord_source": "osm",
        "coord_accuracy": "high",
        "place_id": "osm:node/12290487967",
        "url": "https://sivanandaparis.org/"
      }
    },
    {
      "type": "Feature",
      "id": "yoga-france-0661",
      "geometry": {
        "type": "Point",
        "coordinates": [
          8.4710501,
          49.5969563
        ]
      },
      "properties": {
        "name": "Stressfreies Leben",
        "category": "Yoga",
        "icon": "🧘",
        "coord_source": "osm",
        "coord_accuracy": "high",
        "place_id": "osm:node/12291567966",
        "address": "40 Kaiserstraße 68623 Lampertheim",
        "phone": "+49 176 32067017"
      }
    },
    {
      "type": "Feature",
      "id": "yoga-france-0662",
      "geometry": {
        "type": "Point",
        "coordinates": [
          9.2457057,
          45.480334
        ]
      },
      "properties": {
        "name": "Esthelogue",
        "category": "Yoga",
        "icon": "🧘",
        "coord_source": "osm",
        "coord_accuracy": "high",
        "place_id": "osm:node/12292606891"
      }
    },
    {
      "type": "Feature",
      "id": "yoga-france-0663",
      "geometry": {
        "type": "Point",
        "coordinates": [
          -1.1563311,
          50.8978462
        ]
      },
      "properties": {
        "name": "Birch Tree Yoga",
        "category": "Yoga",
        "icon": "🧘",
        "coord_source": "osm",
        "coord_accuracy": "high",
        "place_id": "osm:node/12302169228",
        "address": "Hundred Acres Road PO17 6HY Wickham",
        "phone": "+44 1329 834511",
        "url": "https://www.birchtreeyoga.co.uk/contact/"
      }
    },
    {
      "type": "Feature",
      "id": "yoga-france-0664",
      "geometry": {
        "type": "Point",
        "coordinates": [
          6.2523812,
          49.7141934
        ]
      },
      "properties": {
        "name": "Prana Works",
        "category": "Yoga",
        "icon": "🧘",
        "coord_source": "osm",
        "coord_accuracy": "high",
        "place_id": "osm:node/12304629261",
        "address": "15 Rue du Village 6140 Junglinster",
        "url": "https://www.pranaworks.lu/"
      }
    },
    {
      "type": "Feature",
      "id": "yoga-france-0665",
      "geometry": {
        "type": "Point",
        "coordinates": [
          2.1599488,
          41.4065449
        ]
      },
      "properties": {
        "name": "l'Espiral",
        "category": "Yoga",
        "icon": "🧘",
        "coord_source": "osm",
        "coord_accuracy": "high",
        "place_id": "osm:node/12308229026"
      }
    },
    {
      "type": "Feature",
      "id": "yoga-france-0666",
      "geometry": {
        "type": "Point",
        "coordinates": [
          2.1605672,
          41.4060222
        ]
      },
      "properties": {
        "name": "Villa Zen Barcelona",
        "category": "Yoga",
        "icon": "🧘",
        "coord_source": "osm",
        "coord_accuracy": "high",
        "place_id": "osm:node/12315976513",
        "address": "50 Carrer del Torrent de les Flors"
      }
    },
    {
      "type": "Feature",
      "id": "yoga-france-0667",
      "geometry": {
        "type": "Point",
        "coordinates": [
          6.1736819,
          49.1109575
        ]
      },
      "properties": {
        "name": "Aurels - Yoga Studio",
        "category": "Yoga",
        "icon": "🧘",
        "coord_source": "osm",
        "coord_accuracy": "high",
        "place_id": "osm:node/12319142639",
        "url": "https://aurelsyoga.com"
      }
    },
    {
      "type": "Feature",
      "id": "yoga-france-0668",
      "geometry": {
        "type": "Point",
        "coordinates": [
          8.6889699,
          49.4039449
        ]
      },
      "properties": {
        "name": "Yoga Susan Holze",
        "category": "Yoga",
        "icon": "🧘",
        "coord_source": "osm",
        "coord_accuracy": "high",
        "place_id": "osm:node/12320268545",
        "url": "https://www.yoga-heidelberg-susan.de/"
      }
    },
    {
      "type": "Feature",
      "id": "yoga-france-0669",
      "geometry": {
        "type": "Point",
        "coordinates": [
          3.732571,
          51.0636676
        ]
      },
      "properties": {
        "name": "Iyengar Yoga Gent",
        "category": "Yoga",
        "icon": "🧘",
        "coord_source": "osm",
        "coord_accuracy": "high",
        "place_id": "osm:node/12321040317",
        "address": "26 Stokerijstraat 9000 Gent",
        "phone": "+32 494 12 31 34",
        "url": "https://www.iyengaryogagent.be/"
      }
    },
    {
      "type": "Feature",
      "id": "yoga-france-0670",
      "geometry": {
        "type": "Point",
        "coordinates": [
          7.9819217,
          48.4316009
        ]
      },
      "properties": {
        "name": "Sadhana Yoga Marianne Möschle",
        "category": "Yoga",
        "icon": "🧘",
        "coord_source": "osm",
        "coord_accuracy": "high",
        "place_id": "osm:node/12331067294",
        "address": "15 Auf der Oberen Au",
        "phone": "+49 7803 40386",
        "url": "https://www.marianne-moeschle.de/"
      }
    },
    {
      "type": "Feature",
      "id": "yoga-france-0671",
      "geometry": {
        "type": "Point",
        "coordinates": [
          6.9379402,
          50.9258846
        ]
      },
      "properties": {
        "name": "50:70 Studio",
        "category": "Yoga",
        "icon": "🧘",
        "coord_source": "osm",
        "coord_accuracy": "high",
        "place_id": "osm:node/12372307443"
      }
    },
    {
      "type": "Feature",
      "id": "yoga-france-0672",
      "geometry": {
        "type": "Point",
        "coordinates": [
          8.4712291,
          49.4966556
        ]
      },
      "properties": {
        "name": "Soma Yoga",
        "category": "Yoga",
        "icon": "🧘",
        "coord_source": "osm",
        "coord_accuracy": "high",
        "place_id": "osm:node/12383133135",
        "address": "7 Langstraße 68169 Mannheim",
        "phone": "+49 170 4851862",
        "url": "https://somayoga.space"
      }
    },
    {
      "type": "Feature",
      "id": "yoga-france-0673",
      "geometry": {
        "type": "Point",
        "coordinates": [
          5.7222371,
          45.1484121
        ]
      },
      "properties": {
        "name": "Esprit pilates",
        "category": "Yoga",
        "icon": "🧘",
        "coord_source": "osm",
        "coord_accuracy": "high",
        "place_id": "osm:node/12387981544",
        "address": "46 Avenue de Grugliasco 38130 Échirolles",
        "hours": "\"sur rendez-vous ou cours collectifs\"",
        "phone": "+33 6 63 94 66 34",
        "url": "https://mbonfand.fr/"
      }
    },
    {
      "type": "Feature",
      "id": "yoga-france-0674",
      "geometry": {
        "type": "Point",
        "coordinates": [
          2.1422207,
          41.4904707
        ]
      },
      "properties": {
        "name": "Centro de Yoga Om Shanti",
        "category": "Yoga",
        "icon": "🧘",
        "coord_source": "osm",
        "coord_accuracy": "high",
        "place_id": "osm:node/12413894605"
      }
    },
    {
      "type": "Feature",
      "id": "yoga-france-0675",
      "geometry": {
        "type": "Point",
        "coordinates": [
          6.1512611,
          46.2115738
        ]
      },
      "properties": {
        "name": "Studio Soham",
        "category": "Yoga",
        "icon": "🧘",
        "coord_source": "osm",
        "coord_accuracy": "high",
        "place_id": "osm:node/12430072801",
        "address": "34 Rue Philippe-Plantamour 1201",
        "url": "https://studio-soham.com/"
      }
    },
    {
      "type": "Feature",
      "id": "yoga-france-0676",
      "geometry": {
        "type": "Point",
        "coordinates": [
          8.9409272,
          44.4113499
        ]
      },
      "properties": {
        "name": "Ashtanga Yoga Genova",
        "category": "Yoga",
        "icon": "🧘",
        "coord_source": "osm",
        "coord_accuracy": "high",
        "place_id": "osm:node/12431958067",
        "url": "https://www.ashtangayogagenova.it/"
      }
    },
    {
      "type": "Feature",
      "id": "yoga-france-0677",
      "geometry": {
        "type": "Point",
        "coordinates": [
          6.7476928,
          50.8601895
        ]
      },
      "properties": {
        "name": "Yoga Wawes",
        "category": "Yoga",
        "icon": "🧘",
        "coord_source": "osm",
        "coord_accuracy": "high",
        "place_id": "osm:node/12435698892",
        "url": "https://www.yogawaves-kerpen.de/"
      }
    },
    {
      "type": "Feature",
      "id": "yoga-france-0678",
      "geometry": {
        "type": "Point",
        "coordinates": [
          6.9533955,
          50.9474041
        ]
      },
      "properties": {
        "name": "Institut für Yoga und Gesundheit",
        "category": "Yoga",
        "icon": "🧘",
        "coord_source": "osm",
        "coord_accuracy": "high",
        "place_id": "osm:node/12435841207",
        "url": "https://www.yoga-koeln.de/"
      }
    },
    {
      "type": "Feature",
      "id": "yoga-france-0679",
      "geometry": {
        "type": "Point",
        "coordinates": [
          6.7970744,
          50.9529229
        ]
      },
      "properties": {
        "name": "Yoga Sabine Karsten",
        "category": "Yoga",
        "icon": "🧘",
        "coord_source": "osm",
        "coord_accuracy": "high",
        "place_id": "osm:node/12435963417",
        "url": "https://www.sabinekarsten.de/"
      }
    },
    {
      "type": "Feature",
      "id": "yoga-france-0680",
      "geometry": {
        "type": "Point",
        "coordinates": [
          6.954677,
          50.917972
        ]
      },
      "properties": {
        "name": "Yogaschule Köln",
        "category": "Yoga",
        "icon": "🧘",
        "coord_source": "osm",
        "coord_accuracy": "high",
        "place_id": "osm:node/12436289578",
        "url": "https://www.hathayogakoeln.com/yogaschule-koeln"
      }
    },
    {
      "type": "Feature",
      "id": "yoga-france-0681",
      "geometry": {
        "type": "Point",
        "coordinates": [
          8.6629514,
          49.4757395
        ]
      },
      "properties": {
        "name": "Heilende Kunst",
        "category": "Yoga",
        "icon": "🧘",
        "coord_source": "osm",
        "coord_accuracy": "high",
        "place_id": "osm:node/12452940342",
        "address": "33 Friedrichstraße 69198 Schriesheim",
        "url": "https://www.heilende-kunst.de/"
      }
    },
    {
      "type": "Feature",
      "id": "yoga-france-0682",
      "geometry": {
        "type": "Point",
        "coordinates": [
          5.3102803,
          51.0239492
        ]
      },
      "properties": {
        "name": "Yoga instituut",
        "category": "Yoga",
        "icon": "🧘",
        "coord_source": "osm",
        "coord_accuracy": "high",
        "place_id": "osm:node/12465079772",
        "url": "https://yogainstituut.be/"
      }
    },
    {
      "type": "Feature",
      "id": "yoga-france-0683",
      "geometry": {
        "type": "Point",
        "coordinates": [
          9.3584636,
          47.4176058
        ]
      },
      "properties": {
        "name": "Hathayoga",
        "category": "Yoga",
        "icon": "🧘",
        "coord_source": "osm",
        "coord_accuracy": "high",
        "place_id": "osm:node/12467397716",
        "url": "https://www.hathayoga-heim.de/yoga-kurse/yogakurse-st-gallen-1/"
      }
    },
    {
      "type": "Feature",
      "id": "yoga-france-0684",
      "geometry": {
        "type": "Point",
        "coordinates": [
          6.9120922,
          50.9294101
        ]
      },
      "properties": {
        "name": "Yoga [move:ments]",
        "category": "Yoga",
        "icon": "🧘",
        "coord_source": "osm",
        "coord_accuracy": "high",
        "place_id": "osm:node/12478257856",
        "url": "https://yoga-movements.com/"
      }
    },
    {
      "type": "Feature",
      "id": "yoga-france-0685",
      "geometry": {
        "type": "Point",
        "coordinates": [
          8.8980518,
          47.5500794
        ]
      },
      "properties": {
        "name": "Inayo Yogaschule Frauenfeld",
        "category": "Yoga",
        "icon": "🧘",
        "coord_source": "osm",
        "coord_accuracy": "high",
        "place_id": "osm:node/12488165271",
        "url": "https://inayo.ch/yogaschule-frauenfeld"
      }
    },
    {
      "type": "Feature",
      "id": "yoga-france-0686",
      "geometry": {
        "type": "Point",
        "coordinates": [
          2.2835501,
          46.0183725
        ]
      },
      "properties": {
        "name": "Sat Narayan",
        "category": "Yoga",
        "icon": "🧘",
        "coord_source": "osm",
        "coord_accuracy": "high",
        "place_id": "osm:node/12492702948",
        "address": "7 Rue des Combrailles 23190 Champagnat",
        "hours": "Mo,Th 18:30-20:00; ",
        "phone": "+33607448306",
        "url": "https://www.satnarayan.fr"
      }
    },
    {
      "type": "Feature",
      "id": "yoga-france-0687",
      "geometry": {
        "type": "Point",
        "coordinates": [
          9.1637469,
          45.6637132
        ]
      },
      "properties": {
        "name": "IN.ME.LAB",
        "category": "Yoga",
        "icon": "🧘",
        "coord_source": "osm",
        "coord_accuracy": "high",
        "place_id": "osm:node/12505487356",
        "address": "99 Via Enrico Cialdini 20821 Meda"
      }
    },
    {
      "type": "Feature",
      "id": "yoga-france-0688",
      "geometry": {
        "type": "Point",
        "coordinates": [
          8.7163611,
          47.3473738
        ]
      },
      "properties": {
        "name": "Salon du Yoga",
        "category": "Yoga",
        "icon": "🧘",
        "coord_source": "osm",
        "coord_accuracy": "high",
        "place_id": "osm:node/12509423143",
        "hours": "\"check website\"",
        "url": "https://www.salonduyoga.ch/"
      }
    },
    {
      "type": "Feature",
      "id": "yoga-france-0689",
      "geometry": {
        "type": "Point",
        "coordinates": [
          7.0059776,
          50.9389248
        ]
      },
      "properties": {
        "name": "CO Yoga",
        "category": "Yoga",
        "icon": "🧘",
        "coord_source": "osm",
        "coord_accuracy": "high",
        "place_id": "osm:node/12510876322",
        "address": "8 Breuerstraße 51103 Köln",
        "url": "https://coyoga.koeln/"
      }
    },
    {
      "type": "Feature",
      "id": "yoga-france-0690",
      "geometry": {
        "type": "Point",
        "coordinates": [
          8.7138205,
          47.3538471
        ]
      },
      "properties": {
        "name": "Bambus Yoga Pilates GmbH",
        "category": "Yoga",
        "icon": "🧘",
        "coord_source": "osm",
        "coord_accuracy": "high",
        "place_id": "osm:node/12512187914",
        "hours": "\"please check website\"",
        "url": "https://yogapilates.ch/"
      }
    },
    {
      "type": "Feature",
      "id": "yoga-france-0691",
      "geometry": {
        "type": "Point",
        "coordinates": [
          6.1466313,
          46.2122275
        ]
      },
      "properties": {
        "name": "ashtanga passion club",
        "category": "Yoga",
        "icon": "🧘",
        "coord_source": "osm",
        "coord_accuracy": "high",
        "place_id": "osm:node/12520528412"
      }
    },
    {
      "type": "Feature",
      "id": "yoga-france-0692",
      "geometry": {
        "type": "Point",
        "coordinates": [
          6.9466362,
          50.9839288
        ]
      },
      "properties": {
        "name": "Zen Yoga",
        "category": "Yoga",
        "icon": "🧘",
        "coord_source": "osm",
        "coord_accuracy": "high",
        "place_id": "osm:node/12541985672",
        "address": "2 Kapuzinerstraße",
        "phone": "+49 155 66278601",
        "url": "https://www.zenyoga-studio.de"
      }
    },
    {
      "type": "Feature",
      "id": "yoga-france-0693",
      "geometry": {
        "type": "Point",
        "coordinates": [
          4.8491524,
          45.7629657
        ]
      },
      "properties": {
        "name": "Yoga Room",
        "category": "Yoga",
        "icon": "🧘",
        "coord_source": "osm",
        "coord_accuracy": "high",
        "place_id": "osm:node/12565734589",
        "address": "92 Cours Lafayette 69003 Lyon",
        "phone": "+33 4 86 91 49 90",
        "url": "https://www.yoga-room.academy/post/studio-les-halles-lyon"
      }
    },
    {
      "type": "Feature",
      "id": "yoga-france-0694",
      "geometry": {
        "type": "Point",
        "coordinates": [
          1.4561102,
          43.6086989
        ]
      },
      "properties": {
        "name": "Eka Yoga",
        "category": "Yoga",
        "icon": "🧘",
        "coord_source": "osm",
        "coord_accuracy": "high",
        "place_id": "osm:node/12568464445",
        "address": "32 Rue du Général Jean Compans"
      }
    },
    {
      "type": "Feature",
      "id": "yoga-france-0695",
      "geometry": {
        "type": "Point",
        "coordinates": [
          4.4076418,
          50.8233493
        ]
      },
      "properties": {
        "name": "Yoga Auderghem",
        "category": "Yoga",
        "icon": "🧘",
        "coord_source": "osm",
        "coord_accuracy": "high",
        "place_id": "osm:node/12585767802"
      }
    },
    {
      "type": "Feature",
      "id": "yoga-france-0696",
      "geometry": {
        "type": "Point",
        "coordinates": [
          7.2550357,
          43.710362
        ]
      },
      "properties": {
        "name": "Superstudio",
        "category": "Yoga",
        "icon": "🧘",
        "coord_source": "osm",
        "coord_accuracy": "high",
        "place_id": "osm:node/12595580517",
        "address": "8 Rue Cros de Capeu Nice",
        "phone": "+33 7 71 32 24 78",
        "url": "https://superstudio.yoga/"
      }
    },
    {
      "type": "Feature",
      "id": "yoga-france-0697",
      "geometry": {
        "type": "Point",
        "coordinates": [
          3.2516264,
          45.5538938
        ]
      },
      "properties": {
        "name": "Yoga Shivaya",
        "category": "Yoga",
        "icon": "🧘",
        "coord_source": "osm",
        "coord_accuracy": "high",
        "place_id": "osm:node/12596116575"
      }
    },
    {
      "type": "Feature",
      "id": "yoga-france-0698",
      "geometry": {
        "type": "Point",
        "coordinates": [
          7.5729283,
          47.5237292
        ]
      },
      "properties": {
        "name": "Bethsabé Yoga",
        "category": "Yoga",
        "icon": "🧘",
        "coord_source": "osm",
        "coord_accuracy": "high",
        "place_id": "osm:node/12600283167"
      }
    },
    {
      "type": "Feature",
      "id": "yoga-france-0699",
      "geometry": {
        "type": "Point",
        "coordinates": [
          3.8896213,
          43.5991538
        ]
      },
      "properties": {
        "name": "Sattva Yoga",
        "category": "Yoga",
        "icon": "🧘",
        "coord_source": "osm",
        "coord_accuracy": "high",
        "place_id": "osm:node/12604284822",
        "address": "465 Avenue du Pont Trinquat 34070 Montpellier",
        "phone": "+336 17 80 17 88",
        "url": "https://www.centre-yoga-montpellier.fr/"
      }
    },
    {
      "type": "Feature",
      "id": "yoga-france-0700",
      "geometry": {
        "type": "Point",
        "coordinates": [
          8.6850645,
          49.404257
        ]
      },
      "properties": {
        "name": "Yoga Praxis",
        "category": "Yoga",
        "icon": "🧘",
        "coord_source": "osm",
        "coord_accuracy": "high",
        "place_id": "osm:node/12621398970",
        "phone": "+491774008763",
        "url": "https://www.yogapraxis-heidelberg.de/"
      }
    },
    {
      "type": "Feature",
      "id": "yoga-france-0701",
      "geometry": {
        "type": "Point",
        "coordinates": [
          8.6919505,
          49.4156522
        ]
      },
      "properties": {
        "name": "True Yoga",
        "category": "Yoga",
        "icon": "🧘",
        "coord_source": "osm",
        "coord_accuracy": "high",
        "place_id": "osm:node/12621399824",
        "address": "35 Brückenstraße 69120 Heidelberg"
      }
    },
    {
      "type": "Feature",
      "id": "yoga-france-0702",
      "geometry": {
        "type": "Point",
        "coordinates": [
          2.9084948,
          42.6949781
        ]
      },
      "properties": {
        "name": "Bloom Studio Yoga & Ayurveda",
        "category": "Yoga",
        "icon": "🧘",
        "coord_source": "osm",
        "coord_accuracy": "high",
        "place_id": "osm:node/12621484373"
      }
    },
    {
      "type": "Feature",
      "id": "yoga-france-0703",
      "geometry": {
        "type": "Point",
        "coordinates": [
          -0.3649119,
          42.5186537
        ]
      },
      "properties": {
        "name": "Entorno Sien7e",
        "category": "Yoga",
        "icon": "🧘",
        "coord_source": "osm",
        "coord_accuracy": "high",
        "place_id": "osm:node/12623050045",
        "address": "5 Calle de Ordesa 22600",
        "phone": "+34 641 18 14 53",
        "url": "https://entornosien7e.com/"
      }
    },
    {
      "type": "Feature",
      "id": "yoga-france-0704",
      "geometry": {
        "type": "Point",
        "coordinates": [
          7.2598232,
          49.348271
        ]
      },
      "properties": {
        "name": "Raum der Vielfalt",
        "category": "Yoga",
        "icon": "🧘",
        "coord_source": "osm",
        "coord_accuracy": "high",
        "place_id": "osm:node/12642541130"
      }
    },
    {
      "type": "Feature",
      "id": "yoga-france-0705",
      "geometry": {
        "type": "Point",
        "coordinates": [
          8.8919453,
          47.5530891
        ]
      },
      "properties": {
        "name": "Yoga-Pilates im Oxen",
        "category": "Yoga",
        "icon": "🧘",
        "coord_source": "osm",
        "coord_accuracy": "high",
        "place_id": "osm:node/12645195983",
        "url": "https://yogapilates-im-oxen.ch"
      }
    },
    {
      "type": "Feature",
      "id": "yoga-france-0706",
      "geometry": {
        "type": "Point",
        "coordinates": [
          8.3054093,
          47.4747331
        ]
      },
      "properties": {
        "name": "Yoga Therapie Baden",
        "category": "Yoga",
        "icon": "🧘",
        "coord_source": "osm",
        "coord_accuracy": "high",
        "place_id": "osm:node/12648574643",
        "address": "3 Rütistrasse 5400 Baden",
        "url": "https://yogatherapie-baden.ch"
      }
    },
    {
      "type": "Feature",
      "id": "yoga-france-0707",
      "geometry": {
        "type": "Point",
        "coordinates": [
          3.3825915,
          50.611755
        ]
      },
      "properties": {
        "name": "Treasure Inside",
        "category": "Yoga",
        "icon": "🧘",
        "coord_source": "osm",
        "coord_accuracy": "high",
        "place_id": "osm:node/12657257298",
        "address": "11 Terrasses de La Madeleine 7500 Tournai"
      }
    },
    {
      "type": "Feature",
      "id": "yoga-france-0708",
      "geometry": {
        "type": "Point",
        "coordinates": [
          6.1370725,
          49.5997797
        ]
      },
      "properties": {
        "name": "Mana Yoga",
        "category": "Yoga",
        "icon": "🧘",
        "coord_source": "osm",
        "coord_accuracy": "high",
        "place_id": "osm:node/12673510639",
        "address": "78 Rue de Bonnevoie 1260 Luxembourg",
        "phone": "+352621815471",
        "url": "https://manayoga.lu/"
      }
    },
    {
      "type": "Feature",
      "id": "yoga-france-0709",
      "geometry": {
        "type": "Point",
        "coordinates": [
          6.1342084,
          46.1900091
        ]
      },
      "properties": {
        "name": "Deva yoga",
        "category": "Yoga",
        "icon": "🧘",
        "coord_source": "osm",
        "coord_accuracy": "high",
        "place_id": "osm:node/12682286635",
        "address": "1 Avenue Industrielle 1227 Carouge GE",
        "hours": "Mo-Fr 07:30-20:30",
        "phone": "+41 22 556 31 01",
        "url": "https://deva-yoga.ch/"
      }
    },
    {
      "type": "Feature",
      "id": "yoga-france-0710",
      "geometry": {
        "type": "Point",
        "coordinates": [
          8.7646326,
          47.504335
        ]
      },
      "properties": {
        "name": "Yopini",
        "category": "Yoga",
        "icon": "🧘",
        "coord_source": "osm",
        "coord_accuracy": "high",
        "place_id": "osm:node/12683887814"
      }
    },
    {
      "type": "Feature",
      "id": "yoga-france-0711",
      "geometry": {
        "type": "Point",
        "coordinates": [
          6.9046739,
          50.8269597
        ]
      },
      "properties": {
        "name": "Yoga-Time",
        "category": "Yoga",
        "icon": "🧘",
        "coord_source": "osm",
        "coord_accuracy": "high",
        "place_id": "osm:node/12686830558",
        "url": "https://yoga-time-studio.de/"
      }
    },
    {
      "type": "Feature",
      "id": "yoga-france-0712",
      "geometry": {
        "type": "Point",
        "coordinates": [
          5.7345633,
          45.167069
        ]
      },
      "properties": {
        "name": "salle de Yoga des Jardins de la Bruyère",
        "category": "Yoga",
        "icon": "🧘",
        "coord_source": "osm",
        "coord_accuracy": "high",
        "place_id": "osm:node/12702421163"
      }
    },
    {
      "type": "Feature",
      "id": "yoga-france-0713",
      "geometry": {
        "type": "Point",
        "coordinates": [
          6.1632804,
          46.2034824
        ]
      },
      "properties": {
        "name": "Inshape studio",
        "category": "Yoga",
        "icon": "🧘",
        "coord_source": "osm",
        "coord_accuracy": "high",
        "place_id": "osm:node/12718127163"
      }
    },
    {
      "type": "Feature",
      "id": "yoga-france-0714",
      "geometry": {
        "type": "Point",
        "coordinates": [
          6.1617717,
          46.2047967
        ]
      },
      "properties": {
        "name": "Akta yoga",
        "category": "Yoga",
        "icon": "🧘",
        "coord_source": "osm",
        "coord_accuracy": "high",
        "place_id": "osm:node/12718127164"
      }
    },
    {
      "type": "Feature",
      "id": "yoga-france-0715",
      "geometry": {
        "type": "Point",
        "coordinates": [
          6.5894,
          46.5181365
        ]
      },
      "properties": {
        "name": "k·mala YOGA",
        "category": "Yoga",
        "icon": "🧘",
        "coord_source": "osm",
        "coord_accuracy": "high",
        "place_id": "osm:node/12724163403",
        "hours": "Tu 07:00-08:00",
        "url": "https://k-mala.ch/"
      }
    },
    {
      "type": "Feature",
      "id": "yoga-france-0716",
      "geometry": {
        "type": "Point",
        "coordinates": [
          7.7634835,
          49.4312709
        ]
      },
      "properties": {
        "name": "Casimir. Das Studio.",
        "category": "Yoga",
        "icon": "🧘",
        "coord_source": "osm",
        "coord_accuracy": "high",
        "place_id": "osm:node/12732720583",
        "url": "https://linasprenger.com/"
      }
    },
    {
      "type": "Feature",
      "id": "yoga-france-0717",
      "geometry": {
        "type": "Point",
        "coordinates": [
          6.1251592,
          49.6195564
        ]
      },
      "properties": {
        "name": "yogaloft",
        "category": "Yoga",
        "icon": "🧘",
        "coord_source": "osm",
        "coord_accuracy": "high",
        "place_id": "osm:node/12735262052",
        "address": "10 Avenue du Bois 1251 Luxembourg",
        "phone": "+35226259790",
        "url": "https://www.yogaloft.lu/"
      }
    },
    {
      "type": "Feature",
      "id": "yoga-france-0718",
      "geometry": {
        "type": "Point",
        "coordinates": [
          8.7243145,
          47.4996929
        ]
      },
      "properties": {
        "name": "Yoga in a bag",
        "category": "Yoga",
        "icon": "🧘",
        "coord_source": "osm",
        "coord_accuracy": "high",
        "place_id": "osm:node/12738302038"
      }
    },
    {
      "type": "Feature",
      "id": "yoga-france-0719",
      "geometry": {
        "type": "Point",
        "coordinates": [
          8.5294823,
          47.3781007
        ]
      },
      "properties": {
        "name": "yoga studio zürich",
        "category": "Yoga",
        "icon": "🧘",
        "coord_source": "osm",
        "coord_accuracy": "high",
        "place_id": "osm:node/12754771024"
      }
    },
    {
      "type": "Feature",
      "id": "yoga-france-0720",
      "geometry": {
        "type": "Point",
        "coordinates": [
          8.5289228,
          47.3778391
        ]
      },
      "properties": {
        "name": "yoga anker",
        "category": "Yoga",
        "icon": "🧘",
        "coord_source": "osm",
        "coord_accuracy": "high",
        "place_id": "osm:node/12754776144",
        "address": "12 Dienerstrasse"
      }
    },
    {
      "type": "Feature",
      "id": "yoga-france-0721",
      "geometry": {
        "type": "Point",
        "coordinates": [
          8.5290988,
          47.377763
        ]
      },
      "properties": {
        "name": "Soul City",
        "category": "Yoga",
        "icon": "🧘",
        "coord_source": "osm",
        "coord_accuracy": "high",
        "place_id": "osm:node/12754796334",
        "address": "10 Dienerstrasse",
        "url": "https://soulcity-zurich.ch"
      }
    },
    {
      "type": "Feature",
      "id": "yoga-france-0722",
      "geometry": {
        "type": "Point",
        "coordinates": [
          3.7955595,
          43.6487854
        ]
      },
      "properties": {
        "name": "Shine Studio",
        "category": "Yoga",
        "icon": "🧘",
        "coord_source": "osm",
        "coord_accuracy": "high",
        "place_id": "osm:node/12758062164",
        "address": "21 Rue du Château 34790 Grabels",
        "phone": "+33 6 03 41 17 88",
        "url": "https://shinestudiomontpellier.com"
      }
    },
    {
      "type": "Feature",
      "id": "yoga-france-0723",
      "geometry": {
        "type": "Point",
        "coordinates": [
          4.3423751,
          50.8258592
        ]
      },
      "properties": {
        "name": "Résonances",
        "category": "Yoga",
        "icon": "🧘",
        "coord_source": "osm",
        "coord_accuracy": "high",
        "place_id": "osm:node/12768814087"
      }
    },
    {
      "type": "Feature",
      "id": "yoga-france-0724",
      "geometry": {
        "type": "Point",
        "coordinates": [
          5.7840339,
          44.9085764
        ]
      },
      "properties": {
        "name": "Sorelle bien être",
        "category": "Yoga",
        "icon": "🧘",
        "coord_source": "osm",
        "coord_accuracy": "high",
        "place_id": "osm:node/12773028881"
      }
    },
    {
      "type": "Feature",
      "id": "yoga-france-0725",
      "geometry": {
        "type": "Point",
        "coordinates": [
          4.8067801,
          45.7731945
        ]
      },
      "properties": {
        "name": "Centre de yoga Narayan",
        "category": "Yoga",
        "icon": "🧘",
        "coord_source": "osm",
        "coord_accuracy": "high",
        "place_id": "osm:node/12794234630",
        "url": "https://narayan-yoga.fr/"
      }
    },
    {
      "type": "Feature",
      "id": "yoga-france-0726",
      "geometry": {
        "type": "Point",
        "coordinates": [
          6.429483,
          45.1674643
        ]
      },
      "properties": {
        "name": "Yoga des cimes",
        "category": "Yoga",
        "icon": "🧘",
        "coord_source": "osm",
        "coord_accuracy": "high",
        "place_id": "osm:node/12794648415",
        "url": "https://www.valloire.net/commerce-et-service/yoga-des-cimes-valloire/;https://www.valloire.net/activite/yoga-des-cimes-valloire-2/;https://www.agathe-yogadescimes.fr/"
      }
    },
    {
      "type": "Feature",
      "id": "yoga-france-0727",
      "geometry": {
        "type": "Point",
        "coordinates": [
          5.2752663,
          45.594369
        ]
      },
      "properties": {
        "name": "Namasté Studio",
        "category": "Yoga",
        "icon": "🧘",
        "coord_source": "osm",
        "coord_accuracy": "high",
        "place_id": "osm:node/12819722371",
        "url": "https://namastestudio.fr/"
      }
    },
    {
      "type": "Feature",
      "id": "yoga-france-0728",
      "geometry": {
        "type": "Point",
        "coordinates": [
          7.0271045,
          50.7210859
        ]
      },
      "properties": {
        "name": "Balancen Yoga",
        "category": "Yoga",
        "icon": "🧘",
        "coord_source": "osm",
        "coord_accuracy": "high",
        "place_id": "osm:node/12828725192",
        "address": "10 Chateauneufstraße 53347 Alfter",
        "phone": "+49 228 85030285",
        "url": "https://www.balancen.eu/"
      }
    },
    {
      "type": "Feature",
      "id": "yoga-france-0729",
      "geometry": {
        "type": "Point",
        "coordinates": [
          -0.6053517,
          43.1930722
        ]
      },
      "properties": {
        "name": "Iti Mana Yoga",
        "category": "Yoga",
        "icon": "🧘",
        "coord_source": "osm",
        "coord_accuracy": "high",
        "place_id": "osm:node/12829835516"
      }
    },
    {
      "type": "Feature",
      "id": "yoga-france-0730",
      "geometry": {
        "type": "Point",
        "coordinates": [
          6.9393797,
          50.9458502
        ]
      },
      "properties": {
        "name": "Knirpse & Komplizen",
        "category": "Yoga",
        "icon": "🧘",
        "coord_source": "osm",
        "coord_accuracy": "high",
        "place_id": "osm:node/12831808901",
        "address": "21 Gladbacher Straße 50672",
        "phone": "+49 221 78903597",
        "url": "https://knirpse-komplizen.de/"
      }
    },
    {
      "type": "Feature",
      "id": "yoga-france-0731",
      "geometry": {
        "type": "Point",
        "coordinates": [
          2.2690105,
          48.8222714
        ]
      },
      "properties": {
        "name": "Le Studio",
        "category": "Yoga",
        "icon": "🧘",
        "coord_source": "osm",
        "coord_accuracy": "high",
        "place_id": "osm:node/12836350944"
      }
    },
    {
      "type": "Feature",
      "id": "yoga-france-0732",
      "geometry": {
        "type": "Point",
        "coordinates": [
          8.5289659,
          47.3755445
        ]
      },
      "properties": {
        "name": "Studio Breath Academy",
        "category": "Yoga",
        "icon": "🧘",
        "coord_source": "osm",
        "coord_accuracy": "high",
        "place_id": "osm:node/12848280617",
        "address": "57 Müllerstrasse 8004 Zürich",
        "url": "https://breath-academy.ch"
      }
    },
    {
      "type": "Feature",
      "id": "yoga-france-0733",
      "geometry": {
        "type": "Point",
        "coordinates": [
          8.2385106,
          50.0804045
        ]
      },
      "properties": {
        "name": "Yoga Stern",
        "category": "Yoga",
        "icon": "🧘",
        "coord_source": "osm",
        "coord_accuracy": "high",
        "place_id": "osm:node/12848527827"
      }
    },
    {
      "type": "Feature",
      "id": "yoga-france-0734",
      "geometry": {
        "type": "Point",
        "coordinates": [
          9.2525429,
          48.7821936
        ]
      },
      "properties": {
        "name": "Adi Shakti",
        "category": "Yoga",
        "icon": "🧘",
        "coord_source": "osm",
        "coord_accuracy": "high",
        "place_id": "osm:node/12849709946",
        "address": "18 Oberstdorfer Straße 70327 Stuttgart",
        "phone": "+4915120745522",
        "url": "https://adi-shakti.de"
      }
    },
    {
      "type": "Feature",
      "id": "yoga-france-0735",
      "geometry": {
        "type": "Point",
        "coordinates": [
          6.2189999,
          50.5244885
        ]
      },
      "properties": {
        "name": "Yoga individuell Liever",
        "category": "Yoga",
        "icon": "🧘",
        "coord_source": "osm",
        "coord_accuracy": "high",
        "place_id": "osm:node/12865466293",
        "address": "3 Messeweg 52156 Monschau",
        "url": "https://yoga-eifel-monschau.de/"
      }
    },
    {
      "type": "Feature",
      "id": "yoga-france-0736",
      "geometry": {
        "type": "Point",
        "coordinates": [
          9.0000558,
          49.4179986
        ]
      },
      "properties": {
        "name": "Yogazentrum Krösselbach",
        "category": "Yoga",
        "icon": "🧘",
        "coord_source": "osm",
        "coord_accuracy": "high",
        "place_id": "osm:node/12876980981",
        "address": "2 Krösselbachweg 69412 Eberbach",
        "url": "https://yogazentrum-kroesselbach.de"
      }
    },
    {
      "type": "Feature",
      "id": "yoga-france-0737",
      "geometry": {
        "type": "Point",
        "coordinates": [
          2.4174643,
          48.8406311
        ]
      },
      "properties": {
        "name": "Genesis",
        "category": "Yoga",
        "icon": "🧘",
        "coord_source": "osm",
        "coord_accuracy": "high",
        "place_id": "osm:node/12877641360",
        "url": "https://www.genesisyoga.fr/"
      }
    },
    {
      "type": "Feature",
      "id": "yoga-france-0738",
      "geometry": {
        "type": "Point",
        "coordinates": [
          9.1836104,
          45.4758437
        ]
      },
      "properties": {
        "name": "Yogaessential",
        "category": "Yoga",
        "icon": "🧘",
        "coord_source": "osm",
        "coord_accuracy": "high",
        "place_id": "osm:node/12878709220",
        "address": "77 Corso Giuseppe Garibaldi 20121 Milano",
        "phone": "+39 02 83428101",
        "url": "https://www.spaziogaribaldi.com/"
      }
    },
    {
      "type": "Feature",
      "id": "yoga-france-0739",
      "geometry": {
        "type": "Point",
        "coordinates": [
          1.3441013,
          47.5808343
        ]
      },
      "properties": {
        "name": "Centre de Yoga",
        "category": "Yoga",
        "icon": "🧘",
        "coord_source": "osm",
        "coord_accuracy": "high",
        "place_id": "osm:node/12880889822"
      }
    },
    {
      "type": "Feature",
      "id": "yoga-france-0740",
      "geometry": {
        "type": "Point",
        "coordinates": [
          3.175495,
          45.7411881
        ]
      },
      "properties": {
        "name": "Gaia Tree Yoga",
        "category": "Yoga",
        "icon": "🧘",
        "coord_source": "osm",
        "coord_accuracy": "high",
        "place_id": "osm:node/12899361002"
      }
    },
    {
      "type": "Feature",
      "id": "yoga-france-0741",
      "geometry": {
        "type": "Point",
        "coordinates": [
          8.8530015,
          50.0722532
        ]
      },
      "properties": {
        "name": "Glücksschmiede",
        "category": "Yoga",
        "icon": "🧘",
        "coord_source": "osm",
        "coord_accuracy": "high",
        "place_id": "osm:node/12900629186",
        "address": "6 Brühlstraße 63179 Obertshausen",
        "hours": "\"nach Kurs\"",
        "phone": "+49 179 5154903",
        "url": "https://www.gluecksschmiede-obertshausen.de/"
      }
    },
    {
      "type": "Feature",
      "id": "yoga-france-0742",
      "geometry": {
        "type": "Point",
        "coordinates": [
          3.0784899,
          44.0987092
        ]
      },
      "properties": {
        "name": "Atelier du Yoga de Millau",
        "category": "Yoga",
        "icon": "🧘",
        "coord_source": "osm",
        "coord_accuracy": "high",
        "place_id": "osm:node/12906849690",
        "address": "17 Rue du Mandarous",
        "hours": "Sep-Aug, Jul off",
        "phone": "+33 6 61 79 52 90"
      }
    },
    {
      "type": "Feature",
      "id": "yoga-france-0743",
      "geometry": {
        "type": "Point",
        "coordinates": [
          7.7581486,
          48.5654209
        ]
      },
      "properties": {
        "name": "Yogamoves",
        "category": "Yoga",
        "icon": "🧘",
        "coord_source": "osm",
        "coord_accuracy": "high",
        "place_id": "osm:node/12914149130",
        "url": "https://yogamoves.fr/club-yoga/neudorf/"
      }
    },
    {
      "type": "Feature",
      "id": "yoga-france-0744",
      "geometry": {
        "type": "Point",
        "coordinates": [
          -4.4875164,
          48.0424
        ]
      },
      "properties": {
        "name": "Yoga #744",
        "category": "Yoga",
        "icon": "🧘",
        "coord_source": "osm",
        "coord_accuracy": "high",
        "place_id": "osm:node/12922085125"
      }
    },
    {
      "type": "Feature",
      "id": "yoga-france-0745",
      "geometry": {
        "type": "Point",
        "coordinates": [
          7.0182493,
          49.1970883
        ]
      },
      "properties": {
        "name": "Ananda",
        "category": "Yoga",
        "icon": "🧘",
        "coord_source": "osm",
        "coord_accuracy": "high",
        "place_id": "osm:node/12924480570",
        "phone": "+49 173 8194554",
        "url": "https://anandainstitutsaar.de"
      }
    },
    {
      "type": "Feature",
      "id": "yoga-france-0746",
      "geometry": {
        "type": "Point",
        "coordinates": [
          2.1672217,
          48.8053177
        ]
      },
      "properties": {
        "name": "Le Shala",
        "category": "Yoga",
        "icon": "🧘",
        "coord_source": "osm",
        "coord_accuracy": "high",
        "place_id": "osm:node/12926369496",
        "url": "https://le-shala.com/"
      }
    },
    {
      "type": "Feature",
      "id": "yoga-france-0747",
      "geometry": {
        "type": "Point",
        "coordinates": [
          2.1672011,
          48.8053173
        ]
      },
      "properties": {
        "name": "Être Aujourd'hui Viroflay",
        "category": "Yoga",
        "icon": "🧘",
        "coord_source": "osm",
        "coord_accuracy": "high",
        "place_id": "osm:node/12926370285",
        "url": "https://etreaujourdhuiviroflay.fr/"
      }
    },
    {
      "type": "Feature",
      "id": "yoga-france-0748",
      "geometry": {
        "type": "Point",
        "coordinates": [
          1.3562564,
          44.0174939
        ]
      },
      "properties": {
        "name": "Harmony Pilates Yoga",
        "category": "Yoga",
        "icon": "🧘",
        "coord_source": "osm",
        "coord_accuracy": "high",
        "place_id": "osm:node/12927462643"
      }
    },
    {
      "type": "Feature",
      "id": "yoga-france-0749",
      "geometry": {
        "type": "Point",
        "coordinates": [
          2.3486401,
          48.8649944
        ]
      },
      "properties": {
        "name": "Baba",
        "category": "Yoga",
        "icon": "🧘",
        "coord_source": "osm",
        "coord_accuracy": "high",
        "place_id": "osm:node/12933141370",
        "address": "10 Rue Dussoubs",
        "url": "https://www.babayogaclub.com/"
      }
    },
    {
      "type": "Feature",
      "id": "yoga-france-0750",
      "geometry": {
        "type": "Point",
        "coordinates": [
          9.39034,
          47.7206653
        ]
      },
      "properties": {
        "name": "Yoga- und Siddhazentrum Zeitwandel",
        "category": "Yoga",
        "icon": "🧘",
        "coord_source": "osm",
        "coord_accuracy": "high",
        "place_id": "osm:node/12954215593",
        "address": "11 Marktstraße",
        "url": "https://siddhazentrum-markdorf.de"
      }
    },
    {
      "type": "Feature",
      "id": "yoga-france-0751",
      "geometry": {
        "type": "Point",
        "coordinates": [
          6.8710945,
          46.1625154
        ]
      },
      "properties": {
        "name": "Yogalps & massage",
        "category": "Yoga",
        "icon": "🧘",
        "coord_source": "osm",
        "coord_accuracy": "high",
        "place_id": "osm:node/12960822438",
        "url": "https://www.yogalps.com/"
      }
    },
    {
      "type": "Feature",
      "id": "yoga-france-0752",
      "geometry": {
        "type": "Point",
        "coordinates": [
          2.3732666,
          48.865345
        ]
      },
      "properties": {
        "name": "Ashtanga Yoga Paris",
        "category": "Yoga",
        "icon": "🧘",
        "coord_source": "osm",
        "coord_accuracy": "high",
        "place_id": "osm:node/12964149143",
        "address": "40 Avenue de la République 75011 Paris",
        "phone": "+33 1 45 80 19 96",
        "url": "https://www.ashtangayogaparis.fr/"
      }
    },
    {
      "type": "Feature",
      "id": "yoga-france-0753",
      "geometry": {
        "type": "Point",
        "coordinates": [
          5.5105078,
          50.6621526
        ]
      },
      "properties": {
        "name": "Point Yoga",
        "category": "Yoga",
        "icon": "🧘",
        "coord_source": "osm",
        "coord_accuracy": "high",
        "place_id": "osm:node/12980110399"
      }
    },
    {
      "type": "Feature",
      "id": "yoga-france-0754",
      "geometry": {
        "type": "Point",
        "coordinates": [
          -1.267502,
          49.5880723
        ]
      },
      "properties": {
        "name": "Nathur & Fly",
        "category": "Yoga",
        "icon": "🧘",
        "coord_source": "osm",
        "coord_accuracy": "high",
        "place_id": "osm:node/12983114067",
        "address": "17 Rue Gautier 50550 Saint-Vaast-la-Hougue",
        "url": "https://nathurfly.jimdosite.com/"
      }
    },
    {
      "type": "Feature",
      "id": "yoga-france-0755",
      "geometry": {
        "type": "Point",
        "coordinates": [
          2.2373126,
          48.8443481
        ]
      },
      "properties": {
        "name": "M yoga",
        "category": "Yoga",
        "icon": "🧘",
        "coord_source": "osm",
        "coord_accuracy": "high",
        "place_id": "osm:node/12983168180",
        "address": "14 Boulevard Jean Jaurès",
        "phone": "+33 1 41 10 90 04",
        "url": "https://m-yoga.fr/"
      }
    },
    {
      "type": "Feature",
      "id": "yoga-france-0756",
      "geometry": {
        "type": "Point",
        "coordinates": [
          6.0825732,
          50.7758702
        ]
      },
      "properties": {
        "name": "Intuition Creative Studio",
        "category": "Yoga",
        "icon": "🧘",
        "coord_source": "osm",
        "coord_accuracy": "high",
        "place_id": "osm:node/12985229989",
        "address": "22 Aachen",
        "url": "https://www.intuitionstudio.de/"
      }
    },
    {
      "type": "Feature",
      "id": "yoga-france-0757",
      "geometry": {
        "type": "Point",
        "coordinates": [
          0.1119211,
          49.4925993
        ]
      },
      "properties": {
        "name": "L'autre rive",
        "category": "Yoga",
        "icon": "🧘",
        "coord_source": "osm",
        "coord_accuracy": "high",
        "place_id": "osm:node/12990285275",
        "address": "5 Place Léon Meyer 76600 Le Havre",
        "url": "https://yoga-autrerive.fr/"
      }
    },
    {
      "type": "Feature",
      "id": "yoga-france-0758",
      "geometry": {
        "type": "Point",
        "coordinates": [
          -0.115403,
          49.2890287
        ]
      },
      "properties": {
        "name": "Adiyoga studio",
        "category": "Yoga",
        "icon": "🧘",
        "coord_source": "osm",
        "coord_accuracy": "high",
        "place_id": "osm:node/12992809304",
        "url": "https://adiyogastudio.fr/"
      }
    },
    {
      "type": "Feature",
      "id": "yoga-france-0759",
      "geometry": {
        "type": "Point",
        "coordinates": [
          4.4086444,
          50.7087474
        ]
      },
      "properties": {
        "name": "Yoga room",
        "category": "Yoga",
        "icon": "🧘",
        "coord_source": "osm",
        "coord_accuracy": "high",
        "place_id": "osm:node/12994127164"
      }
    },
    {
      "type": "Feature",
      "id": "yoga-france-0760",
      "geometry": {
        "type": "Point",
        "coordinates": [
          8.8056667,
          48.9984127
        ]
      },
      "properties": {
        "name": "Yoga & More Anjuli",
        "category": "Yoga",
        "icon": "🧘",
        "coord_source": "osm",
        "coord_accuracy": "high",
        "place_id": "osm:node/12997573561"
      }
    },
    {
      "type": "Feature",
      "id": "yoga-france-0761",
      "geometry": {
        "type": "Point",
        "coordinates": [
          5.0180028,
          44.7304861
        ]
      },
      "properties": {
        "name": "Yoga Crest 26",
        "category": "Yoga",
        "icon": "🧘",
        "coord_source": "osm",
        "coord_accuracy": "high",
        "place_id": "osm:node/13004690049",
        "address": "41 Rue Sadi Carnot 26400 Crest",
        "url": "https://www.yoga-crest26.com/"
      }
    },
    {
      "type": "Feature",
      "id": "yoga-france-0762",
      "geometry": {
        "type": "Point",
        "coordinates": [
          7.7450847,
          48.5866043
        ]
      },
      "properties": {
        "name": "Centre de Yoga Iyengar de Strasbourg",
        "category": "Yoga",
        "icon": "🧘",
        "coord_source": "osm",
        "coord_accuracy": "high",
        "place_id": "osm:node/13009118879",
        "url": "https://www.yoga-iyengar-strasbourg.fr/"
      }
    },
    {
      "type": "Feature",
      "id": "yoga-france-0763",
      "geometry": {
        "type": "Point",
        "coordinates": [
          -0.5855933,
          44.8501759
        ]
      },
      "properties": {
        "name": "Abhyasa Yoga",
        "category": "Yoga",
        "icon": "🧘",
        "coord_source": "osm",
        "coord_accuracy": "high",
        "place_id": "osm:node/13014023921",
        "address": "213 Rue Fondaudège"
      }
    },
    {
      "type": "Feature",
      "id": "yoga-france-0764",
      "geometry": {
        "type": "Point",
        "coordinates": [
          6.8856094,
          49.287057
        ]
      },
      "properties": {
        "name": "DiYoga",
        "category": "Yoga",
        "icon": "🧘",
        "coord_source": "osm",
        "coord_accuracy": "high",
        "place_id": "osm:node/13031220768"
      }
    },
    {
      "type": "Feature",
      "id": "yoga-france-0765",
      "geometry": {
        "type": "Point",
        "coordinates": [
          6.8877686,
          49.2857978
        ]
      },
      "properties": {
        "name": "Petra's Lichtquelle",
        "category": "Yoga",
        "icon": "🧘",
        "coord_source": "osm",
        "coord_accuracy": "high",
        "place_id": "osm:node/13031221131"
      }
    },
    {
      "type": "Feature",
      "id": "yoga-france-0766",
      "geometry": {
        "type": "Point",
        "coordinates": [
          1.2611283,
          45.8272622
        ]
      },
      "properties": {
        "name": "Yoga #766",
        "category": "Yoga",
        "icon": "🧘",
        "coord_source": "osm",
        "coord_accuracy": "high",
        "place_id": "osm:node/13045536674"
      }
    },
    {
      "type": "Feature",
      "id": "yoga-france-0767",
      "geometry": {
        "type": "Point",
        "coordinates": [
          -0.5703599,
          44.8529115
        ]
      },
      "properties": {
        "name": "Yoga Searcher",
        "category": "Yoga",
        "icon": "🧘",
        "coord_source": "osm",
        "coord_accuracy": "high",
        "place_id": "osm:node/13046462422",
        "hours": "Tu-Th 13:00-18:30; Fr 13:30-18:30; Sa 11:00-19:00"
      }
    },
    {
      "type": "Feature",
      "id": "yoga-france-0768",
      "geometry": {
        "type": "Point",
        "coordinates": [
          -3.5301803,
          50.7132922
        ]
      },
      "properties": {
        "name": "Hotpot Yoga",
        "category": "Yoga",
        "icon": "🧘",
        "coord_source": "osm",
        "coord_accuracy": "high",
        "place_id": "osm:node/13052481087",
        "address": "Water Lane EX2 8BY Exeter",
        "phone": "+44 7762 837474",
        "url": "https://hotpodyoga.com/studios/exeter/schedule/"
      }
    },
    {
      "type": "Feature",
      "id": "yoga-france-0769",
      "geometry": {
        "type": "Point",
        "coordinates": [
          4.395351,
          45.4310239
        ]
      },
      "properties": {
        "name": "Chaï Corner",
        "category": "Yoga",
        "icon": "🧘",
        "coord_source": "osm",
        "coord_accuracy": "high",
        "place_id": "osm:node/13056796359",
        "url": "https://chaicorner.fr/"
      }
    },
    {
      "type": "Feature",
      "id": "yoga-france-0770",
      "geometry": {
        "type": "Point",
        "coordinates": [
          0.6172541,
          41.6184219
        ]
      },
      "properties": {
        "name": "Svatma Yoga",
        "category": "Yoga",
        "icon": "🧘",
        "coord_source": "osm",
        "coord_accuracy": "high",
        "place_id": "osm:node/13059671933",
        "address": "27 Carrer de les Torres de Sanui 25006 Lleida"
      }
    },
    {
      "type": "Feature",
      "id": "yoga-france-0771",
      "geometry": {
        "type": "Point",
        "coordinates": [
          -0.7793898,
          50.8339649
        ]
      },
      "properties": {
        "name": "Lano",
        "category": "Yoga",
        "icon": "🧘",
        "coord_source": "osm",
        "coord_accuracy": "high",
        "place_id": "osm:node/13067792612",
        "address": "1 Old Market Avenue"
      }
    },
    {
      "type": "Feature",
      "id": "yoga-france-0772",
      "geometry": {
        "type": "Point",
        "coordinates": [
          8.4963114,
          47.3843638
        ]
      },
      "properties": {
        "name": "Yoga3",
        "category": "Yoga",
        "icon": "🧘",
        "coord_source": "osm",
        "coord_accuracy": "high",
        "place_id": "osm:node/13075740206",
        "address": "571 Badenerstrasse",
        "url": "https://yoga3.ch/"
      }
    },
    {
      "type": "Feature",
      "id": "yoga-france-0773",
      "geometry": {
        "type": "Point",
        "coordinates": [
          4.8714352,
          50.4676117
        ]
      },
      "properties": {
        "name": "Kailash Yoga",
        "category": "Yoga",
        "icon": "🧘",
        "coord_source": "osm",
        "coord_accuracy": "high",
        "place_id": "osm:node/13076067947"
      }
    },
    {
      "type": "Feature",
      "id": "yoga-france-0774",
      "geometry": {
        "type": "Point",
        "coordinates": [
          6.4671148,
          49.8899476
        ]
      },
      "properties": {
        "name": "Raum für Begegnung und Stille",
        "category": "Yoga",
        "icon": "🧘",
        "coord_source": "osm",
        "coord_accuracy": "high",
        "place_id": "osm:node/13081881423",
        "address": "23 Hauptstraße 54668 Alsdorf",
        "phone": "+49 6568 9694228",
        "url": "https://www.raumfuerbegegnungundstille.de/"
      }
    },
    {
      "type": "Feature",
      "id": "yoga-france-0775",
      "geometry": {
        "type": "Point",
        "coordinates": [
          8.548709,
          47.3650845
        ]
      },
      "properties": {
        "name": "Yoga nation",
        "category": "Yoga",
        "icon": "🧘",
        "coord_source": "osm",
        "coord_accuracy": "high",
        "place_id": "osm:node/13082095226"
      }
    },
    {
      "type": "Feature",
      "id": "yoga-france-0776",
      "geometry": {
        "type": "Point",
        "coordinates": [
          2.4847823,
          48.8018681
        ]
      },
      "properties": {
        "name": "Subtil yoga",
        "category": "Yoga",
        "icon": "🧘",
        "coord_source": "osm",
        "coord_accuracy": "high",
        "place_id": "osm:node/13082164024"
      }
    },
    {
      "type": "Feature",
      "id": "yoga-france-0777",
      "geometry": {
        "type": "Point",
        "coordinates": [
          8.6473653,
          49.2016218
        ]
      },
      "properties": {
        "name": "Lotuswolke Yoga",
        "category": "Yoga",
        "icon": "🧘",
        "coord_source": "osm",
        "coord_accuracy": "high",
        "place_id": "osm:node/13084213668",
        "address": "69 Hauptstraße 76669 Bad Schönborn",
        "url": "https://www.lotuswolke.de"
      }
    },
    {
      "type": "Feature",
      "id": "yoga-france-0778",
      "geometry": {
        "type": "Point",
        "coordinates": [
          8.6573639,
          50.148617
        ]
      },
      "properties": {
        "name": "YOGABOXFRANKFURT",
        "category": "Yoga",
        "icon": "🧘",
        "coord_source": "osm",
        "coord_accuracy": "high",
        "place_id": "osm:node/13089069684",
        "address": "75 Am Schwalbenschwanz 60431 Frankfurt am Main",
        "phone": "+49 172 7255333",
        "url": "https://yogaboxfrankfurt.de"
      }
    },
    {
      "type": "Feature",
      "id": "yoga-france-0779",
      "geometry": {
        "type": "Point",
        "coordinates": [
          -1.6661601,
          48.1119379
        ]
      },
      "properties": {
        "name": "Centre de yoga Iyengar du Thabor",
        "category": "Yoga",
        "icon": "🧘",
        "coord_source": "osm",
        "coord_accuracy": "high",
        "place_id": "osm:node/13092573516"
      }
    },
    {
      "type": "Feature",
      "id": "yoga-france-0780",
      "geometry": {
        "type": "Point",
        "coordinates": [
          7.7957228,
          47.5536159
        ]
      },
      "properties": {
        "name": "Alinga Yoga Studio",
        "category": "Yoga",
        "icon": "🧘",
        "coord_source": "osm",
        "coord_accuracy": "high",
        "place_id": "osm:node/13103316695"
      }
    },
    {
      "type": "Feature",
      "id": "yoga-france-0781",
      "geometry": {
        "type": "Point",
        "coordinates": [
          2.4118857,
          48.6859125
        ]
      },
      "properties": {
        "name": "Lunea Studio",
        "category": "Yoga",
        "icon": "🧘",
        "coord_source": "osm",
        "coord_accuracy": "high",
        "place_id": "osm:node/13103958932"
      }
    },
    {
      "type": "Feature",
      "id": "yoga-france-0782",
      "geometry": {
        "type": "Point",
        "coordinates": [
          -4.4849391,
          48.3863229
        ]
      },
      "properties": {
        "name": "Anahata Yoga",
        "category": "Yoga",
        "icon": "🧘",
        "coord_source": "osm",
        "coord_accuracy": "high",
        "place_id": "osm:node/13108240483",
        "address": "39 Rue Voltaire 29200 Brest",
        "phone": "+33661807256",
        "url": "https://www.yoga-brest-anahata.com/"
      }
    },
    {
      "type": "Feature",
      "id": "yoga-france-0783",
      "geometry": {
        "type": "Point",
        "coordinates": [
          4.7450147,
          44.5535238
        ]
      },
      "properties": {
        "name": "Yoga Ea",
        "category": "Yoga",
        "icon": "🧘",
        "coord_source": "osm",
        "coord_accuracy": "high",
        "place_id": "osm:node/13108925638",
        "address": "15 Avenue John Kennedy 26200 Montélimar",
        "hours": "Mo-Fr 09:00–18:00",
        "url": "https://www.yogaea.fr/"
      }
    },
    {
      "type": "Feature",
      "id": "yoga-france-0784",
      "geometry": {
        "type": "Point",
        "coordinates": [
          3.5413004,
          45.458822
        ]
      },
      "properties": {
        "name": "Studio YOGA St. Germain l'Herm",
        "category": "Yoga",
        "icon": "🧘",
        "coord_source": "osm",
        "coord_accuracy": "high",
        "place_id": "osm:node/13113039235"
      }
    },
    {
      "type": "Feature",
      "id": "yoga-france-0785",
      "geometry": {
        "type": "Point",
        "coordinates": [
          1.2884579,
          41.7861778
        ]
      },
      "properties": {
        "name": "Espai Consciencia",
        "category": "Yoga",
        "icon": "🧘",
        "coord_source": "osm",
        "coord_accuracy": "high",
        "place_id": "osm:node/13116156370",
        "address": "25 Carrer de la Font 25210 Guissona",
        "phone": "+34 660 675 000"
      }
    },
    {
      "type": "Feature",
      "id": "yoga-france-0786",
      "geometry": {
        "type": "Point",
        "coordinates": [
          7.1120623,
          43.5700927
        ]
      },
      "properties": {
        "name": "Joy",
        "category": "Yoga",
        "icon": "🧘",
        "coord_source": "osm",
        "coord_accuracy": "high",
        "place_id": "osm:node/13116173418",
        "phone": "+33 6 95 28 71 48"
      }
    },
    {
      "type": "Feature",
      "id": "yoga-france-0787",
      "geometry": {
        "type": "Point",
        "coordinates": [
          4.748711,
          44.5566675
        ]
      },
      "properties": {
        "name": "Alexia Fleuret - Le yoga pour tous - Montélimar",
        "category": "Yoga",
        "icon": "🧘",
        "coord_source": "osm",
        "coord_accuracy": "high",
        "place_id": "osm:node/13121789978",
        "address": "6 Rue Adhémar 26200 Montélimar",
        "hours": "Mo-Tu 19:00–21:00; We 19:30–21:30; Th 11:00–13:00",
        "url": "https://alexiafleuret.wixsite.com/yogamontelimar"
      }
    },
    {
      "type": "Feature",
      "id": "yoga-france-0788",
      "geometry": {
        "type": "Point",
        "coordinates": [
          -1.6765017,
          48.1097876
        ]
      },
      "properties": {
        "name": "Studio Chat Perché",
        "category": "Yoga",
        "icon": "🧘",
        "coord_source": "osm",
        "coord_accuracy": "high",
        "place_id": "osm:node/13124860642"
      }
    },
    {
      "type": "Feature",
      "id": "yoga-france-0789",
      "geometry": {
        "type": "Point",
        "coordinates": [
          9.1742614,
          48.7679169
        ]
      },
      "properties": {
        "name": "Yoga Loft Süd",
        "category": "Yoga",
        "icon": "🧘",
        "coord_source": "osm",
        "coord_accuracy": "high",
        "place_id": "osm:node/13134050901",
        "url": "https://www.yogaloftsued.de"
      }
    },
    {
      "type": "Feature",
      "id": "yoga-france-0790",
      "geometry": {
        "type": "Point",
        "coordinates": [
          8.5359166,
          50.3360083
        ]
      },
      "properties": {
        "name": "Ananda",
        "category": "Yoga",
        "icon": "🧘",
        "coord_source": "osm",
        "coord_accuracy": "high",
        "place_id": "osm:node/13140030603"
      }
    },
    {
      "type": "Feature",
      "id": "yoga-france-0791",
      "geometry": {
        "type": "Point",
        "coordinates": [
          9.1867878,
          45.4954121
        ]
      },
      "properties": {
        "name": "Spazio Arti Naturali",
        "category": "Yoga",
        "icon": "🧘",
        "coord_source": "osm",
        "coord_accuracy": "high",
        "place_id": "osm:node/13140927637",
        "url": "https://spazioartinaturali.it/"
      }
    },
    {
      "type": "Feature",
      "id": "yoga-france-0792",
      "geometry": {
        "type": "Point",
        "coordinates": [
          9.3252316,
          49.525657
        ]
      },
      "properties": {
        "name": "Yoga Sattva",
        "category": "Yoga",
        "icon": "🧘",
        "coord_source": "osm",
        "coord_accuracy": "high",
        "place_id": "osm:node/13143397727",
        "phone": "+491728916535",
        "url": "https://yoga-sattva.de/"
      }
    },
    {
      "type": "Feature",
      "id": "yoga-france-0793",
      "geometry": {
        "type": "Point",
        "coordinates": [
          7.5665034,
          51.0271893
        ]
      },
      "properties": {
        "name": "Auszeit, Joga & Mehr",
        "category": "Yoga",
        "icon": "🧘",
        "coord_source": "osm",
        "coord_accuracy": "high",
        "place_id": "osm:node/13147153037"
      }
    },
    {
      "type": "Feature",
      "id": "yoga-france-0794",
      "geometry": {
        "type": "Point",
        "coordinates": [
          8.3685571,
          46.9566195
        ]
      },
      "properties": {
        "name": "Yoga #794",
        "category": "Yoga",
        "icon": "🧘",
        "coord_source": "osm",
        "coord_accuracy": "high",
        "place_id": "osm:node/13147688714"
      }
    },
    {
      "type": "Feature",
      "id": "yoga-france-0795",
      "geometry": {
        "type": "Point",
        "coordinates": [
          6.9046966,
          50.9377407
        ]
      },
      "properties": {
        "name": "bodhi",
        "category": "Yoga",
        "icon": "🧘",
        "coord_source": "osm",
        "coord_accuracy": "high",
        "place_id": "osm:node/13165796764",
        "address": "326-328 Aachener Straße 50933 Köln",
        "url": "https://bodhi-studio.de"
      }
    },
    {
      "type": "Feature",
      "id": "yoga-france-0796",
      "geometry": {
        "type": "Point",
        "coordinates": [
          6.1382806,
          46.2130201
        ]
      },
      "properties": {
        "name": "Yoga Feldenkrais",
        "category": "Yoga",
        "icon": "🧘",
        "coord_source": "osm",
        "coord_accuracy": "high",
        "place_id": "osm:node/13171459100"
      }
    },
    {
      "type": "Feature",
      "id": "yoga-france-0797",
      "geometry": {
        "type": "Point",
        "coordinates": [
          9.1940158,
          45.5003885
        ]
      },
      "properties": {
        "name": "Ashmara",
        "category": "Yoga",
        "icon": "🧘",
        "coord_source": "osm",
        "coord_accuracy": "high",
        "place_id": "osm:node/13176887477",
        "address": "11 Via Asmara 20159",
        "hours": "Mo-Fr 11:00-20:00 (solo appuntamento)",
        "url": "https://akashastudio.it/"
      }
    },
    {
      "type": "Feature",
      "id": "yoga-france-0798",
      "geometry": {
        "type": "Point",
        "coordinates": [
          7.0089036,
          50.9371458
        ]
      },
      "properties": {
        "name": "Yoga in Kalk",
        "category": "Yoga",
        "icon": "🧘",
        "coord_source": "osm",
        "coord_accuracy": "high",
        "place_id": "osm:node/13184290212",
        "address": "29 Wiersbergstraße",
        "url": "https://www.yoga-in-kalk.de"
      }
    },
    {
      "type": "Feature",
      "id": "yoga-france-0799",
      "geometry": {
        "type": "Point",
        "coordinates": [
          6.1728431,
          49.3527674
        ]
      },
      "properties": {
        "name": "Association Mosellane de Hatha Yoga",
        "category": "Yoga",
        "icon": "🧘",
        "coord_source": "osm",
        "coord_accuracy": "high",
        "place_id": "osm:node/13186288001",
        "address": "9 Rue des Artisans 57100",
        "url": "http://www.yoga-lorraine.fr/"
      }
    },
    {
      "type": "Feature",
      "id": "yoga-france-0800",
      "geometry": {
        "type": "Point",
        "coordinates": [
          8.2355462,
          44.367932
        ]
      },
      "properties": {
        "name": "Ahimasa Lab Yoga",
        "category": "Yoga",
        "icon": "🧘",
        "coord_source": "osm",
        "coord_accuracy": "high",
        "place_id": "osm:node/13202627521",
        "url": "https://www.instagram.com/_ahimsalab.yoga_"
      }
    },
    {
      "type": "Feature",
      "id": "yoga-france-0801",
      "geometry": {
        "type": "Point",
        "coordinates": [
          7.4357363,
          46.9543723
        ]
      },
      "properties": {
        "name": "yoga & more",
        "category": "Yoga",
        "icon": "🧘",
        "coord_source": "osm",
        "coord_accuracy": "high",
        "place_id": "osm:node/13204635933"
      }
    },
    {
      "type": "Feature",
      "id": "yoga-france-0802",
      "geometry": {
        "type": "Point",
        "coordinates": [
          7.9106365,
          47.3441218
        ]
      },
      "properties": {
        "name": "YOGA FOR YOU",
        "category": "Yoga",
        "icon": "🧘",
        "coord_source": "osm",
        "coord_accuracy": "high",
        "place_id": "osm:node/13208256349",
        "address": "1 Maienstrasse 4600 Olten",
        "phone": "+41 77 400 73 40",
        "url": "https://www.daniellekunzyoga.com"
      }
    },
    {
      "type": "Feature",
      "id": "yoga-france-0803",
      "geometry": {
        "type": "Point",
        "coordinates": [
          2.3646778,
          48.8801062
        ]
      },
      "properties": {
        "name": "Yoga #803",
        "category": "Yoga",
        "icon": "🧘",
        "coord_source": "osm",
        "coord_accuracy": "high",
        "place_id": "osm:node/13229752890"
      }
    },
    {
      "type": "Feature",
      "id": "yoga-france-0804",
      "geometry": {
        "type": "Point",
        "coordinates": [
          8.6257575,
          46.9037273
        ]
      },
      "properties": {
        "name": "Raum Drei Yoga",
        "category": "Yoga",
        "icon": "🧘",
        "coord_source": "osm",
        "coord_accuracy": "high",
        "place_id": "osm:node/13230146983"
      }
    },
    {
      "type": "Feature",
      "id": "yoga-france-0805",
      "geometry": {
        "type": "Point",
        "coordinates": [
          4.8321279,
          45.7691949
        ]
      },
      "properties": {
        "name": "Yoga Horizon",
        "category": "Yoga",
        "icon": "🧘",
        "coord_source": "osm",
        "coord_accuracy": "high",
        "place_id": "osm:node/13235108321",
        "phone": "+33478289863",
        "url": "https://www.yoga-horizon.fr"
      }
    },
    {
      "type": "Feature",
      "id": "yoga-france-0806",
      "geometry": {
        "type": "Point",
        "coordinates": [
          4.7202526,
          45.9910986
        ]
      },
      "properties": {
        "name": "Yog'attitude",
        "category": "Yoga",
        "icon": "🧘",
        "coord_source": "osm",
        "coord_accuracy": "high",
        "place_id": "osm:node/13236566121"
      }
    },
    {
      "type": "Feature",
      "id": "yoga-france-0807",
      "geometry": {
        "type": "Point",
        "coordinates": [
          8.278117,
          49.9936878
        ]
      },
      "properties": {
        "name": "Balance Yoga",
        "category": "Yoga",
        "icon": "🧘",
        "coord_source": "osm",
        "coord_accuracy": "high",
        "place_id": "osm:node/13239569567",
        "url": "https://www.eversports.de/s/balance-mainz"
      }
    },
    {
      "type": "Feature",
      "id": "yoga-france-0808",
      "geometry": {
        "type": "Point",
        "coordinates": [
          4.8817136,
          45.7686787
        ]
      },
      "properties": {
        "name": "Vima yoga",
        "category": "Yoga",
        "icon": "🧘",
        "coord_source": "osm",
        "coord_accuracy": "high",
        "place_id": "osm:node/13241263656",
        "hours": "Mo 09:15-20:45; Tu 09:15-22:00; We 12:15-20:00; Th 07:30-20:15"
      }
    },
    {
      "type": "Feature",
      "id": "yoga-france-0809",
      "geometry": {
        "type": "Point",
        "coordinates": [
          6.203785,
          49.1099473
        ]
      },
      "properties": {
        "name": "La Maison du Yoga",
        "category": "Yoga",
        "icon": "🧘",
        "coord_source": "osm",
        "coord_accuracy": "high",
        "place_id": "osm:node/13248333028",
        "url": "https://lamaisonduyoga.fr/"
      }
    },
    {
      "type": "Feature",
      "id": "yoga-france-0810",
      "geometry": {
        "type": "Point",
        "coordinates": [
          4.827735,
          45.7522044
        ]
      },
      "properties": {
        "name": "Elixir Studio",
        "category": "Yoga",
        "icon": "🧘",
        "coord_source": "osm",
        "coord_accuracy": "high",
        "place_id": "osm:node/13250704368",
        "hours": "Mo-Fr 09:00-14:00, 17:00-20:45; Sa 09:00-12:00",
        "phone": "+33426170723"
      }
    },
    {
      "type": "Feature",
      "id": "yoga-france-0811",
      "geometry": {
        "type": "Point",
        "coordinates": [
          9.2130203,
          48.8049316
        ]
      },
      "properties": {
        "name": "Yogastudio Hanna Heinen",
        "category": "Yoga",
        "icon": "🧘",
        "coord_source": "osm",
        "coord_accuracy": "high",
        "place_id": "osm:node/13251693581",
        "address": "15 Brählesgasse 70372 Stuttgart"
      }
    },
    {
      "type": "Feature",
      "id": "yoga-france-0812",
      "geometry": {
        "type": "Point",
        "coordinates": [
          0.6157539,
          41.6180305
        ]
      },
      "properties": {
        "name": "YogaOne",
        "category": "Yoga",
        "icon": "🧘",
        "coord_source": "osm",
        "coord_accuracy": "high",
        "place_id": "osm:node/13268047018",
        "address": "67 Carrer de Vallcalent 25006 Lleida",
        "phone": "+34 621 25 21 15",
        "url": "https://www.yogaone.es/ca/lleida"
      }
    },
    {
      "type": "Feature",
      "id": "yoga-france-0813",
      "geometry": {
        "type": "Point",
        "coordinates": [
          7.0066534,
          49.2301518
        ]
      },
      "properties": {
        "name": "Yoga Institut Saarbrücken",
        "category": "Yoga",
        "icon": "🧘",
        "coord_source": "osm",
        "coord_accuracy": "high",
        "place_id": "osm:node/13268637618",
        "phone": "+49 681 816390",
        "url": "https://www.yoga-saarbruecken.de"
      }
    },
    {
      "type": "Feature",
      "id": "yoga-france-0814",
      "geometry": {
        "type": "Point",
        "coordinates": [
          8.6458113,
          47.4107273
        ]
      },
      "properties": {
        "name": "Marian's Yoga & Kunst Salon",
        "category": "Yoga",
        "icon": "🧘",
        "coord_source": "osm",
        "coord_accuracy": "high",
        "place_id": "osm:node/13271945182",
        "address": "3 Hegnaustrasse 8602 Wangen-Brüttisellen",
        "phone": "+41 79 476 77 07",
        "url": "http://www.mayokusa.ch/"
      }
    },
    {
      "type": "Feature",
      "id": "yoga-france-0815",
      "geometry": {
        "type": "Point",
        "coordinates": [
          6.4961082,
          44.538971
        ]
      },
      "properties": {
        "name": "Salle des  Petits Ruisseaux / Prana Yoga",
        "category": "Yoga",
        "icon": "🧘",
        "coord_source": "osm",
        "coord_accuracy": "high",
        "place_id": "osm:node/13287134836",
        "address": "87 Rue Guillaume Apollinaire 05200 Baratier",
        "url": "https://www.prana-yoga.fr/toutes-les-infos/"
      }
    },
    {
      "type": "Feature",
      "id": "yoga-france-0816",
      "geometry": {
        "type": "Point",
        "coordinates": [
          8.5753033,
          48.9006089
        ]
      },
      "properties": {
        "name": "Yogahaus Keltern",
        "category": "Yoga",
        "icon": "🧘",
        "coord_source": "osm",
        "coord_accuracy": "high",
        "place_id": "osm:node/13299744225",
        "address": "4 Hofgasse 75210 Keltern",
        "hours": "open \"Termine auf Anfrage\"",
        "phone": "+49 7236 130955",
        "url": "http://www.yogahaus-keltern.de/"
      }
    },
    {
      "type": "Feature",
      "id": "yoga-france-0817",
      "geometry": {
        "type": "Point",
        "coordinates": [
          5.4775184,
          43.5327062
        ]
      },
      "properties": {
        "name": "Layama",
        "category": "Yoga",
        "icon": "🧘",
        "coord_source": "osm",
        "coord_accuracy": "high",
        "place_id": "osm:node/13303012895",
        "address": "785 Chemin de Bibémus 13100 Aix-en-Provence",
        "url": "https://layama.fr/"
      }
    },
    {
      "type": "Feature",
      "id": "yoga-france-0818",
      "geometry": {
        "type": "Point",
        "coordinates": [
          4.3703377,
          50.6834435
        ]
      },
      "properties": {
        "name": "Ahimsa Yoga",
        "category": "Yoga",
        "icon": "🧘",
        "coord_source": "osm",
        "coord_accuracy": "high",
        "place_id": "osm:node/13311998005",
        "phone": "+32 470 25 36 38"
      }
    },
    {
      "type": "Feature",
      "id": "yoga-france-0819",
      "geometry": {
        "type": "Point",
        "coordinates": [
          4.3699628,
          50.6836403
        ]
      },
      "properties": {
        "name": "Fusion Yoga Studio",
        "category": "Yoga",
        "icon": "🧘",
        "coord_source": "osm",
        "coord_accuracy": "high",
        "place_id": "osm:node/13312004467"
      }
    },
    {
      "type": "Feature",
      "id": "yoga-france-0820",
      "geometry": {
        "type": "Point",
        "coordinates": [
          2.3645824,
          48.8729305
        ]
      },
      "properties": {
        "name": "Jivamukti Yoga",
        "category": "Yoga",
        "icon": "🧘",
        "coord_source": "osm",
        "coord_accuracy": "high",
        "place_id": "osm:node/13313059720"
      }
    },
    {
      "type": "Feature",
      "id": "yoga-france-0821",
      "geometry": {
        "type": "Point",
        "coordinates": [
          2.3644609,
          48.8730978
        ]
      },
      "properties": {
        "name": "Jivamukti Yoga",
        "category": "Yoga",
        "icon": "🧘",
        "coord_source": "osm",
        "coord_accuracy": "high",
        "place_id": "osm:node/13313076341"
      }
    },
    {
      "type": "Feature",
      "id": "yoga-france-0822",
      "geometry": {
        "type": "Point",
        "coordinates": [
          1.771631,
          44.2360577
        ]
      },
      "properties": {
        "name": "Sol OLSSON",
        "category": "Yoga",
        "icon": "🧘",
        "coord_source": "osm",
        "coord_accuracy": "high",
        "place_id": "osm:node/13316341682",
        "address": "1 Rue de l'Église 82160 Caylus",
        "url": "https://sol-yoga-massage.reservio.com/"
      }
    },
    {
      "type": "Feature",
      "id": "yoga-france-0823",
      "geometry": {
        "type": "Point",
        "coordinates": [
          6.0691366,
          49.6182693
        ]
      },
      "properties": {
        "name": "yogaloft.",
        "category": "Yoga",
        "icon": "🧘",
        "coord_source": "osm",
        "coord_accuracy": "high",
        "place_id": "osm:node/13326889621",
        "address": "10 Rue des Prés 8039 Strassen",
        "phone": "+352 26 25 97 90",
        "url": "https://www.yogaloft.lu/"
      }
    },
    {
      "type": "Feature",
      "id": "yoga-france-0824",
      "geometry": {
        "type": "Point",
        "coordinates": [
          -0.5695301,
          44.8257984
        ]
      },
      "properties": {
        "name": "Sahaja Yoga",
        "category": "Yoga",
        "icon": "🧘",
        "coord_source": "osm",
        "coord_accuracy": "high",
        "place_id": "osm:node/13330242396",
        "address": "110 Cours de l'Yser"
      }
    },
    {
      "type": "Feature",
      "id": "yoga-france-0825",
      "geometry": {
        "type": "Point",
        "coordinates": [
          2.3155551,
          48.7803676
        ]
      },
      "properties": {
        "name": "Yoga Place",
        "category": "Yoga",
        "icon": "🧘",
        "coord_source": "osm",
        "coord_accuracy": "high",
        "place_id": "osm:node/13345951702",
        "hours": "Mo-Su 09:00-21:00",
        "phone": "+33 6 95 64 81 36",
        "url": "https://www.yogaplace.fr/"
      }
    },
    {
      "type": "Feature",
      "id": "yoga-france-0826",
      "geometry": {
        "type": "Point",
        "coordinates": [
          5.6016474,
          50.5220557
        ]
      },
      "properties": {
        "name": "pep's",
        "category": "Yoga",
        "icon": "🧘",
        "coord_source": "osm",
        "coord_accuracy": "high",
        "place_id": "osm:node/13347599398",
        "address": "7 la haze 4130 Esneux",
        "url": "https://www.mamanpeps.be/"
      }
    },
    {
      "type": "Feature",
      "id": "yoga-france-0827",
      "geometry": {
        "type": "Point",
        "coordinates": [
          6.8278228,
          51.0073477
        ]
      },
      "properties": {
        "name": "Yoga im Heinenhof",
        "category": "Yoga",
        "icon": "🧘",
        "coord_source": "osm",
        "coord_accuracy": "high",
        "place_id": "osm:node/13372141073"
      }
    },
    {
      "type": "Feature",
      "id": "yoga-france-0828",
      "geometry": {
        "type": "Point",
        "coordinates": [
          4.8324092,
          45.7805027
        ]
      },
      "properties": {
        "name": "Savasana",
        "category": "Yoga",
        "icon": "🧘",
        "coord_source": "osm",
        "coord_accuracy": "high",
        "place_id": "osm:node/13374219736"
      }
    },
    {
      "type": "Feature",
      "id": "yoga-france-0829",
      "geometry": {
        "type": "Point",
        "coordinates": [
          8.8307884,
          50.1524243
        ]
      },
      "properties": {
        "name": "DS Wellness & Gesundheit",
        "category": "Yoga",
        "icon": "🧘",
        "coord_source": "osm",
        "coord_accuracy": "high",
        "place_id": "osm:node/13395004229",
        "address": "5 Bischofsheimer Straße 63477 Maintal",
        "hours": "\"nach Vereinbarung\"",
        "phone": "+49 179 5936982",
        "url": "https://www.ds-wellness.de"
      }
    },
    {
      "type": "Feature",
      "id": "yoga-france-0830",
      "geometry": {
        "type": "Point",
        "coordinates": [
          -0.3151052,
          47.3974999
        ]
      },
      "properties": {
        "name": "Françoise Guillaume - Professeure d'Hatha-Yoga",
        "category": "Yoga",
        "icon": "🧘",
        "coord_source": "osm",
        "coord_accuracy": "high",
        "place_id": "osm:node/13423942364",
        "hours": "\"sur rendez-vous 06 83 50 55 24\""
      }
    },
    {
      "type": "Feature",
      "id": "yoga-france-0831",
      "geometry": {
        "type": "Point",
        "coordinates": [
          6.128221,
          50.6678225
        ]
      },
      "properties": {
        "name": "Murali Yoga",
        "category": "Yoga",
        "icon": "🧘",
        "coord_source": "osm",
        "coord_accuracy": "high",
        "place_id": "osm:node/13426335519",
        "address": "42A Bahnhofstraße"
      }
    },
    {
      "type": "Feature",
      "id": "yoga-france-0832",
      "geometry": {
        "type": "Point",
        "coordinates": [
          -0.5824596,
          50.8237219
        ]
      },
      "properties": {
        "name": "Earth Studio",
        "category": "Yoga",
        "icon": "🧘",
        "coord_source": "osm",
        "coord_accuracy": "high",
        "place_id": "osm:node/13429608948"
      }
    },
    {
      "type": "Feature",
      "id": "yoga-france-0833",
      "geometry": {
        "type": "Point",
        "coordinates": [
          8.7593182,
          50.8012634
        ]
      },
      "properties": {
        "name": "Yoga Balance",
        "category": "Yoga",
        "icon": "🧘",
        "coord_source": "osm",
        "coord_accuracy": "high",
        "place_id": "osm:node/13430604264",
        "url": "https://www.yoga-balance.de"
      }
    },
    {
      "type": "Feature",
      "id": "yoga-france-0834",
      "geometry": {
        "type": "Point",
        "coordinates": [
          8.7587241,
          50.8015051
        ]
      },
      "properties": {
        "name": "Yoga Balance Pavillion",
        "category": "Yoga",
        "icon": "🧘",
        "coord_source": "osm",
        "coord_accuracy": "high",
        "place_id": "osm:node/13430604267",
        "url": "https://www.yoga-balance.de"
      }
    },
    {
      "type": "Feature",
      "id": "yoga-france-0835",
      "geometry": {
        "type": "Point",
        "coordinates": [
          5.6321875,
          43.2137252
        ]
      },
      "properties": {
        "name": "Pilates Yoga",
        "category": "Yoga",
        "icon": "🧘",
        "coord_source": "osm",
        "coord_accuracy": "high",
        "place_id": "osm:node/13452453021"
      }
    },
    {
      "type": "Feature",
      "id": "yoga-france-0836",
      "geometry": {
        "type": "Point",
        "coordinates": [
          2.3098287,
          48.9720408
        ]
      },
      "properties": {
        "name": "Pure Yoga Studio",
        "category": "Yoga",
        "icon": "🧘",
        "coord_source": "osm",
        "coord_accuracy": "high",
        "place_id": "osm:node/13456748666",
        "url": "https://pureyogastudio.fr/"
      }
    },
    {
      "type": "Feature",
      "id": "yoga-france-0837",
      "geometry": {
        "type": "Point",
        "coordinates": [
          7.5932193,
          47.552973
        ]
      },
      "properties": {
        "name": "Salomé Pestalozzi",
        "category": "Yoga",
        "icon": "🧘",
        "coord_source": "osm",
        "coord_accuracy": "high",
        "place_id": "osm:node/13461298894",
        "phone": "+41 61 312 02 20"
      }
    },
    {
      "type": "Feature",
      "id": "yoga-france-0838",
      "geometry": {
        "type": "Point",
        "coordinates": [
          9.0843333,
          47.2982971
        ]
      },
      "properties": {
        "name": "Yoga Wattwil",
        "category": "Yoga",
        "icon": "🧘",
        "coord_source": "osm",
        "coord_accuracy": "high",
        "place_id": "osm:node/13468135679"
      }
    },
    {
      "type": "Feature",
      "id": "yoga-france-0839",
      "geometry": {
        "type": "Point",
        "coordinates": [
          -3.8441136,
          43.4188174
        ]
      },
      "properties": {
        "name": "Dharma Salud Integral",
        "category": "Yoga",
        "icon": "🧘",
        "coord_source": "osm",
        "coord_accuracy": "high",
        "place_id": "osm:node/13468840986",
        "url": "https://dharmasaludintegral.my.canva.site/sitio-web"
      }
    },
    {
      "type": "Feature",
      "id": "yoga-france-0840",
      "geometry": {
        "type": "Point",
        "coordinates": [
          9.1737721,
          47.6656576
        ]
      },
      "properties": {
        "name": "Agamy Studio",
        "category": "Yoga",
        "icon": "🧘",
        "coord_source": "osm",
        "coord_accuracy": "high",
        "place_id": "osm:node/13476135249",
        "address": "2b Untere Laube",
        "hours": "Mo, Th 07:30-20:00; Tu, Fr 07:30-19:30; We 16:30-19:00; Sa 08:30-12:30; Su 09:30-13:00",
        "url": "https://agamystudio.de/"
      }
    },
    {
      "type": "Feature",
      "id": "yoga-france-0841",
      "geometry": {
        "type": "Point",
        "coordinates": [
          2.4550585,
          48.7889856
        ]
      },
      "properties": {
        "name": "Centre Yoga et Sens",
        "category": "Yoga",
        "icon": "🧘",
        "coord_source": "osm",
        "coord_accuracy": "high",
        "place_id": "osm:node/13507391078",
        "url": "https://www.yogaetsens.com"
      }
    },
    {
      "type": "Feature",
      "id": "yoga-france-0842",
      "geometry": {
        "type": "Point",
        "coordinates": [
          9.3971334,
          50.6373681
        ]
      },
      "properties": {
        "name": "Raum des Lebens yoga & Pilates",
        "category": "Yoga",
        "icon": "🧘",
        "coord_source": "osm",
        "coord_accuracy": "high",
        "place_id": "osm:node/13512815634"
      }
    },
    {
      "type": "Feature",
      "id": "yoga-france-0843",
      "geometry": {
        "type": "Point",
        "coordinates": [
          8.6955089,
          50.1264649
        ]
      },
      "properties": {
        "name": "Shiva-Yoga",
        "category": "Yoga",
        "icon": "🧘",
        "coord_source": "osm",
        "coord_accuracy": "high",
        "place_id": "osm:node/13516498600"
      }
    },
    {
      "type": "Feature",
      "id": "yoga-france-0844",
      "geometry": {
        "type": "Point",
        "coordinates": [
          8.3593267,
          47.3665018
        ]
      },
      "properties": {
        "name": "Gesundheitszentrum Greenpark",
        "category": "Yoga",
        "icon": "🧘",
        "coord_source": "osm",
        "coord_accuracy": "high",
        "place_id": "osm:node/13565161545",
        "url": "https://greenpark.ch/"
      }
    },
    {
      "type": "Feature",
      "id": "yoga-france-0845",
      "geometry": {
        "type": "Point",
        "coordinates": [
          9.3291759,
          45.5311024
        ]
      },
      "properties": {
        "name": "Centro Yoga Integrale",
        "category": "Yoga",
        "icon": "🧘",
        "coord_source": "osm",
        "coord_accuracy": "high",
        "place_id": "osm:node/13609561688",
        "address": "5 Via Montello",
        "hours": "Mo-Fr 10:00-12:00,17:30-20:00; Sa 10:00-12:00",
        "phone": "+39 02 924 3893",
        "url": "https://www.centrodiyogaintegrale.it"
      }
    },
    {
      "type": "Feature",
      "id": "yoga-france-0846",
      "geometry": {
        "type": "Point",
        "coordinates": [
          8.0120995,
          47.7619341
        ]
      },
      "properties": {
        "name": "Yoga #846",
        "category": "Yoga",
        "icon": "🧘",
        "coord_source": "osm",
        "coord_accuracy": "high",
        "place_id": "osm:node/13620476326"
      }
    },
    {
      "type": "Feature",
      "id": "yoga-france-0847",
      "geometry": {
        "type": "Point",
        "coordinates": [
          8.7171567,
          49.4137029
        ]
      },
      "properties": {
        "name": "SouldBody",
        "category": "Yoga",
        "icon": "🧘",
        "coord_source": "osm",
        "coord_accuracy": "high",
        "place_id": "osm:node/13628569199"
      }
    },
    {
      "type": "Feature",
      "id": "yoga-france-0848",
      "geometry": {
        "type": "Point",
        "coordinates": [
          8.8579249,
          44.880213
        ]
      },
      "properties": {
        "name": "Yoga #848",
        "category": "Yoga",
        "icon": "🧘",
        "coord_source": "osm",
        "coord_accuracy": "high",
        "place_id": "osm:node/13638594717"
      }
    },
    {
      "type": "Feature",
      "id": "yoga-france-0849",
      "geometry": {
        "type": "Point",
        "coordinates": [
          1.3880273,
          43.6048021
        ]
      },
      "properties": {
        "name": "Yoga #849",
        "category": "Yoga",
        "icon": "🧘",
        "coord_source": "osm",
        "coord_accuracy": "high",
        "place_id": "osm:node/13639265020",
        "address": "70 Chemin de Baluffet 31300 Toulouse",
        "hours": "Mo-Fr 08:00-20:00",
        "phone": "+33 5 82 95 09 08",
        "url": "https://msp-constellation-baluffet.fr/"
      }
    },
    {
      "type": "Feature",
      "id": "yoga-france-0850",
      "geometry": {
        "type": "Point",
        "coordinates": [
          -1.4763878,
          43.4901909
        ]
      },
      "properties": {
        "name": "Yoga Baiona Studio",
        "category": "Yoga",
        "icon": "🧘",
        "coord_source": "osm",
        "coord_accuracy": "high",
        "place_id": "osm:node/13643552556",
        "url": "https://www.yogabaiona.com/"
      }
    },
    {
      "type": "Feature",
      "id": "yoga-france-0851",
      "geometry": {
        "type": "Point",
        "coordinates": [
          8.7504303,
          50.3963584
        ]
      },
      "properties": {
        "name": "Yoga-Raum",
        "category": "Yoga",
        "icon": "🧘",
        "coord_source": "osm",
        "coord_accuracy": "high",
        "place_id": "osm:node/13646040833"
      }
    },
    {
      "type": "Feature",
      "id": "yoga-france-0852",
      "geometry": {
        "type": "Point",
        "coordinates": [
          3.0782399,
          50.8630279
        ]
      },
      "properties": {
        "name": "Evita",
        "category": "Yoga",
        "icon": "🧘",
        "coord_source": "osm",
        "coord_accuracy": "high",
        "place_id": "osm:node/13647100477",
        "address": "175 Dadizeelsestraat",
        "url": "https://www.studio-evita.be/"
      }
    },
    {
      "type": "Feature",
      "id": "yoga-france-0853",
      "geometry": {
        "type": "Point",
        "coordinates": [
          7.8259889,
          45.0155236
        ]
      },
      "properties": {
        "name": "Anahata",
        "category": "Yoga",
        "icon": "🧘",
        "coord_source": "osm",
        "coord_accuracy": "high",
        "place_id": "osm:node/13647244396"
      }
    },
    {
      "type": "Feature",
      "id": "yoga-france-0854",
      "geometry": {
        "type": "Point",
        "coordinates": [
          -1.520699,
          47.2715128
        ]
      },
      "properties": {
        "name": "Phénix yoga",
        "category": "Yoga",
        "icon": "🧘",
        "coord_source": "osm",
        "coord_accuracy": "high",
        "place_id": "osm:node/13667446339"
      }
    },
    {
      "type": "Feature",
      "id": "yoga-france-0855",
      "geometry": {
        "type": "Point",
        "coordinates": [
          9.3849319,
          47.4255679
        ]
      },
      "properties": {
        "name": "Lineupyoga",
        "category": "Yoga",
        "icon": "🧘",
        "coord_source": "osm",
        "coord_accuracy": "high",
        "place_id": "osm:node/13671314310",
        "address": "94 Linsebühlstrasse 9000 St.Gallen",
        "url": "https://www.lineupyoga.ch/"
      }
    },
    {
      "type": "Feature",
      "id": "yoga-france-0856",
      "geometry": {
        "type": "Point",
        "coordinates": [
          8.7636898,
          45.8142788
        ]
      },
      "properties": {
        "name": "Tara Yoga & Ayurveda",
        "category": "Yoga",
        "icon": "🧘",
        "coord_source": "osm",
        "coord_accuracy": "high",
        "place_id": "osm:node/13682477279",
        "url": "https://facebook.com/tarayogavarese/"
      }
    },
    {
      "type": "Feature",
      "id": "yoga-france-0857",
      "geometry": {
        "type": "Point",
        "coordinates": [
          7.9004539,
          47.3512387
        ]
      },
      "properties": {
        "name": "Downtown Yoga",
        "category": "Yoga",
        "icon": "🧘",
        "coord_source": "osm",
        "coord_accuracy": "high",
        "place_id": "osm:node/13687983549"
      }
    },
    {
      "type": "Feature",
      "id": "yoga-france-0858",
      "geometry": {
        "type": "Point",
        "coordinates": [
          2.4031244,
          48.8357638
        ]
      },
      "properties": {
        "name": "Association Equilibre Viniyoga",
        "category": "Yoga",
        "icon": "🧘",
        "coord_source": "osm",
        "coord_accuracy": "high",
        "place_id": "osm:node/13697674402",
        "address": "140 Rue de Picpus 75012 Paris",
        "hours": "We 9:00-14:00",
        "url": "https://www.equilibre-viniyoga.com"
      }
    },
    {
      "type": "Feature",
      "id": "yoga-france-0859",
      "geometry": {
        "type": "Point",
        "coordinates": [
          2.0852911,
          48.9942468
        ]
      },
      "properties": {
        "name": "is-ok",
        "category": "Yoga",
        "icon": "🧘",
        "coord_source": "osm",
        "coord_accuracy": "high",
        "place_id": "osm:node/13699165038",
        "address": "35 Rue du Maréchal Joffre",
        "url": "https://is-ok.fr/"
      }
    },
    {
      "type": "Feature",
      "id": "yoga-france-0860",
      "geometry": {
        "type": "Point",
        "coordinates": [
          8.5042866,
          49.1194843
        ]
      },
      "properties": {
        "name": "Yoga Studio Petra Bauer",
        "category": "Yoga",
        "icon": "🧘",
        "coord_source": "osm",
        "coord_accuracy": "high",
        "place_id": "osm:node/13701106880",
        "address": "26 Teichäckerweg 76297 Stutensee"
      }
    },
    {
      "type": "Feature",
      "id": "yoga-france-0861",
      "geometry": {
        "type": "Point",
        "coordinates": [
          2.2581606,
          48.9356002
        ]
      },
      "properties": {
        "name": "Amma Studio",
        "category": "Yoga",
        "icon": "🧘",
        "coord_source": "osm",
        "coord_accuracy": "high",
        "place_id": "osm:node/13711002680"
      }
    },
    {
      "type": "Feature",
      "id": "yoga-france-0862",
      "geometry": {
        "type": "Point",
        "coordinates": [
          -0.4481248,
          44.9927311
        ]
      },
      "properties": {
        "name": "Eyll bien-être et yoga",
        "category": "Yoga",
        "icon": "🧘",
        "coord_source": "osm",
        "coord_accuracy": "high",
        "place_id": "osm:node/13711045246",
        "address": "62 Rue Nationale"
      }
    },
    {
      "type": "Feature",
      "id": "yoga-france-0863",
      "geometry": {
        "type": "Point",
        "coordinates": [
          8.4876078,
          47.37687
        ]
      },
      "properties": {
        "name": "Yoga Albisrieden",
        "category": "Yoga",
        "icon": "🧘",
        "coord_source": "osm",
        "coord_accuracy": "high",
        "place_id": "osm:node/13720498355",
        "address": "60 Else-Züblin-Strasse 8047 Zürich",
        "hours": "Mo-Su 07:00-21:15",
        "phone": "+41 79 433 91 19",
        "url": "https://yogaalbisrieden.ch"
      }
    },
    {
      "type": "Feature",
      "id": "yoga-france-0864",
      "geometry": {
        "type": "Point",
        "coordinates": [
          9.3434669,
          48.6388771
        ]
      },
      "properties": {
        "name": "Körperspüren",
        "category": "Yoga",
        "icon": "🧘",
        "coord_source": "osm",
        "coord_accuracy": "high",
        "place_id": "osm:node/13732692501",
        "address": "4 Schlosserstraße 72622 Nürtingen",
        "phone": "+49 152 08245799",
        "url": "https://xn--krperspren-ecb2f.de/"
      }
    },
    {
      "type": "Feature",
      "id": "yoga-france-0865",
      "geometry": {
        "type": "Point",
        "coordinates": [
          2.9600731,
          50.6077211
        ]
      },
      "properties": {
        "name": "Studio Kara",
        "category": "Yoga",
        "icon": "🧘",
        "coord_source": "osm",
        "coord_accuracy": "high",
        "place_id": "osm:node/13734665222",
        "address": "130 Rue des Bourreliers"
      }
    },
    {
      "type": "Feature",
      "id": "yoga-france-0866",
      "geometry": {
        "type": "Point",
        "coordinates": [
          4.7061408,
          44.5530571
        ]
      },
      "properties": {
        "name": "Yogardeche - cours de yoga Montélimar / Le Teil",
        "category": "Yoga",
        "icon": "🧘",
        "coord_source": "osm",
        "coord_accuracy": "high",
        "place_id": "osm:node/13738430409",
        "address": "Route du Teil",
        "url": "https://www.yogardeche.com/"
      }
    },
    {
      "type": "Feature",
      "id": "yoga-france-0867",
      "geometry": {
        "type": "Point",
        "coordinates": [
          6.4840848,
          50.801977
        ]
      },
      "properties": {
        "name": "Yoga & Pilates mit Sermin",
        "category": "Yoga",
        "icon": "🧘",
        "coord_source": "osm",
        "coord_accuracy": "high",
        "place_id": "osm:node/13738430901",
        "address": "33 Markt 52349"
      }
    },
    {
      "type": "Feature",
      "id": "yoga-france-0868",
      "geometry": {
        "type": "Point",
        "coordinates": [
          2.3003121,
          48.8501563
        ]
      },
      "properties": {
        "name": "Lomey Yoga Studio",
        "category": "Yoga",
        "icon": "🧘",
        "coord_source": "osm",
        "coord_accuracy": "high",
        "place_id": "osm:node/13740817187",
        "url": "https://www.lomey-yoga.com/"
      }
    },
    {
      "type": "Feature",
      "id": "yoga-france-0869",
      "geometry": {
        "type": "Point",
        "coordinates": [
          1.233092,
          43.6002126
        ]
      },
      "properties": {
        "name": "Chemins vers Soi",
        "category": "Yoga",
        "icon": "🧘",
        "coord_source": "osm",
        "coord_accuracy": "high",
        "place_id": "osm:node/13741211321",
        "address": "72ter Avenue de Gascogne 31490 Léguevin",
        "phone": "+33688969046",
        "url": "https://chemins-vers-soi.net/"
      }
    },
    {
      "type": "Feature",
      "id": "yoga-france-0870",
      "geometry": {
        "type": "Point",
        "coordinates": [
          1.8719141,
          41.539828
        ]
      },
      "properties": {
        "name": "Oxygen·Pranic",
        "category": "Yoga",
        "icon": "🧘",
        "coord_source": "osm",
        "coord_accuracy": "high",
        "place_id": "osm:node/13745262351",
        "address": "4 Via del Mil·lenari 08292 Esparreguera",
        "hours": "Mo-We,Fr 09:00-13:00,16:00-21:00; Th 15:30-21:30; PH off",
        "phone": "+34 937774677",
        "url": "https://www.oxygenpranic.com/"
      }
    },
    {
      "type": "Feature",
      "id": "yoga-france-0871",
      "geometry": {
        "type": "Point",
        "coordinates": [
          8.6729774,
          49.5466853
        ]
      },
      "properties": {
        "name": "My Way Infused Studio",
        "category": "Yoga",
        "icon": "🧘",
        "coord_source": "osm",
        "coord_accuracy": "high",
        "place_id": "osm:node/13748657637",
        "address": "115 Hauptstraße 69469 Weinheim",
        "url": "https://www.myway-studio.com/"
      }
    },
    {
      "type": "Feature",
      "id": "yoga-france-0872",
      "geometry": {
        "type": "Point",
        "coordinates": [
          6.175237,
          49.101323
        ]
      },
      "properties": {
        "name": "Wisdom of Yoga",
        "category": "Yoga",
        "icon": "🧘",
        "coord_source": "osm",
        "coord_accuracy": "high",
        "place_id": "osm:node/13753472613",
        "url": "https://www.wisdomyoga.fr/"
      }
    },
    {
      "type": "Feature",
      "id": "yoga-france-0873",
      "geometry": {
        "type": "Point",
        "coordinates": [
          7.5146223,
          47.5761294
        ]
      },
      "properties": {
        "name": "Yoga Sof",
        "category": "Yoga",
        "icon": "🧘",
        "coord_source": "osm",
        "coord_accuracy": "high",
        "place_id": "osm:node/13753494283",
        "url": "https://yoga-sof.fr/"
      }
    },
    {
      "type": "Feature",
      "id": "yoga-france-0874",
      "geometry": {
        "type": "Point",
        "coordinates": [
          2.0375923,
          41.3449541
        ]
      },
      "properties": {
        "name": "Astadala",
        "category": "Yoga",
        "icon": "🧘",
        "coord_source": "osm",
        "coord_accuracy": "high",
        "place_id": "osm:node/13770661621",
        "address": "25 Carrer d'Anselm Clavé 08830 Sant Boi de Llobregat"
      }
    },
    {
      "type": "Feature",
      "id": "yoga-france-0875",
      "geometry": {
        "type": "Point",
        "coordinates": [
          2.0380864,
          41.3444254
        ]
      },
      "properties": {
        "name": "Yoga One",
        "category": "Yoga",
        "icon": "🧘",
        "coord_source": "osm",
        "coord_accuracy": "high",
        "place_id": "osm:node/13775812842",
        "address": "17 Carrer Montclar 08830 Sant Boi de Llobregat"
      }
    },
    {
      "type": "Feature",
      "id": "yoga-france-0876",
      "geometry": {
        "type": "Point",
        "coordinates": [
          8.9389465,
          44.4025099
        ]
      },
      "properties": {
        "name": "SaraMore Yoga",
        "category": "Yoga",
        "icon": "🧘",
        "coord_source": "osm",
        "coord_accuracy": "high",
        "place_id": "osm:node/13787866637",
        "address": "2/3 Piazza Galeazzo Alessi 16128 Genova",
        "hours": "Mo-Fr 08:00-17:00",
        "phone": "+39 373 773 5552",
        "url": "https://saramoreyoga.com/"
      }
    },
    {
      "type": "Feature",
      "id": "yoga-france-0877",
      "geometry": {
        "type": "Point",
        "coordinates": [
          2.1546635,
          41.4060061
        ]
      },
      "properties": {
        "name": "YogaOne Verdi",
        "category": "Yoga",
        "icon": "🧘",
        "coord_source": "osm",
        "coord_accuracy": "high",
        "place_id": "osm:node/13808120601",
        "address": "98 Carrer de Verdi 08012",
        "phone": "+34930269529",
        "url": "https://www.yogaone.es/es/yogaone-verdi"
      }
    },
    {
      "type": "Feature",
      "id": "yoga-france-0878",
      "geometry": {
        "type": "Point",
        "coordinates": [
          7.589387,
          47.5564536
        ]
      },
      "properties": {
        "name": "Raum für Mehr",
        "category": "Yoga",
        "icon": "🧘",
        "coord_source": "osm",
        "coord_accuracy": "high",
        "place_id": "osm:node/13817666843",
        "url": "https://www.raum-fuer-mehr.ch"
      }
    },
    {
      "type": "Feature",
      "id": "yoga-france-0879",
      "geometry": {
        "type": "Point",
        "coordinates": [
          1.4580538,
          43.5783133
        ]
      },
      "properties": {
        "name": "Yoga Shala",
        "category": "Yoga",
        "icon": "🧘",
        "coord_source": "osm",
        "coord_accuracy": "high",
        "place_id": "osm:node/13828527218",
        "address": "58 Avenue Albert Bedouce 31400 Toulouse",
        "url": "https://www.acupuncture-yoga-toulouse.fr/"
      }
    },
    {
      "type": "Feature",
      "id": "yoga-france-0880",
      "geometry": {
        "type": "Point",
        "coordinates": [
          8.6330512,
          50.0822529
        ]
      },
      "properties": {
        "name": "Quartier Yoga",
        "category": "Yoga",
        "icon": "🧘",
        "coord_source": "osm",
        "coord_accuracy": "high",
        "place_id": "osm:node/13836594630",
        "address": "40 Hahnstraße 60528 Frankfurt am Main",
        "phone": "+49 69 133 84 337",
        "url": "https://quartieryoga.de/"
      }
    },
    {
      "type": "Feature",
      "id": "yoga-france-0881",
      "geometry": {
        "type": "Point",
        "coordinates": [
          8.6712987,
          50.1087219
        ]
      },
      "properties": {
        "name": "Patanjali Yoga Studio",
        "category": "Yoga",
        "icon": "🧘",
        "coord_source": "osm",
        "coord_accuracy": "high",
        "place_id": "osm:node/13839357238",
        "address": "35 Kaiserstraße",
        "url": "https://pankajyoga.de/"
      }
    },
    {
      "type": "Feature",
      "id": "yoga-france-0882",
      "geometry": {
        "type": "Point",
        "coordinates": [
          0.6187554,
          44.2046108
        ]
      },
      "properties": {
        "name": "Inspriyog",
        "category": "Yoga",
        "icon": "🧘",
        "coord_source": "osm",
        "coord_accuracy": "high",
        "place_id": "osm:node/13855451555",
        "phone": "+33 6 31 35 81 95",
        "url": "https://inspriyog.fr/"
      }
    },
    {
      "type": "Feature",
      "id": "yoga-france-0883",
      "geometry": {
        "type": "Point",
        "coordinates": [
          0.6095314,
          44.2046948
        ]
      },
      "properties": {
        "name": "L'Espace Yoga",
        "category": "Yoga",
        "icon": "🧘",
        "coord_source": "osm",
        "coord_accuracy": "high",
        "place_id": "osm:node/13858996801",
        "address": "61 Rue Duvergé",
        "hours": "Mo-Fr,Su 10:00-20:00",
        "phone": "+33 6 73 29 38 19",
        "url": "https://lespaceyoga.fr"
      }
    },
    {
      "type": "Feature",
      "id": "yoga-france-0884",
      "geometry": {
        "type": "Point",
        "coordinates": [
          2.3672038,
          48.8543853
        ]
      },
      "properties": {
        "name": "not yoga",
        "category": "Yoga",
        "icon": "🧘",
        "coord_source": "osm",
        "coord_accuracy": "high",
        "place_id": "osm:node/13859584624",
        "address": "13 Rue des Tournelles 75004 Paris"
      }
    },
    {
      "type": "Feature",
      "id": "yoga-france-0885",
      "geometry": {
        "type": "Point",
        "coordinates": [
          8.2491524,
          49.230371
        ]
      },
      "properties": {
        "name": "Yogaraum Einzigartig",
        "category": "Yoga",
        "icon": "🧘",
        "coord_source": "osm",
        "coord_accuracy": "high",
        "place_id": "osm:node/13861413173"
      }
    },
    {
      "type": "Feature",
      "id": "yoga-france-0886",
      "geometry": {
        "type": "Point",
        "coordinates": [
          1.9005392,
          48.8135326
        ]
      },
      "properties": {
        "name": "Ananda - Yulka",
        "category": "Yoga",
        "icon": "🧘",
        "coord_source": "osm",
        "coord_accuracy": "high",
        "place_id": "osm:node/13865858720"
      }
    },
    {
      "type": "Feature",
      "id": "yoga-france-0887",
      "geometry": {
        "type": "Point",
        "coordinates": [
          9.2202441,
          45.4942402
        ]
      },
      "properties": {
        "name": "Alma Elysia Studio",
        "category": "Yoga",
        "icon": "🧘",
        "coord_source": "osm",
        "coord_accuracy": "high",
        "place_id": "osm:node/13890823501",
        "address": "5 Via Roggia Scagna",
        "hours": "Tu-Fr 09:00-22:00; Sa-Su 11:00-18:00",
        "url": "https://www.almaelysia.com/"
      }
    },
    {
      "type": "Feature",
      "id": "yoga-france-0888",
      "geometry": {
        "type": "Point",
        "coordinates": [
          2.2736843,
          48.905071
        ]
      },
      "properties": {
        "name": "Mon studio de yoga",
        "category": "Yoga",
        "icon": "🧘",
        "coord_source": "osm",
        "coord_accuracy": "high",
        "place_id": "osm:node/13892281059",
        "url": "https://monstudio-yoga.fr/"
      }
    },
    {
      "type": "Feature",
      "id": "yoga-france-0889",
      "geometry": {
        "type": "Point",
        "coordinates": [
          8.9115106,
          50.174953
        ]
      },
      "properties": {
        "name": "Yoga & Pilates Atelier Ordon",
        "category": "Yoga",
        "icon": "🧘",
        "coord_source": "osm",
        "coord_accuracy": "high",
        "place_id": "osm:node/13893883010",
        "address": "56 Am Germanenring 63486 Bruchköbel",
        "phone": "+49 177 3138208",
        "url": "https://www.yoga-pilates-atelier.de"
      }
    },
    {
      "type": "Feature",
      "id": "yoga-france-0890",
      "geometry": {
        "type": "Point",
        "coordinates": [
          9.1503341,
          42.3064288
        ]
      },
      "properties": {
        "name": "L'atelier Yoga et Pilate",
        "category": "Yoga",
        "icon": "🧘",
        "coord_source": "osm",
        "coord_accuracy": "high",
        "place_id": "osm:node/13894376302"
      }
    },
    {
      "type": "Feature",
      "id": "yoga-france-0891",
      "geometry": {
        "type": "Point",
        "coordinates": [
          7.7603702,
          49.4320405
        ]
      },
      "properties": {
        "name": "GlücksRaumGefühl",
        "category": "Yoga",
        "icon": "🧘",
        "coord_source": "osm",
        "coord_accuracy": "high",
        "place_id": "osm:node/13897461313",
        "address": "30 Pfaffenbergstraße 67663 Kaiserslautern",
        "phone": "+49 170 5215131",
        "url": "https://www.anjanayoga.de"
      }
    },
    {
      "type": "Feature",
      "id": "yoga-france-0892",
      "geometry": {
        "type": "Point",
        "coordinates": [
          6.846351,
          50.6231965
        ]
      },
      "properties": {
        "name": "Seelenzeit",
        "category": "Yoga",
        "icon": "🧘",
        "coord_source": "osm",
        "coord_accuracy": "high",
        "place_id": "osm:node/13909351763",
        "address": "8 Zeisigstraße 53881 Euskirchen"
      }
    },
    {
      "type": "Feature",
      "id": "yoga-france-0893",
      "geometry": {
        "type": "Point",
        "coordinates": [
          8.3054326,
          47.4770943
        ]
      },
      "properties": {
        "name": "hierYOGA",
        "category": "Yoga",
        "icon": "🧘",
        "coord_source": "osm",
        "coord_accuracy": "high",
        "place_id": "osm:node/13914659408",
        "address": "17 Dynamostrasse 5400 Baden",
        "url": "https://hieryoga.ch/"
      }
    },
    {
      "type": "Feature",
      "id": "yoga-france-0894",
      "geometry": {
        "type": "Point",
        "coordinates": [
          -4.5177875,
          48.3924181
        ]
      },
      "properties": {
        "name": "La Maison de la Tortue",
        "category": "Yoga",
        "icon": "🧘",
        "coord_source": "osm",
        "coord_accuracy": "high",
        "place_id": "osm:way/42570347",
        "address": "8 Rue Hegel 29200 Brest",
        "url": "https://lamaisondelatortue.fr/"
      }
    },
    {
      "type": "Feature",
      "id": "yoga-france-0895",
      "geometry": {
        "type": "Point",
        "coordinates": [
          2.2975161,
          48.8391338
        ]
      },
      "properties": {
        "name": "Académie Yoga Ayurveda Sagesse & Harmonie",
        "category": "Yoga",
        "icon": "🧘",
        "coord_source": "osm",
        "coord_accuracy": "high",
        "place_id": "osm:way/53777469",
        "hours": "Mo 10:30-20:30; Tu-We 10:30-22:00; Th-Fr 10:30-20:30; Sa-Su 10:15-18:15",
        "phone": "+33611330735"
      }
    },
    {
      "type": "Feature",
      "id": "yoga-france-0896",
      "geometry": {
        "type": "Point",
        "coordinates": [
          3.0795492,
          44.1020001
        ]
      },
      "properties": {
        "name": "Yoga Pour Tous",
        "category": "Yoga",
        "icon": "🧘",
        "coord_source": "osm",
        "coord_accuracy": "high",
        "place_id": "osm:way/68683296",
        "address": "28 Avenue Jean Jaurès"
      }
    },
    {
      "type": "Feature",
      "id": "yoga-france-0897",
      "geometry": {
        "type": "Point",
        "coordinates": [
          3.884641,
          43.6067118
        ]
      },
      "properties": {
        "name": "Sunsud",
        "category": "Yoga",
        "icon": "🧘",
        "coord_source": "osm",
        "coord_accuracy": "high",
        "place_id": "osm:way/75042967"
      }
    },
    {
      "type": "Feature",
      "id": "yoga-france-0898",
      "geometry": {
        "type": "Point",
        "coordinates": [
          7.8297996,
          50.4366445
        ]
      },
      "properties": {
        "name": "in medio",
        "category": "Yoga",
        "icon": "🧘",
        "coord_source": "osm",
        "coord_accuracy": "high",
        "place_id": "osm:way/82509718",
        "address": "11 Steinweg 56410 Montabaur"
      }
    },
    {
      "type": "Feature",
      "id": "yoga-france-0899",
      "geometry": {
        "type": "Point",
        "coordinates": [
          9.1547601,
          48.7450181
        ]
      },
      "properties": {
        "name": "Yoga Sonnenberg",
        "category": "Yoga",
        "icon": "🧘",
        "coord_source": "osm",
        "coord_accuracy": "high",
        "place_id": "osm:way/96452489",
        "address": "40 Laustraße 70597 Stuttgart"
      }
    },
    {
      "type": "Feature",
      "id": "yoga-france-0900",
      "geometry": {
        "type": "Point",
        "coordinates": [
          3.1028855,
          50.587409
        ]
      },
      "properties": {
        "name": "Vasana",
        "category": "Yoga",
        "icon": "🧘",
        "coord_source": "osm",
        "coord_accuracy": "high",
        "place_id": "osm:way/123474429",
        "address": "87 Rue Pasteur 59810 Lesquin",
        "url": "https://www.studiovasana.fr/"
      }
    },
    {
      "type": "Feature",
      "id": "yoga-france-0901",
      "geometry": {
        "type": "Point",
        "coordinates": [
          8.3984521,
          48.9655493
        ]
      },
      "properties": {
        "name": "Yogaraum Rüppurr",
        "category": "Yoga",
        "icon": "🧘",
        "coord_source": "osm",
        "coord_accuracy": "high",
        "place_id": "osm:way/126075044",
        "address": "21 Hinterm Dorf 76199 Karlsruhe",
        "url": "https://www.kundalini-karlsruhe.de/"
      }
    },
    {
      "type": "Feature",
      "id": "yoga-france-0902",
      "geometry": {
        "type": "Point",
        "coordinates": [
          8.3404754,
          50.2775421
        ]
      },
      "properties": {
        "name": "Yoga Oase Steinfischbach",
        "category": "Yoga",
        "icon": "🧘",
        "coord_source": "osm",
        "coord_accuracy": "high",
        "place_id": "osm:way/136617075",
        "address": "20 Ringstraße 65529 Waldems",
        "url": "https://www.yoga-oase.com/"
      }
    },
    {
      "type": "Feature",
      "id": "yoga-france-0903",
      "geometry": {
        "type": "Point",
        "coordinates": [
          3.5200405,
          47.459628
        ]
      },
      "properties": {
        "name": "Yoga #903",
        "category": "Yoga",
        "icon": "🧘",
        "coord_source": "osm",
        "coord_accuracy": "high",
        "place_id": "osm:way/147368869"
      }
    },
    {
      "type": "Feature",
      "id": "yoga-france-0904",
      "geometry": {
        "type": "Point",
        "coordinates": [
          7.2875688,
          50.7735383
        ]
      },
      "properties": {
        "name": "Yoga Atemluft+",
        "category": "Yoga",
        "icon": "🧘",
        "coord_source": "osm",
        "coord_accuracy": "high",
        "place_id": "osm:way/161009820",
        "address": "72 Frankfurter Straße",
        "phone": "+49 2242 9332757",
        "url": "http://www.atemluftplus.com/"
      }
    },
    {
      "type": "Feature",
      "id": "yoga-france-0905",
      "geometry": {
        "type": "Point",
        "coordinates": [
          8.8175759,
          48.7750391
        ]
      },
      "properties": {
        "name": "Studio Stiller",
        "category": "Yoga",
        "icon": "🧘",
        "coord_source": "osm",
        "coord_accuracy": "high",
        "place_id": "osm:way/161860357",
        "address": "10 Alfred-Thumm-Straße 71263 Weil der Stadt",
        "url": "https://studiostiller.de/"
      }
    },
    {
      "type": "Feature",
      "id": "yoga-france-0906",
      "geometry": {
        "type": "Point",
        "coordinates": [
          0.0142226,
          50.8730051
        ]
      },
      "properties": {
        "name": "Unity Centre Spa",
        "category": "Yoga",
        "icon": "🧘",
        "coord_source": "osm",
        "coord_accuracy": "high",
        "place_id": "osm:way/180543042",
        "address": "35 Broomans Lane BN7 2LG Lewes"
      }
    },
    {
      "type": "Feature",
      "id": "yoga-france-0907",
      "geometry": {
        "type": "Point",
        "coordinates": [
          7.8107695,
          48.1348251
        ]
      },
      "properties": {
        "name": "Karuna-Zentrum",
        "category": "Yoga",
        "icon": "🧘",
        "coord_source": "osm",
        "coord_accuracy": "high",
        "place_id": "osm:way/192138706",
        "address": "5 Blochmattenstraße 79331 Teningen",
        "url": "http://www.karuna-zentrum.de"
      }
    },
    {
      "type": "Feature",
      "id": "yoga-france-0908",
      "geometry": {
        "type": "Point",
        "coordinates": [
          7.8155554,
          47.4626363
        ]
      },
      "properties": {
        "name": "Happy Place Yoga",
        "category": "Yoga",
        "icon": "🧘",
        "coord_source": "osm",
        "coord_accuracy": "high",
        "place_id": "osm:way/220104288",
        "url": "https://www.happy-place-sissach.ch/"
      }
    },
    {
      "type": "Feature",
      "id": "yoga-france-0909",
      "geometry": {
        "type": "Point",
        "coordinates": [
          6.179407,
          43.1071835
        ]
      },
      "properties": {
        "name": "Centre Sportif Municipal de l'Aygade",
        "category": "Yoga",
        "icon": "🧘",
        "coord_source": "osm",
        "coord_accuracy": "high",
        "place_id": "osm:way/221887553"
      }
    },
    {
      "type": "Feature",
      "id": "yoga-france-0910",
      "geometry": {
        "type": "Point",
        "coordinates": [
          8.206936,
          48.0523779
        ]
      },
      "properties": {
        "name": "M1",
        "category": "Yoga",
        "icon": "🧘",
        "coord_source": "osm",
        "coord_accuracy": "high",
        "place_id": "osm:way/227516337",
        "address": "1 Marktplatz 78120 Furtwangen im Schwarzwald"
      }
    },
    {
      "type": "Feature",
      "id": "yoga-france-0911",
      "geometry": {
        "type": "Point",
        "coordinates": [
          7.9581512,
          47.2979778
        ]
      },
      "properties": {
        "name": "Claudia & Yoga (Claudia Hauri dipl. Yogalehrerin YCH)",
        "category": "Yoga",
        "icon": "🧘",
        "coord_source": "osm",
        "coord_accuracy": "high",
        "place_id": "osm:way/255679549",
        "url": "https://claudia-yoga.ch/"
      }
    },
    {
      "type": "Feature",
      "id": "yoga-france-0912",
      "geometry": {
        "type": "Point",
        "coordinates": [
          7.5447803,
          50.613895
        ]
      },
      "properties": {
        "name": "Yoga Vidya Westerwald",
        "category": "Yoga",
        "icon": "🧘",
        "coord_source": "osm",
        "coord_accuracy": "high",
        "place_id": "osm:way/263094339",
        "address": "1 Gut Hoffnungstal 57641 Oberlahr",
        "phone": "+49 2685 80020",
        "url": "https://www.yoga-vidya.de/"
      }
    },
    {
      "type": "Feature",
      "id": "yoga-france-0913",
      "geometry": {
        "type": "Point",
        "coordinates": [
          8.0121313,
          47.7619485
        ]
      },
      "properties": {
        "name": "Yoga #913",
        "category": "Yoga",
        "icon": "🧘",
        "coord_source": "osm",
        "coord_accuracy": "high",
        "place_id": "osm:way/291963791",
        "address": "5 Am Beerenbühl 79682 Todtmoos",
        "phone": "+49 7674 9248969",
        "url": "https://www.yoga-am-bach.de/"
      }
    },
    {
      "type": "Feature",
      "id": "yoga-france-0914",
      "geometry": {
        "type": "Point",
        "coordinates": [
          -0.6492149,
          44.731834
        ]
      },
      "properties": {
        "name": "Yoga Cestas",
        "category": "Yoga",
        "icon": "🧘",
        "coord_source": "osm",
        "coord_accuracy": "high",
        "place_id": "osm:way/308031747",
        "address": "23 Allée des Grépins 33610 Cestas"
      }
    },
    {
      "type": "Feature",
      "id": "yoga-france-0915",
      "geometry": {
        "type": "Point",
        "coordinates": [
          -1.7074607,
          48.1145008
        ]
      },
      "properties": {
        "name": "Yoga #915",
        "category": "Yoga",
        "icon": "🧘",
        "coord_source": "osm",
        "coord_accuracy": "high",
        "place_id": "osm:way/321091658"
      }
    },
    {
      "type": "Feature",
      "id": "yoga-france-0916",
      "geometry": {
        "type": "Point",
        "coordinates": [
          6.1594537,
          50.8118339
        ]
      },
      "properties": {
        "name": "Ananda Center Yoga und Meditation",
        "category": "Yoga",
        "icon": "🧘",
        "coord_source": "osm",
        "coord_accuracy": "high",
        "place_id": "osm:way/338453133",
        "url": "http://www.ananda-center.de/"
      }
    },
    {
      "type": "Feature",
      "id": "yoga-france-0917",
      "geometry": {
        "type": "Point",
        "coordinates": [
          0.4758463,
          50.8396399
        ]
      },
      "properties": {
        "name": "Veena & The Moon",
        "category": "Yoga",
        "icon": "🧘",
        "coord_source": "osm",
        "coord_accuracy": "high",
        "place_id": "osm:way/366835719",
        "address": "38 St. Leonards Road TN40 1HT Bexhill-on-Sea",
        "url": "https://www.veenaandthemoon.com/"
      }
    },
    {
      "type": "Feature",
      "id": "yoga-france-0918",
      "geometry": {
        "type": "Point",
        "coordinates": [
          7.0467262,
          51.0316403
        ]
      },
      "properties": {
        "name": "YogaYa : die Restauration",
        "category": "Yoga",
        "icon": "🧘",
        "coord_source": "osm",
        "coord_accuracy": "high",
        "place_id": "osm:way/377847960",
        "address": "5 Mülheimer Straße 51375 Leverkusen",
        "url": "https://yogaya.de/"
      }
    },
    {
      "type": "Feature",
      "id": "yoga-france-0919",
      "geometry": {
        "type": "Point",
        "coordinates": [
          7.3564125,
          50.8992389
        ]
      },
      "properties": {
        "name": "Yoga nova",
        "category": "Yoga",
        "icon": "🧘",
        "coord_source": "osm",
        "coord_accuracy": "high",
        "place_id": "osm:way/385101466",
        "address": "55 Hetzenholz 53804 Much"
      }
    },
    {
      "type": "Feature",
      "id": "yoga-france-0920",
      "geometry": {
        "type": "Point",
        "coordinates": [
          2.2062205,
          48.9675225
        ]
      },
      "properties": {
        "name": "Salle de Yoga",
        "category": "Yoga",
        "icon": "🧘",
        "coord_source": "osm",
        "coord_accuracy": "high",
        "place_id": "osm:way/391242621",
        "address": "Route d'Argenteuil 95240 Cormeilles en Parisis"
      }
    },
    {
      "type": "Feature",
      "id": "yoga-france-0921",
      "geometry": {
        "type": "Point",
        "coordinates": [
          8.6965861,
          48.7117765
        ]
      },
      "properties": {
        "name": "Yoga und mehr",
        "category": "Yoga",
        "icon": "🧘",
        "coord_source": "osm",
        "coord_accuracy": "high",
        "place_id": "osm:way/406843023"
      }
    },
    {
      "type": "Feature",
      "id": "yoga-france-0922",
      "geometry": {
        "type": "Point",
        "coordinates": [
          6.4974816,
          49.4842491
        ]
      },
      "properties": {
        "name": "Neumühle",
        "category": "Yoga",
        "icon": "🧘",
        "coord_source": "osm",
        "coord_accuracy": "high",
        "place_id": "osm:way/474030710",
        "address": "1 Neumühle 66693 Mettlach",
        "phone": "+49 6868 9103-0",
        "url": "http://www.meditation-saar.de/"
      }
    },
    {
      "type": "Feature",
      "id": "yoga-france-0923",
      "geometry": {
        "type": "Point",
        "coordinates": [
          -1.7902624,
          50.8472416
        ]
      },
      "properties": {
        "name": "Elements Health & Wellness Hub",
        "category": "Yoga",
        "icon": "🧘",
        "coord_source": "osm",
        "coord_accuracy": "high",
        "place_id": "osm:way/698037154",
        "address": "41 Southampton Road BH24 1HE Ringwood"
      }
    },
    {
      "type": "Feature",
      "id": "yoga-france-0924",
      "geometry": {
        "type": "Point",
        "coordinates": [
          3.0849391,
          50.6871991
        ]
      },
      "properties": {
        "name": "Villa Yoga",
        "category": "Yoga",
        "icon": "🧘",
        "coord_source": "osm",
        "coord_accuracy": "high",
        "place_id": "osm:way/761048516",
        "address": "143 Parc de l'Aérodrome 59700 Bondues",
        "phone": "+33 3 20 57 77 57",
        "url": "https://www.villayoga.com/"
      }
    },
    {
      "type": "Feature",
      "id": "yoga-france-0925",
      "geometry": {
        "type": "Point",
        "coordinates": [
          -3.8117791,
          43.4699608
        ]
      },
      "properties": {
        "name": "Centro Florecer",
        "category": "Yoga",
        "icon": "🧘",
        "coord_source": "osm",
        "coord_accuracy": "high",
        "place_id": "osm:way/863274573",
        "address": "66 Avenida de los Castros 39006 Santander"
      }
    },
    {
      "type": "Feature",
      "id": "yoga-france-0926",
      "geometry": {
        "type": "Point",
        "coordinates": [
          -4.1342343,
          50.3822819
        ]
      },
      "properties": {
        "name": "Yoga Blend",
        "category": "Yoga",
        "icon": "🧘",
        "coord_source": "osm",
        "coord_accuracy": "high",
        "place_id": "osm:way/915915736",
        "address": "46 Mutley Plain PL4 6LL Plymouth"
      }
    },
    {
      "type": "Feature",
      "id": "yoga-france-0927",
      "geometry": {
        "type": "Point",
        "coordinates": [
          -0.3224343,
          50.8277309
        ]
      },
      "properties": {
        "name": "Echo Yoga",
        "category": "Yoga",
        "icon": "🧘",
        "coord_source": "osm",
        "coord_accuracy": "high",
        "place_id": "osm:way/1010344151"
      }
    },
    {
      "type": "Feature",
      "id": "yoga-france-0928",
      "geometry": {
        "type": "Point",
        "coordinates": [
          -0.3242,
          50.822873
        ]
      },
      "properties": {
        "name": "YogaSouth",
        "category": "Yoga",
        "icon": "🧘",
        "coord_source": "osm",
        "coord_accuracy": "high",
        "place_id": "osm:way/1010355832",
        "address": "South Street BN15 8AU Lancing",
        "phone": "+441903762850"
      }
    },
    {
      "type": "Feature",
      "id": "yoga-france-0929",
      "geometry": {
        "type": "Point",
        "coordinates": [
          -0.2730692,
          50.8328544
        ]
      },
      "properties": {
        "name": "Fifth & Found",
        "category": "Yoga",
        "icon": "🧘",
        "coord_source": "osm",
        "coord_accuracy": "high",
        "place_id": "osm:way/1028713405",
        "address": "4 Tarmount Lane BN43 6DA Shoreham-by-Sea"
      }
    },
    {
      "type": "Feature",
      "id": "yoga-france-0930",
      "geometry": {
        "type": "Point",
        "coordinates": [
          4.2782067,
          49.9413076
        ]
      },
      "properties": {
        "name": "Le Domaine St. Antoine",
        "category": "Yoga",
        "icon": "🧘",
        "coord_source": "osm",
        "coord_accuracy": "high",
        "place_id": "osm:way/1052236079"
      }
    },
    {
      "type": "Feature",
      "id": "yoga-france-0931",
      "geometry": {
        "type": "Point",
        "coordinates": [
          2.3445959,
          48.8647908
        ]
      },
      "properties": {
        "name": "Riise",
        "category": "Yoga",
        "icon": "🧘",
        "coord_source": "osm",
        "coord_accuracy": "high",
        "place_id": "osm:way/1097410546",
        "address": "43 Rue Étienne Marcel 75001 Paris"
      }
    },
    {
      "type": "Feature",
      "id": "yoga-france-0932",
      "geometry": {
        "type": "Point",
        "coordinates": [
          5.3233162,
          50.9356826
        ]
      },
      "properties": {
        "name": "Monk-e Temple",
        "category": "Yoga",
        "icon": "🧘",
        "coord_source": "osm",
        "coord_accuracy": "high",
        "place_id": "osm:way/1185079568",
        "address": "93 Oude Kuringerbaan",
        "url": "https://www.monk-e.net"
      }
    },
    {
      "type": "Feature",
      "id": "yoga-france-0933",
      "geometry": {
        "type": "Point",
        "coordinates": [
          -1.037689,
          43.3260037
        ]
      },
      "properties": {
        "name": "Xibiouz la Grotte",
        "category": "Yoga",
        "icon": "🧘",
        "coord_source": "osm",
        "coord_accuracy": "high",
        "place_id": "osm:way/1193209181",
        "address": "235 Rue Oxidoy 64120 Saint-Palais",
        "phone": "+33 7 60 71 63 11",
        "url": "https://xibiouz.fr/"
      }
    },
    {
      "type": "Feature",
      "id": "yoga-france-0934",
      "geometry": {
        "type": "Point",
        "coordinates": [
          8.064018,
          44.4604332
        ]
      },
      "properties": {
        "name": "Yogastudio",
        "category": "Yoga",
        "icon": "🧘",
        "coord_source": "osm",
        "coord_accuracy": "high",
        "place_id": "osm:way/1208796763"
      }
    },
    {
      "type": "Feature",
      "id": "yoga-france-0935",
      "geometry": {
        "type": "Point",
        "coordinates": [
          3.8090518,
          50.8721664
        ]
      },
      "properties": {
        "name": "Yesyes Pilates",
        "category": "Yoga",
        "icon": "🧘",
        "coord_source": "osm",
        "coord_accuracy": "high",
        "place_id": "osm:way/1240263972",
        "address": "4 Graaf van Egmontstraat"
      }
    },
    {
      "type": "Feature",
      "id": "yoga-france-0936",
      "geometry": {
        "type": "Point",
        "coordinates": [
          -0.0894084,
          47.7186308
        ]
      },
      "properties": {
        "name": "Harmonie Yoga Eva",
        "category": "Yoga",
        "icon": "🧘",
        "coord_source": "osm",
        "coord_accuracy": "high",
        "place_id": "osm:way/1314191837",
        "address": "22 Chemin Divori 72200 La Flèche",
        "phone": "+33 7 86 53 93 40",
        "url": "https://www.facebook.com/people/Harmonie-Yoga-Eva/100063589956694/?sk=about"
      }
    },
    {
      "type": "Feature",
      "id": "yoga-france-0937",
      "geometry": {
        "type": "Point",
        "coordinates": [
          6.6589532,
          43.2525404
        ]
      },
      "properties": {
        "name": "Yoga",
        "category": "Yoga",
        "icon": "🧘",
        "coord_source": "osm",
        "coord_accuracy": "high",
        "place_id": "osm:way/1366536547"
      }
    },
    {
      "type": "Feature",
      "id": "yoga-france-0938",
      "geometry": {
        "type": "Point",
        "coordinates": [
          7.1847316,
          49.7827475
        ]
      },
      "properties": {
        "name": "Yoga-Garten",
        "category": "Yoga",
        "icon": "🧘",
        "coord_source": "osm",
        "coord_accuracy": "high",
        "place_id": "osm:way/1391516763"
      }
    },
    {
      "type": "Feature",
      "id": "yoga-france-0939",
      "geometry": {
        "type": "Point",
        "coordinates": [
          -1.6863811,
          48.1110064
        ]
      },
      "properties": {
        "name": "La Nouvelle Lune, Yoga & Soins",
        "category": "Yoga",
        "icon": "🧘",
        "coord_source": "osm",
        "coord_accuracy": "high",
        "place_id": "osm:way/1423255961",
        "address": "4 Quai d'Ille et Rance 35000 Rennes",
        "hours": "Mo-Su 08:00-22:00, Th 07:30-22:00",
        "url": "https://www.lanouvellelune-rennes.fr"
      }
    },
    {
      "type": "Feature",
      "id": "yoga-france-0940",
      "geometry": {
        "type": "Point",
        "coordinates": [
          5.3191739,
          43.821899
        ]
      },
      "properties": {
        "name": "Yoga #940",
        "category": "Yoga",
        "icon": "🧘",
        "coord_source": "osm",
        "coord_accuracy": "high",
        "place_id": "osm:way/1499815110"
      }
    }
  ]
}
