{
  "type": "FeatureCollection",
  "features": [
    {
      "type": "Feature",
      "id": "surat-thani-koh-samui-transit-stop-01",
      "geometry": {
        "type": "Point",
        "coordinates": [
          100.0608,
          9.4737
        ]
      },
      "properties": {
        "feature_type": "stop",
        "name": "Lamai Beach",
        "category": "Beach",
        "icon": "🏖️",
        "leg": 1,
        "notes": "Taxi pickup — Arm Taxi, +66 62 978 3966, 600 THB fixed price."
      }
    },
    {
      "type": "Feature",
      "id": "surat-thani-koh-samui-transit-stop-02",
      "geometry": {
        "type": "Point",
        "coordinates": [
          99.9267,
          9.5352
        ]
      },
      "properties": {
        "feature_type": "stop",
        "name": "Nathon Pier",
        "category": "Pier",
        "icon": "⛴️",
        "leg": 2,
        "notes": "Seatran Ferry — every hour. Preferred: 6pm boat (sunset ~6:30–7pm on the water)."
      }
    },
    {
      "type": "Feature",
      "id": "surat-thani-koh-samui-transit-stop-03",
      "geometry": {
        "type": "Point",
        "coordinates": [
          99.9573,
          9.1903
        ]
      },
      "properties": {
        "feature_type": "stop",
        "name": "Donsak Pier",
        "category": "Pier",
        "icon": "⛴️",
        "leg": 3,
        "notes": "Seatran arrival on mainland. Bus departs 8:15pm toward Surat Thani."
      }
    },
    {
      "type": "Feature",
      "id": "surat-thani-koh-samui-transit-stop-04",
      "geometry": {
        "type": "Point",
        "coordinates": [
          99.3298,
          9.1416
        ]
      },
      "properties": {
        "feature_type": "stop",
        "name": "Surat Thani Bus Station",
        "category": "Bus",
        "icon": "🚌",
        "leg": 4,
        "notes": "Combined Seatran boat+bus ticket 380 THB. Journey ~70 min from Donsak."
      }
    },
    {
      "type": "Feature",
      "id": "surat-thani-koh-samui-transit-stop-05",
      "geometry": {
        "type": "Point",
        "coordinates": [
          99.1935,
          9.1106
        ]
      },
      "properties": {
        "feature_type": "stop",
        "name": "Phunphin Train Station",
        "category": "Train",
        "icon": "🚂",
        "leg": 4,
        "notes": "Grab from bus station ~160 THB, ~20 min. Hotel: พุนพินสเตชั่น Phunphin Station."
      }
    },
    {
      "type": "Feature",
      "id": "surat-thani-koh-samui-transit-leg-01",
      "geometry": {
        "type": "LineString",
        "coordinates": [
          [
            100.061305,
            9.473346
          ],
          [
            100.06123,
            9.473242
          ],
          [
            100.061229,
            9.473217
          ],
          [
            100.061234,
            9.473194
          ],
          [
            100.061319,
            9.473025
          ],
          [
            100.061121,
            9.472919
          ],
          [
            100.060454,
            9.472562
          ],
          [
            100.060344,
            9.472511
          ],
          [
            100.06025,
            9.472475
          ],
          [
            100.060089,
            9.472421
          ],
          [
            100.060003,
            9.472396
          ],
          [
            100.059886,
            9.472368
          ],
          [
            100.059692,
            9.472336
          ],
          [
            100.059389,
            9.472306
          ],
          [
            100.059222,
            9.472289
          ],
          [
            100.058876,
            9.472261
          ],
          [
            100.057251,
            9.472122
          ],
          [
            100.057061,
            9.472106
          ],
          [
            100.05683,
            9.472086
          ],
          [
            100.056483,
            9.472048
          ],
          [
            100.056217,
            9.472019
          ],
          [
            100.056011,
            9.471979
          ],
          [
            100.055943,
            9.471965
          ],
          [
            100.055809,
            9.471936
          ],
          [
            100.055651,
            9.471906
          ],
          [
            100.055177,
            9.471791
          ],
          [
            100.054454,
            9.471616
          ],
          [
            100.054251,
            9.471566
          ],
          [
            100.054055,
            9.47151
          ],
          [
            100.053703,
            9.471414
          ],
          [
            100.053621,
            9.47139
          ],
          [
            100.053465,
            9.47135
          ],
          [
            100.053388,
            9.471332
          ],
          [
            100.053028,
            9.471269
          ],
          [
            100.052989,
            9.471262
          ],
          [
            100.052756,
            9.471232
          ],
          [
            100.052573,
            9.47122
          ],
          [
            100.052378,
            9.471207
          ],
          [
            100.052228,
            9.471199
          ],
          [
            100.052086,
            9.471192
          ],
          [
            100.051966,
            9.471188
          ],
          [
            100.051706,
            9.471189
          ],
          [
            100.051544,
            9.471192
          ],
          [
            100.051406,
            9.4712
          ],
          [
            100.050799,
            9.471274
          ],
          [
            100.050378,
            9.471321
          ],
          [
            100.050137,
            9.471348
          ],
          [
            100.050049,
            9.471357
          ],
          [
            100.049953,
            9.471369
          ],
          [
            100.049735,
            9.471396
          ],
          [
            100.049695,
            9.471401
          ],
          [
            100.04947,
            9.471433
          ],
          [
            100.048398,
            9.471582
          ],
          [
            100.048138,
            9.471629
          ],
          [
            100.047457,
            9.471838
          ],
          [
            100.047311,
            9.471884
          ],
          [
            100.047218,
            9.471914
          ],
          [
            100.046894,
            9.472029
          ],
          [
            100.046774,
            9.472078
          ],
          [
            100.046333,
            9.472254
          ],
          [
            100.046192,
            9.472311
          ],
          [
            100.0459,
            9.472428
          ],
          [
            100.0457,
            9.472508
          ],
          [
            100.045553,
            9.472563
          ],
          [
            100.045406,
            9.472618
          ],
          [
            100.045244,
            9.472678
          ],
          [
            100.0449,
            9.472803
          ],
          [
            100.044824,
            9.47283
          ],
          [
            100.044743,
            9.47286
          ],
          [
            100.044623,
            9.472905
          ],
          [
            100.044564,
            9.472924
          ],
          [
            100.044449,
            9.472961
          ],
          [
            100.04438,
            9.472983
          ],
          [
            100.044323,
            9.473
          ],
          [
            100.043967,
            9.473092
          ],
          [
            100.04386,
            9.473121
          ],
          [
            100.04338,
            9.473248
          ],
          [
            100.043241,
            9.473285
          ],
          [
            100.043141,
            9.473317
          ],
          [
            100.043033,
            9.473348
          ],
          [
            100.042872,
            9.4734
          ],
          [
            100.042842,
            9.473409
          ],
          [
            100.042727,
            9.473457
          ],
          [
            100.042636,
            9.473499
          ],
          [
            100.042549,
            9.473544
          ],
          [
            100.042475,
            9.473581
          ],
          [
            100.042426,
            9.473599
          ],
          [
            100.042381,
            9.473602
          ],
          [
            100.042339,
            9.473569
          ],
          [
            100.042302,
            9.473522
          ],
          [
            100.042032,
            9.473146
          ],
          [
            100.04188,
            9.472893
          ],
          [
            100.04175,
            9.472676
          ],
          [
            100.041698,
            9.472581
          ],
          [
            100.041509,
            9.472217
          ],
          [
            100.041406,
            9.472023
          ],
          [
            100.041303,
            9.471811
          ],
          [
            100.041216,
            9.471616
          ],
          [
            100.041189,
            9.471553
          ],
          [
            100.041061,
            9.471242
          ],
          [
            100.04096,
            9.470998
          ],
          [
            100.040879,
            9.470803
          ],
          [
            100.040759,
            9.4705
          ],
          [
            100.040709,
            9.470377
          ],
          [
            100.040654,
            9.470243
          ],
          [
            100.040585,
            9.470079
          ],
          [
            100.040455,
            9.469769
          ],
          [
            100.040432,
            9.469704
          ],
          [
            100.040407,
            9.469615
          ],
          [
            100.040381,
            9.469487
          ],
          [
            100.040379,
            9.469371
          ],
          [
            100.04038,
            9.469258
          ],
          [
            100.040385,
            9.468991
          ],
          [
            100.04038,
            9.468746
          ],
          [
            100.040375,
            9.468534
          ],
          [
            100.040364,
            9.468257
          ],
          [
            100.040354,
            9.468107
          ],
          [
            100.040349,
            9.468038
          ],
          [
            100.040313,
            9.467782
          ],
          [
            100.040294,
            9.467645
          ],
          [
            100.040262,
            9.46749
          ],
          [
            100.040248,
            9.467425
          ],
          [
            100.040223,
            9.467312
          ],
          [
            100.04017,
            9.467086
          ],
          [
            100.040093,
            9.466775
          ],
          [
            100.040027,
            9.46649
          ],
          [
            100.04,
            9.466368
          ],
          [
            100.039932,
            9.466097
          ],
          [
            100.039908,
            9.465958
          ],
          [
            100.039895,
            9.465873
          ],
          [
            100.03988,
            9.465734
          ],
          [
            100.03988,
            9.465631
          ],
          [
            100.039885,
            9.465517
          ],
          [
            100.039901,
            9.465348
          ],
          [
            100.039913,
            9.465262
          ],
          [
            100.039938,
            9.465139
          ],
          [
            100.040002,
            9.464839
          ],
          [
            100.040119,
            9.464344
          ],
          [
            100.040234,
            9.46386
          ],
          [
            100.040275,
            9.463685
          ],
          [
            100.04041,
            9.463106
          ],
          [
            100.040432,
            9.462989
          ],
          [
            100.040447,
            9.46289
          ],
          [
            100.040472,
            9.462698
          ],
          [
            100.04048,
            9.462619
          ],
          [
            100.040489,
            9.462426
          ],
          [
            100.040485,
            9.462303
          ],
          [
            100.040471,
            9.46215
          ],
          [
            100.04044,
            9.461873
          ],
          [
            100.040387,
            9.4614
          ],
          [
            100.040358,
            9.461233
          ],
          [
            100.040312,
            9.461048
          ],
          [
            100.040255,
            9.460893
          ],
          [
            100.040183,
            9.460754
          ],
          [
            100.040032,
            9.460499
          ],
          [
            100.039602,
            9.459893
          ],
          [
            100.039541,
            9.459805
          ],
          [
            100.03951,
            9.459756
          ],
          [
            100.039483,
            9.459714
          ],
          [
            100.03938,
            9.459535
          ],
          [
            100.03931,
            9.459378
          ],
          [
            100.039132,
            9.45891
          ],
          [
            100.039075,
            9.458699
          ],
          [
            100.039057,
            9.458634
          ],
          [
            100.038988,
            9.4584
          ],
          [
            100.038938,
            9.458219
          ],
          [
            100.038901,
            9.458093
          ],
          [
            100.038876,
            9.458002
          ],
          [
            100.038802,
            9.457746
          ],
          [
            100.038736,
            9.457515
          ],
          [
            100.038719,
            9.457459
          ],
          [
            100.038631,
            9.457181
          ],
          [
            100.038609,
            9.457103
          ],
          [
            100.038507,
            9.45673
          ],
          [
            100.038481,
            9.456641
          ],
          [
            100.038384,
            9.456334
          ],
          [
            100.038326,
            9.456145
          ],
          [
            100.03821,
            9.455743
          ],
          [
            100.038137,
            9.455485
          ],
          [
            100.038005,
            9.45505
          ],
          [
            100.037904,
            9.45474
          ],
          [
            100.037836,
            9.454559
          ],
          [
            100.037807,
            9.454496
          ],
          [
            100.037748,
            9.45437
          ],
          [
            100.037627,
            9.454176
          ],
          [
            100.037463,
            9.453935
          ],
          [
            100.037346,
            9.453812
          ],
          [
            100.037248,
            9.453714
          ],
          [
            100.037166,
            9.453657
          ],
          [
            100.036976,
            9.453551
          ],
          [
            100.036812,
            9.453464
          ],
          [
            100.036184,
            9.453219
          ],
          [
            100.036027,
            9.453158
          ],
          [
            100.035904,
            9.45311
          ],
          [
            100.035675,
            9.45303
          ],
          [
            100.035302,
            9.4529
          ],
          [
            100.035072,
            9.45282
          ],
          [
            100.034913,
            9.452772
          ],
          [
            100.034842,
            9.452747
          ],
          [
            100.034629,
            9.452671
          ],
          [
            100.034507,
            9.452628
          ],
          [
            100.034397,
            9.452604
          ],
          [
            100.034249,
            9.452571
          ],
          [
            100.034147,
            9.452558
          ],
          [
            100.03409,
            9.45255
          ],
          [
            100.033767,
            9.452508
          ],
          [
            100.033527,
            9.452473
          ],
          [
            100.033432,
            9.45246
          ],
          [
            100.033204,
            9.452403
          ],
          [
            100.032247,
            9.451984
          ],
          [
            100.032195,
            9.45196
          ],
          [
            100.031796,
            9.45178
          ],
          [
            100.031695,
            9.451735
          ],
          [
            100.031534,
            9.451663
          ],
          [
            100.031349,
            9.451605
          ],
          [
            100.031086,
            9.451526
          ],
          [
            100.030587,
            9.45138
          ],
          [
            100.030209,
            9.451292
          ],
          [
            100.029621,
            9.451203
          ],
          [
            100.028655,
            9.451086
          ],
          [
            100.028497,
            9.451055
          ],
          [
            100.028349,
            9.451009
          ],
          [
            100.028118,
            9.450877
          ],
          [
            100.027991,
            9.450786
          ],
          [
            100.027821,
            9.450664
          ],
          [
            100.027479,
            9.450357
          ],
          [
            100.02736,
            9.4502
          ],
          [
            100.027256,
            9.45005
          ],
          [
            100.027158,
            9.449873
          ],
          [
            100.027083,
            9.449664
          ],
          [
            100.027034,
            9.449436
          ],
          [
            100.026987,
            9.448955
          ],
          [
            100.026967,
            9.448634
          ],
          [
            100.026935,
            9.448342
          ],
          [
            100.026915,
            9.448215
          ],
          [
            100.026868,
            9.448031
          ],
          [
            100.026787,
            9.447831
          ],
          [
            100.026611,
            9.447484
          ],
          [
            100.026494,
            9.44725
          ],
          [
            100.026347,
            9.44697
          ],
          [
            100.026139,
            9.44664
          ],
          [
            100.02576,
            9.446157
          ],
          [
            100.025435,
            9.445763
          ],
          [
            100.024988,
            9.445216
          ],
          [
            100.024867,
            9.445069
          ],
          [
            100.024604,
            9.444728
          ],
          [
            100.024489,
            9.444577
          ],
          [
            100.024308,
            9.444295
          ],
          [
            100.02408,
            9.443856
          ],
          [
            100.023742,
            9.443107
          ],
          [
            100.023699,
            9.443077
          ],
          [
            100.023644,
            9.443071
          ],
          [
            100.023234,
            9.44314
          ],
          [
            100.022929,
            9.4432
          ],
          [
            100.022619,
            9.44325
          ],
          [
            100.022316,
            9.443298
          ],
          [
            100.022222,
            9.443309
          ],
          [
            100.021834,
            9.44334
          ],
          [
            100.02181,
            9.443342
          ],
          [
            100.02164,
            9.443337
          ],
          [
            100.02109,
            9.443333
          ],
          [
            100.020888,
            9.443332
          ],
          [
            100.020814,
            9.443331
          ],
          [
            100.020404,
            9.443324
          ],
          [
            100.020299,
            9.443323
          ],
          [
            100.019623,
            9.443312
          ],
          [
            100.019396,
            9.443308
          ],
          [
            100.019149,
            9.443289
          ],
          [
            100.018363,
            9.443228
          ],
          [
            100.018149,
            9.443219
          ],
          [
            100.017799,
            9.443204
          ],
          [
            100.017652,
            9.443198
          ],
          [
            100.017367,
            9.443201
          ],
          [
            100.017189,
            9.443202
          ],
          [
            100.016836,
            9.443191
          ],
          [
            100.016284,
            9.44319
          ],
          [
            100.016251,
            9.44319
          ],
          [
            100.016123,
            9.443193
          ],
          [
            100.015312,
            9.443207
          ],
          [
            100.01503,
            9.443212
          ],
          [
            100.014608,
            9.443219
          ],
          [
            100.014398,
            9.443224
          ],
          [
            100.014207,
            9.443229
          ],
          [
            100.013982,
            9.44323
          ],
          [
            100.013776,
            9.44324
          ],
          [
            100.013216,
            9.44328
          ],
          [
            100.013182,
            9.443284
          ],
          [
            100.013136,
            9.443289
          ],
          [
            100.013066,
            9.443294
          ],
          [
            100.012847,
            9.443321
          ],
          [
            100.012621,
            9.443388
          ],
          [
            100.012557,
            9.443406
          ],
          [
            100.012279,
            9.443506
          ],
          [
            100.0119,
            9.443678
          ],
          [
            100.011377,
            9.443945
          ],
          [
            100.010895,
            9.444236
          ],
          [
            100.009726,
            9.444959
          ],
          [
            100.008837,
            9.445509
          ],
          [
            100.008428,
            9.445765
          ],
          [
            100.008218,
            9.445897
          ],
          [
            100.007989,
            9.446041
          ],
          [
            100.007929,
            9.446079
          ],
          [
            100.007762,
            9.446183
          ],
          [
            100.00766,
            9.446247
          ],
          [
            100.007494,
            9.446352
          ],
          [
            100.007337,
            9.44645
          ],
          [
            100.007151,
            9.446565
          ],
          [
            100.007104,
            9.446594
          ],
          [
            100.006989,
            9.446666
          ],
          [
            100.006858,
            9.446747
          ],
          [
            100.006828,
            9.446765
          ],
          [
            100.006692,
            9.44685
          ],
          [
            100.005688,
            9.447477
          ],
          [
            100.005391,
            9.44766
          ],
          [
            100.00537,
            9.447673
          ],
          [
            100.00525,
            9.447748
          ],
          [
            100.005162,
            9.447797
          ],
          [
            100.005006,
            9.447898
          ],
          [
            100.004894,
            9.447968
          ],
          [
            100.004872,
            9.447981
          ],
          [
            100.004591,
            9.448147
          ],
          [
            100.004347,
            9.448288
          ],
          [
            100.004225,
            9.448359
          ],
          [
            100.00419,
            9.44838
          ],
          [
            100.003417,
            9.448839
          ],
          [
            100.003315,
            9.448897
          ],
          [
            100.002852,
            9.449164
          ],
          [
            100.002604,
            9.449313
          ],
          [
            100.002575,
            9.449332
          ],
          [
            100.002375,
            9.449462
          ],
          [
            100.002273,
            9.449528
          ],
          [
            100.002079,
            9.449654
          ],
          [
            100.001756,
            9.449864
          ],
          [
            100.00139,
            9.450133
          ],
          [
            100.001371,
            9.450148
          ],
          [
            100.001219,
            9.450259
          ],
          [
            100.00098,
            9.450437
          ],
          [
            100.000823,
            9.45055
          ],
          [
            100.000681,
            9.450662
          ],
          [
            100.000507,
            9.450782
          ],
          [
            100.000296,
            9.450938
          ],
          [
            99.999938,
            9.451191
          ],
          [
            99.999757,
            9.451329
          ],
          [
            99.99955,
            9.451479
          ],
          [
            99.999252,
            9.451696
          ],
          [
            99.999166,
            9.451761
          ],
          [
            99.99902,
            9.451872
          ],
          [
            99.99855,
            9.452207
          ],
          [
            99.998224,
            9.452439
          ],
          [
            99.998094,
            9.452535
          ],
          [
            99.997689,
            9.452836
          ],
          [
            99.99762,
            9.452887
          ],
          [
            99.997592,
            9.452908
          ],
          [
            99.997556,
            9.452936
          ],
          [
            99.997392,
            9.453061
          ],
          [
            99.997244,
            9.453165
          ],
          [
            99.997144,
            9.453244
          ],
          [
            99.997026,
            9.453333
          ],
          [
            99.996902,
            9.453428
          ],
          [
            99.996781,
            9.453519
          ],
          [
            99.996583,
            9.453669
          ],
          [
            99.996383,
            9.45382
          ],
          [
            99.996139,
            9.454016
          ],
          [
            99.995915,
            9.454187
          ],
          [
            99.995858,
            9.454234
          ],
          [
            99.99567,
            9.454364
          ],
          [
            99.995621,
            9.454401
          ],
          [
            99.995541,
            9.454461
          ],
          [
            99.995416,
            9.454551
          ],
          [
            99.994255,
            9.455354
          ],
          [
            99.993905,
            9.455571
          ],
          [
            99.993572,
            9.455778
          ],
          [
            99.993515,
            9.455812
          ],
          [
            99.993214,
            9.455991
          ],
          [
            99.992972,
            9.456136
          ],
          [
            99.992712,
            9.45629
          ],
          [
            99.992362,
            9.456497
          ],
          [
            99.992306,
            9.45653
          ],
          [
            99.992196,
            9.456593
          ],
          [
            99.992023,
            9.456691
          ],
          [
            99.991661,
            9.456887
          ],
          [
            99.991598,
            9.456923
          ],
          [
            99.991566,
            9.45694
          ],
          [
            99.990842,
            9.457319
          ],
          [
            99.990288,
            9.45761
          ],
          [
            99.990025,
            9.45774
          ],
          [
            99.989996,
            9.457755
          ],
          [
            99.989781,
            9.457861
          ],
          [
            99.989043,
            9.458183
          ],
          [
            99.988858,
            9.458264
          ],
          [
            99.988448,
            9.458423
          ],
          [
            99.988367,
            9.458455
          ],
          [
            99.988242,
            9.458504
          ],
          [
            99.98803,
            9.458586
          ],
          [
            99.987905,
            9.458635
          ],
          [
            99.98771,
            9.458711
          ],
          [
            99.987681,
            9.458722
          ],
          [
            99.987577,
            9.458765
          ],
          [
            99.986883,
            9.45903
          ],
          [
            99.98631,
            9.45924
          ],
          [
            99.985967,
            9.459355
          ],
          [
            99.985631,
            9.459454
          ],
          [
            99.985272,
            9.459547
          ],
          [
            99.98495,
            9.459626
          ],
          [
            99.984713,
            9.459688
          ],
          [
            99.98463,
            9.45971
          ],
          [
            99.984384,
            9.459776
          ],
          [
            99.98435,
            9.459786
          ],
          [
            99.984039,
            9.459865
          ],
          [
            99.983706,
            9.459952
          ],
          [
            99.982919,
            9.46016
          ],
          [
            99.982468,
            9.460304
          ],
          [
            99.981907,
            9.460503
          ],
          [
            99.981707,
            9.460576
          ],
          [
            99.981428,
            9.460697
          ],
          [
            99.981267,
            9.460771
          ],
          [
            99.980793,
            9.460991
          ],
          [
            99.980722,
            9.461023
          ],
          [
            99.980213,
            9.461259
          ],
          [
            99.980088,
            9.461317
          ],
          [
            99.979903,
            9.461403
          ],
          [
            99.97954,
            9.46157
          ],
          [
            99.97919,
            9.461731
          ],
          [
            99.978692,
            9.461975
          ],
          [
            99.978054,
            9.462297
          ],
          [
            99.977457,
            9.46259
          ],
          [
            99.976867,
            9.462895
          ],
          [
            99.976251,
            9.463252
          ],
          [
            99.975324,
            9.463779
          ],
          [
            99.975186,
            9.463857
          ],
          [
            99.974597,
            9.464264
          ],
          [
            99.974422,
            9.464354
          ],
          [
            99.974183,
            9.464453
          ],
          [
            99.974075,
            9.464492
          ],
          [
            99.973869,
            9.464557
          ],
          [
            99.973364,
            9.464737
          ],
          [
            99.973115,
            9.464836
          ],
          [
            99.97253,
            9.465069
          ],
          [
            99.972009,
            9.465271
          ],
          [
            99.971708,
            9.465389
          ],
          [
            99.971411,
            9.465506
          ],
          [
            99.971057,
            9.465646
          ],
          [
            99.970338,
            9.465928
          ],
          [
            99.969766,
            9.466153
          ],
          [
            99.969598,
            9.466219
          ],
          [
            99.967313,
            9.467116
          ],
          [
            99.967174,
            9.467174
          ],
          [
            99.967112,
            9.4672
          ],
          [
            99.96677,
            9.467343
          ],
          [
            99.966659,
            9.467389
          ],
          [
            99.966238,
            9.467565
          ],
          [
            99.966071,
            9.467635
          ],
          [
            99.966007,
            9.467662
          ],
          [
            99.965591,
            9.467835
          ],
          [
            99.965488,
            9.46788
          ],
          [
            99.96526,
            9.467979
          ],
          [
            99.965139,
            9.46803
          ],
          [
            99.965114,
            9.46804
          ],
          [
            99.964882,
            9.468137
          ],
          [
            99.963819,
            9.468584
          ],
          [
            99.963036,
            9.468917
          ],
          [
            99.962532,
            9.469172
          ],
          [
            99.962344,
            9.469302
          ],
          [
            99.962196,
            9.469439
          ],
          [
            99.961987,
            9.469712
          ],
          [
            99.961816,
            9.469962
          ],
          [
            99.961776,
            9.470027
          ],
          [
            99.961655,
            9.470226
          ],
          [
            99.961192,
            9.47099
          ],
          [
            99.961043,
            9.471234
          ],
          [
            99.960718,
            9.47177
          ],
          [
            99.960589,
            9.471983
          ],
          [
            99.960544,
            9.472056
          ],
          [
            99.960393,
            9.472305
          ],
          [
            99.960316,
            9.472432
          ],
          [
            99.959909,
            9.473072
          ],
          [
            99.959821,
            9.473224
          ],
          [
            99.959714,
            9.473396
          ],
          [
            99.959663,
            9.473478
          ],
          [
            99.959382,
            9.473917
          ],
          [
            99.95917,
            9.474257
          ],
          [
            99.95893,
            9.474653
          ],
          [
            99.958183,
            9.475887
          ],
          [
            99.958097,
            9.476027
          ],
          [
            99.957903,
            9.476346
          ],
          [
            99.957368,
            9.47722
          ],
          [
            99.957263,
            9.477406
          ],
          [
            99.956888,
            9.477973
          ],
          [
            99.956839,
            9.478054
          ],
          [
            99.956745,
            9.478209
          ],
          [
            99.956686,
            9.478305
          ],
          [
            99.956445,
            9.478701
          ],
          [
            99.956234,
            9.479049
          ],
          [
            99.956114,
            9.479243
          ],
          [
            99.955925,
            9.479558
          ],
          [
            99.955764,
            9.479827
          ],
          [
            99.955715,
            9.479908
          ],
          [
            99.955555,
            9.480157
          ],
          [
            99.955453,
            9.480344
          ],
          [
            99.955274,
            9.480642
          ],
          [
            99.955202,
            9.480765
          ],
          [
            99.95474,
            9.481583
          ],
          [
            99.954619,
            9.481796
          ],
          [
            99.954093,
            9.482858
          ],
          [
            99.953851,
            9.483368
          ],
          [
            99.95361,
            9.483894
          ],
          [
            99.953432,
            9.48433
          ],
          [
            99.953216,
            9.484855
          ],
          [
            99.953208,
            9.484873
          ],
          [
            99.953138,
            9.485027
          ],
          [
            99.953017,
            9.485291
          ],
          [
            99.952969,
            9.485396
          ],
          [
            99.952874,
            9.485603
          ],
          [
            99.952704,
            9.485936
          ],
          [
            99.952444,
            9.486445
          ],
          [
            99.952307,
            9.48673
          ],
          [
            99.952251,
            9.486845
          ],
          [
            99.951962,
            9.487443
          ],
          [
            99.951899,
            9.487573
          ],
          [
            99.951858,
            9.487656
          ],
          [
            99.951485,
            9.488421
          ],
          [
            99.951459,
            9.488473
          ],
          [
            99.951404,
            9.488595
          ],
          [
            99.951324,
            9.488771
          ],
          [
            99.951301,
            9.488827
          ],
          [
            99.951221,
            9.489023
          ],
          [
            99.951189,
            9.489096
          ],
          [
            99.950912,
            9.489715
          ],
          [
            99.950822,
            9.489916
          ],
          [
            99.95071,
            9.490167
          ],
          [
            99.950675,
            9.490263
          ],
          [
            99.950559,
            9.490538
          ],
          [
            99.950311,
            9.491124
          ],
          [
            99.950255,
            9.491257
          ],
          [
            99.950178,
            9.491434
          ],
          [
            99.950131,
            9.491546
          ],
          [
            99.94992,
            9.492043
          ],
          [
            99.949884,
            9.492129
          ],
          [
            99.949842,
            9.492227
          ],
          [
            99.949675,
            9.492623
          ],
          [
            99.949454,
            9.493167
          ],
          [
            99.949229,
            9.493723
          ],
          [
            99.949203,
            9.493786
          ],
          [
            99.949058,
            9.49412
          ],
          [
            99.949041,
            9.494161
          ],
          [
            99.948938,
            9.494398
          ],
          [
            99.948861,
            9.494589
          ],
          [
            99.948676,
            9.495014
          ],
          [
            99.94856,
            9.495297
          ],
          [
            99.94852,
            9.495392
          ],
          [
            99.948331,
            9.495837
          ],
          [
            99.948216,
            9.496134
          ],
          [
            99.948095,
            9.49642
          ],
          [
            99.94792,
            9.496835
          ],
          [
            99.947761,
            9.497243
          ],
          [
            99.947706,
            9.497462
          ],
          [
            99.947548,
            9.498101
          ],
          [
            99.947404,
            9.498637
          ],
          [
            99.947284,
            9.499065
          ],
          [
            99.947261,
            9.499146
          ],
          [
            99.947233,
            9.499247
          ],
          [
            99.947165,
            9.499553
          ],
          [
            99.947109,
            9.499803
          ],
          [
            99.947064,
            9.500147
          ],
          [
            99.947051,
            9.500417
          ],
          [
            99.947068,
            9.500706
          ],
          [
            99.947073,
            9.50101
          ],
          [
            99.947053,
            9.50138
          ],
          [
            99.946949,
            9.502485
          ],
          [
            99.946905,
            9.502872
          ],
          [
            99.946881,
            9.503089
          ],
          [
            99.946838,
            9.503477
          ],
          [
            99.946795,
            9.503859
          ],
          [
            99.946726,
            9.504483
          ],
          [
            99.946714,
            9.504612
          ],
          [
            99.946648,
            9.505206
          ],
          [
            99.946636,
            9.505314
          ],
          [
            99.946618,
            9.505447
          ],
          [
            99.946557,
            9.5059
          ],
          [
            99.946526,
            9.506128
          ],
          [
            99.946489,
            9.506396
          ],
          [
            99.946458,
            9.506616
          ],
          [
            99.946372,
            9.507241
          ],
          [
            99.946347,
            9.507421
          ],
          [
            99.946334,
            9.507585
          ],
          [
            99.946298,
            9.508026
          ],
          [
            99.946248,
            9.50865
          ],
          [
            99.946243,
            9.5087
          ],
          [
            99.946203,
            9.509151
          ],
          [
            99.946174,
            9.50947
          ],
          [
            99.946145,
            9.509774
          ],
          [
            99.946119,
            9.510046
          ],
          [
            99.946062,
            9.510397
          ],
          [
            99.945985,
            9.51087
          ],
          [
            99.945906,
            9.511354
          ],
          [
            99.945784,
            9.512107
          ],
          [
            99.945681,
            9.51273
          ],
          [
            99.945663,
            9.512809
          ],
          [
            99.94558,
            9.513174
          ],
          [
            99.945509,
            9.513487
          ],
          [
            99.945491,
            9.513578
          ],
          [
            99.945351,
            9.514246
          ],
          [
            99.945304,
            9.514469
          ],
          [
            99.945234,
            9.514826
          ],
          [
            99.945172,
            9.515059
          ],
          [
            99.945054,
            9.51567
          ],
          [
            99.944977,
            9.516033
          ],
          [
            99.944923,
            9.516293
          ],
          [
            99.944879,
            9.516487
          ],
          [
            99.944818,
            9.516767
          ],
          [
            99.944765,
            9.51699
          ],
          [
            99.944743,
            9.517082
          ],
          [
            99.944723,
            9.517165
          ],
          [
            99.94469,
            9.517318
          ],
          [
            99.944589,
            9.517783
          ],
          [
            99.944498,
            9.518023
          ],
          [
            99.944333,
            9.518441
          ],
          [
            99.944201,
            9.518727
          ],
          [
            99.94405,
            9.519027
          ],
          [
            99.94384,
            9.519362
          ],
          [
            99.943752,
            9.519503
          ],
          [
            99.943618,
            9.519689
          ],
          [
            99.943469,
            9.519898
          ],
          [
            99.943363,
            9.520058
          ],
          [
            99.943073,
            9.520475
          ],
          [
            99.943008,
            9.52054
          ],
          [
            99.942962,
            9.520573
          ],
          [
            99.942791,
            9.520697
          ],
          [
            99.942723,
            9.520743
          ],
          [
            99.942693,
            9.520767
          ],
          [
            99.942669,
            9.520797
          ],
          [
            99.942652,
            9.520831
          ],
          [
            99.942644,
            9.520868
          ],
          [
            99.942646,
            9.52091
          ],
          [
            99.942659,
            9.52095
          ],
          [
            99.942638,
            9.521055
          ],
          [
            99.942615,
            9.521153
          ],
          [
            99.942555,
            9.521312
          ],
          [
            99.942528,
            9.521363
          ],
          [
            99.942373,
            9.52161
          ],
          [
            99.942048,
            9.522128
          ],
          [
            99.941993,
            9.522214
          ],
          [
            99.941934,
            9.522308
          ],
          [
            99.941834,
            9.522473
          ],
          [
            99.941676,
            9.522754
          ],
          [
            99.941559,
            9.522993
          ],
          [
            99.941442,
            9.523205
          ],
          [
            99.941422,
            9.523242
          ],
          [
            99.941223,
            9.523587
          ],
          [
            99.941054,
            9.523875
          ],
          [
            99.940961,
            9.524023
          ],
          [
            99.94087,
            9.524182
          ],
          [
            99.940787,
            9.52432
          ],
          [
            99.940549,
            9.524725
          ],
          [
            99.940512,
            9.524795
          ],
          [
            99.940453,
            9.524885
          ],
          [
            99.940269,
            9.525202
          ],
          [
            99.940234,
            9.525258
          ],
          [
            99.940156,
            9.525387
          ],
          [
            99.939685,
            9.526086
          ],
          [
            99.93949,
            9.526383
          ],
          [
            99.939102,
            9.526921
          ],
          [
            99.938893,
            9.527176
          ],
          [
            99.938632,
            9.527514
          ],
          [
            99.938276,
            9.527969
          ],
          [
            99.938249,
            9.528008
          ],
          [
            99.938108,
            9.5282
          ],
          [
            99.937927,
            9.528405
          ],
          [
            99.937773,
            9.528568
          ],
          [
            99.937691,
            9.528655
          ],
          [
            99.937509,
            9.528848
          ],
          [
            99.937031,
            9.529281
          ],
          [
            99.936947,
            9.52936
          ],
          [
            99.936634,
            9.529678
          ],
          [
            99.936539,
            9.5298
          ],
          [
            99.936504,
            9.529848
          ],
          [
            99.936381,
            9.530074
          ],
          [
            99.936306,
            9.530218
          ],
          [
            99.935871,
            9.530233
          ],
          [
            99.935431,
            9.530259
          ],
          [
            99.93516,
            9.530276
          ],
          [
            99.934564,
            9.530315
          ],
          [
            99.934403,
            9.53036
          ],
          [
            99.934316,
            9.530444
          ],
          [
            99.934293,
            9.530572
          ],
          [
            99.934343,
            9.530715
          ],
          [
            99.934454,
            9.531337
          ],
          [
            99.934473,
            9.531392
          ],
          [
            99.934546,
            9.531916
          ],
          [
            99.934568,
            9.532179
          ],
          [
            99.934584,
            9.532416
          ],
          [
            99.934805,
            9.533613
          ],
          [
            99.934818,
            9.533685
          ],
          [
            99.934951,
            9.534688
          ],
          [
            99.934975,
            9.53503
          ],
          [
            99.934955,
            9.535392
          ],
          [
            99.934956,
            9.53552
          ],
          [
            99.934913,
            9.535934
          ],
          [
            99.934849,
            9.536383
          ],
          [
            99.934554,
            9.536348
          ],
          [
            99.932236,
            9.536167
          ],
          [
            99.932085,
            9.536155
          ],
          [
            99.931426,
            9.536102
          ],
          [
            99.930778,
            9.536051
          ],
          [
            99.93081,
            9.53565
          ],
          [
            99.93081,
            9.53565
          ]
        ]
      },
      "properties": {
        "feature_type": "leg",
        "leg": 1,
        "mode": "Taxi",
        "icon": "🚕",
        "color": "#f59e0b",
        "cost_thb": 600,
        "duration": "~30 min",
        "notes": "Arm Taxi — fixed price 600 THB. Call: +66 62 978 3966. Confirm in advance."
      }
    },
    {
      "type": "Feature",
      "id": "surat-thani-koh-samui-transit-leg-02",
      "geometry": {
        "type": "LineString",
        "coordinates": [
          [
            99.9267,
            9.5352
          ],
          [
            99.9573,
            9.1903
          ]
        ]
      },
      "properties": {
        "feature_type": "leg",
        "leg": 2,
        "mode": "Ferry",
        "icon": "⛴️",
        "color": "#0ea5e9",
        "cost_thb": 380,
        "duration": "~90 min",
        "notes": "Seatran Ferry — combined boat+bus ticket 380 THB. Every hour. Preferred: 6pm boat."
      }
    },
    {
      "type": "Feature",
      "id": "surat-thani-koh-samui-transit-leg-03",
      "geometry": {
        "type": "LineString",
        "coordinates": [
          [
            99.879986,
            9.207028
          ],
          [
            99.879348,
            9.207203
          ],
          [
            99.878715,
            9.207314
          ],
          [
            99.877985,
            9.207394
          ],
          [
            99.877626,
            9.207388
          ],
          [
            99.877395,
            9.207367
          ],
          [
            99.877218,
            9.207309
          ],
          [
            99.877079,
            9.207261
          ],
          [
            99.876881,
            9.207166
          ],
          [
            99.876666,
            9.207007
          ],
          [
            99.876548,
            9.206785
          ],
          [
            99.876103,
            9.205336
          ],
          [
            99.873289,
            9.20585
          ],
          [
            99.872346,
            9.206035
          ],
          [
            99.869896,
            9.206443
          ],
          [
            99.868323,
            9.206662
          ],
          [
            99.867858,
            9.206769
          ],
          [
            99.867461,
            9.206988
          ],
          [
            99.86716,
            9.207227
          ],
          [
            99.866405,
            9.208285
          ],
          [
            99.866232,
            9.20852
          ],
          [
            99.865963,
            9.208789
          ],
          [
            99.865662,
            9.208949
          ],
          [
            99.865306,
            9.209039
          ],
          [
            99.865004,
            9.209021
          ],
          [
            99.864263,
            9.208788
          ],
          [
            99.863109,
            9.208487
          ],
          [
            99.862649,
            9.208377
          ],
          [
            99.862432,
            9.208289
          ],
          [
            99.861958,
            9.2082
          ],
          [
            99.861985,
            9.207695
          ],
          [
            99.862004,
            9.207339
          ],
          [
            99.862097,
            9.206659
          ],
          [
            99.862228,
            9.205703
          ],
          [
            99.862442,
            9.204314
          ],
          [
            99.862528,
            9.203373
          ],
          [
            99.862434,
            9.202865
          ],
          [
            99.862378,
            9.202726
          ],
          [
            99.86215,
            9.202162
          ],
          [
            99.861421,
            9.200976
          ],
          [
            99.861172,
            9.20051
          ],
          [
            99.860691,
            9.199781
          ],
          [
            99.860253,
            9.198934
          ],
          [
            99.859919,
            9.198103
          ],
          [
            99.859155,
            9.195816
          ],
          [
            99.858932,
            9.194969
          ],
          [
            99.858683,
            9.193333
          ],
          [
            99.858339,
            9.191923
          ],
          [
            99.858242,
            9.191524
          ],
          [
            99.857661,
            9.189199
          ],
          [
            99.857492,
            9.188326
          ],
          [
            99.857455,
            9.18793
          ],
          [
            99.857426,
            9.187436
          ],
          [
            99.857421,
            9.187363
          ],
          [
            99.85737,
            9.186479
          ],
          [
            99.857335,
            9.185191
          ],
          [
            99.857338,
            9.182953
          ],
          [
            99.856429,
            9.182888
          ],
          [
            99.855977,
            9.182858
          ],
          [
            99.85539,
            9.18293
          ],
          [
            99.854999,
            9.183104
          ],
          [
            99.854104,
            9.183704
          ],
          [
            99.853789,
            9.183841
          ],
          [
            99.85334,
            9.183933
          ],
          [
            99.853248,
            9.183951
          ],
          [
            99.849981,
            9.183204
          ],
          [
            99.845738,
            9.182426
          ],
          [
            99.843968,
            9.181995
          ],
          [
            99.843705,
            9.181931
          ],
          [
            99.841128,
            9.18129
          ],
          [
            99.840521,
            9.181115
          ],
          [
            99.840499,
            9.181108
          ],
          [
            99.839908,
            9.180937
          ],
          [
            99.839384,
            9.180709
          ],
          [
            99.838841,
            9.18044
          ],
          [
            99.834666,
            9.177385
          ],
          [
            99.834352,
            9.177203
          ],
          [
            99.834321,
            9.177192
          ],
          [
            99.832936,
            9.176386
          ],
          [
            99.832464,
            9.176089
          ],
          [
            99.830718,
            9.175039
          ],
          [
            99.830174,
            9.174727
          ],
          [
            99.829255,
            9.174245
          ],
          [
            99.828824,
            9.17407
          ],
          [
            99.8283,
            9.173887
          ],
          [
            99.826695,
            9.173479
          ],
          [
            99.821189,
            9.172112
          ],
          [
            99.8179,
            9.171273
          ],
          [
            99.816965,
            9.170986
          ],
          [
            99.815728,
            9.170546
          ],
          [
            99.810051,
            9.168376
          ],
          [
            99.807453,
            9.167315
          ],
          [
            99.80681,
            9.166923
          ],
          [
            99.806237,
            9.166493
          ],
          [
            99.8058,
            9.166009
          ],
          [
            99.805286,
            9.16535
          ],
          [
            99.804852,
            9.164739
          ],
          [
            99.804077,
            9.163678
          ],
          [
            99.802467,
            9.161402
          ],
          [
            99.802104,
            9.160774
          ],
          [
            99.80185,
            9.160198
          ],
          [
            99.801533,
            9.15937
          ],
          [
            99.800487,
            9.156631
          ],
          [
            99.800373,
            9.156331
          ],
          [
            99.799918,
            9.155139
          ],
          [
            99.798889,
            9.152878
          ],
          [
            99.797939,
            9.150651
          ],
          [
            99.797754,
            9.150263
          ],
          [
            99.797128,
            9.14875
          ],
          [
            99.794217,
            9.142021
          ],
          [
            99.793985,
            9.141468
          ],
          [
            99.793608,
            9.140464
          ],
          [
            99.79338,
            9.139607
          ],
          [
            99.793205,
            9.13874
          ],
          [
            99.792778,
            9.136355
          ],
          [
            99.79178,
            9.130407
          ],
          [
            99.79128,
            9.127054
          ],
          [
            99.791268,
            9.126464
          ],
          [
            99.791324,
            9.125882
          ],
          [
            99.791473,
            9.125297
          ],
          [
            99.791767,
            9.124445
          ],
          [
            99.792128,
            9.123738
          ],
          [
            99.793029,
            9.12208
          ],
          [
            99.793714,
            9.120777
          ],
          [
            99.793928,
            9.12032
          ],
          [
            99.794232,
            9.119504
          ],
          [
            99.795662,
            9.114826
          ],
          [
            99.795917,
            9.114244
          ],
          [
            99.796725,
            9.113055
          ],
          [
            99.798671,
            9.111017
          ],
          [
            99.799611,
            9.11002
          ],
          [
            99.799998,
            9.109642
          ],
          [
            99.800544,
            9.109172
          ],
          [
            99.80098,
            9.108867
          ],
          [
            99.802317,
            9.108059
          ],
          [
            99.803458,
            9.107401
          ],
          [
            99.803951,
            9.1071
          ],
          [
            99.804682,
            9.106561
          ],
          [
            99.805349,
            9.105997
          ],
          [
            99.806191,
            9.105244
          ],
          [
            99.806367,
            9.105168
          ],
          [
            99.806664,
            9.10494
          ],
          [
            99.806839,
            9.104786
          ],
          [
            99.807165,
            9.104545
          ],
          [
            99.807618,
            9.104254
          ],
          [
            99.807685,
            9.104191
          ],
          [
            99.807754,
            9.104102
          ],
          [
            99.807846,
            9.103919
          ],
          [
            99.807867,
            9.103843
          ],
          [
            99.807863,
            9.103778
          ],
          [
            99.807813,
            9.103687
          ],
          [
            99.807741,
            9.10362
          ],
          [
            99.807655,
            9.103575
          ],
          [
            99.807171,
            9.10365
          ],
          [
            99.806851,
            9.103685
          ],
          [
            99.805974,
            9.103718
          ],
          [
            99.803431,
            9.103744
          ],
          [
            99.802735,
            9.103766
          ],
          [
            99.802476,
            9.103812
          ],
          [
            99.801738,
            9.103801
          ],
          [
            99.801241,
            9.103767
          ],
          [
            99.799394,
            9.103572
          ],
          [
            99.798565,
            9.103414
          ],
          [
            99.797471,
            9.103185
          ],
          [
            99.796591,
            9.102898
          ],
          [
            99.795617,
            9.102421
          ],
          [
            99.795371,
            9.102241
          ],
          [
            99.795018,
            9.101888
          ],
          [
            99.794143,
            9.100834
          ],
          [
            99.79383,
            9.100534
          ],
          [
            99.792459,
            9.099617
          ],
          [
            99.791945,
            9.099083
          ],
          [
            99.790891,
            9.097835
          ],
          [
            99.790049,
            9.097212
          ],
          [
            99.789652,
            9.097021
          ],
          [
            99.789229,
            9.096856
          ],
          [
            99.788786,
            9.096739
          ],
          [
            99.788378,
            9.096655
          ],
          [
            99.78813,
            9.096625
          ],
          [
            99.787568,
            9.09661
          ],
          [
            99.785814,
            9.096666
          ],
          [
            99.783081,
            9.096697
          ],
          [
            99.780838,
            9.096784
          ],
          [
            99.78014,
            9.096797
          ],
          [
            99.77773,
            9.096858
          ],
          [
            99.776775,
            9.096937
          ],
          [
            99.776292,
            9.097005
          ],
          [
            99.774942,
            9.097227
          ],
          [
            99.77436,
            9.097375
          ],
          [
            99.772536,
            9.097744
          ],
          [
            99.768321,
            9.098583
          ],
          [
            99.766877,
            9.098856
          ],
          [
            99.764502,
            9.09936
          ],
          [
            99.76378,
            9.099553
          ],
          [
            99.763017,
            9.099832
          ],
          [
            99.762127,
            9.100176
          ],
          [
            99.761558,
            9.10044
          ],
          [
            99.760855,
            9.100811
          ],
          [
            99.760373,
            9.101123
          ],
          [
            99.759277,
            9.101939
          ],
          [
            99.75844,
            9.102644
          ],
          [
            99.757172,
            9.103863
          ],
          [
            99.754195,
            9.106668
          ],
          [
            99.753921,
            9.106895
          ],
          [
            99.75357,
            9.107131
          ],
          [
            99.75325,
            9.107313
          ],
          [
            99.752854,
            9.107501
          ],
          [
            99.752487,
            9.107617
          ],
          [
            99.752134,
            9.107711
          ],
          [
            99.751787,
            9.107773
          ],
          [
            99.751219,
            9.107832
          ],
          [
            99.748247,
            9.108037
          ],
          [
            99.747552,
            9.108097
          ],
          [
            99.745631,
            9.108262
          ],
          [
            99.741512,
            9.108613
          ],
          [
            99.740973,
            9.108658
          ],
          [
            99.738702,
            9.108887
          ],
          [
            99.736132,
            9.109065
          ],
          [
            99.734652,
            9.109122
          ],
          [
            99.733537,
            9.109041
          ],
          [
            99.733035,
            9.108975
          ],
          [
            99.72885,
            9.107965
          ],
          [
            99.720717,
            9.105982
          ],
          [
            99.720044,
            9.10581
          ],
          [
            99.718924,
            9.105557
          ],
          [
            99.71759,
            9.105247
          ],
          [
            99.716209,
            9.105183
          ],
          [
            99.715658,
            9.105211
          ],
          [
            99.715092,
            9.105299
          ],
          [
            99.714705,
            9.10538
          ],
          [
            99.713927,
            9.105646
          ],
          [
            99.713444,
            9.105862
          ],
          [
            99.71295,
            9.106109
          ],
          [
            99.712519,
            9.106417
          ],
          [
            99.712176,
            9.106677
          ],
          [
            99.711778,
            9.106961
          ],
          [
            99.709875,
            9.10847
          ],
          [
            99.708001,
            9.109956
          ],
          [
            99.70033,
            9.11606
          ],
          [
            99.698778,
            9.117296
          ],
          [
            99.697667,
            9.11815
          ],
          [
            99.697083,
            9.11862
          ],
          [
            99.694964,
            9.120275
          ],
          [
            99.693999,
            9.121029
          ],
          [
            99.693495,
            9.121348
          ],
          [
            99.692606,
            9.12185
          ],
          [
            99.691343,
            9.122399
          ],
          [
            99.68963,
            9.123049
          ],
          [
            99.689471,
            9.12311
          ],
          [
            99.689161,
            9.123255
          ],
          [
            99.688516,
            9.123581
          ],
          [
            99.688362,
            9.123666
          ],
          [
            99.688175,
            9.123769
          ],
          [
            99.687861,
            9.123964
          ],
          [
            99.687612,
            9.124137
          ],
          [
            99.687014,
            9.124578
          ],
          [
            99.686531,
            9.124994
          ],
          [
            99.685507,
            9.125969
          ],
          [
            99.683238,
            9.128502
          ],
          [
            99.682891,
            9.128888
          ],
          [
            99.681625,
            9.130307
          ],
          [
            99.680643,
            9.131387
          ],
          [
            99.679725,
            9.132395
          ],
          [
            99.679059,
            9.13312
          ],
          [
            99.676976,
            9.135514
          ],
          [
            99.676303,
            9.136191
          ],
          [
            99.675931,
            9.136651
          ],
          [
            99.675548,
            9.137048
          ],
          [
            99.67492,
            9.137596
          ],
          [
            99.67488,
            9.13763
          ],
          [
            99.674823,
            9.13768
          ],
          [
            99.674481,
            9.137934
          ],
          [
            99.674146,
            9.13818
          ],
          [
            99.673119,
            9.13876
          ],
          [
            99.672567,
            9.139059
          ],
          [
            99.671618,
            9.139573
          ],
          [
            99.670006,
            9.140463
          ],
          [
            99.66962,
            9.140675
          ],
          [
            99.669187,
            9.140913
          ],
          [
            99.668455,
            9.141321
          ],
          [
            99.668284,
            9.141416
          ],
          [
            99.668076,
            9.141532
          ],
          [
            99.666718,
            9.142174
          ],
          [
            99.666462,
            9.142276
          ],
          [
            99.665233,
            9.142724
          ],
          [
            99.663818,
            9.143154
          ],
          [
            99.662755,
            9.143368
          ],
          [
            99.659638,
            9.143774
          ],
          [
            99.659115,
            9.143846
          ],
          [
            99.658984,
            9.143861
          ],
          [
            99.658406,
            9.143937
          ],
          [
            99.648653,
            9.145279
          ],
          [
            99.648294,
            9.145328
          ],
          [
            99.646211,
            9.14561
          ],
          [
            99.645469,
            9.14571
          ],
          [
            99.636419,
            9.146971
          ],
          [
            99.633264,
            9.147411
          ],
          [
            99.631296,
            9.147681
          ],
          [
            99.626398,
            9.148358
          ],
          [
            99.625496,
            9.148483
          ],
          [
            99.623925,
            9.148702
          ],
          [
            99.623558,
            9.148754
          ],
          [
            99.622569,
            9.148892
          ],
          [
            99.616749,
            9.149695
          ],
          [
            99.614192,
            9.150049
          ],
          [
            99.609958,
            9.150633
          ],
          [
            99.605646,
            9.151229
          ],
          [
            99.605361,
            9.151268
          ],
          [
            99.603465,
            9.151531
          ],
          [
            99.598077,
            9.152274
          ],
          [
            99.597312,
            9.152338
          ],
          [
            99.596192,
            9.15242
          ],
          [
            99.595332,
            9.152445
          ],
          [
            99.594543,
            9.152432
          ],
          [
            99.594007,
            9.152442
          ],
          [
            99.593902,
            9.152439
          ],
          [
            99.58541,
            9.151625
          ],
          [
            99.583081,
            9.151409
          ],
          [
            99.57512,
            9.150692
          ],
          [
            99.574563,
            9.150642
          ],
          [
            99.568478,
            9.150051
          ],
          [
            99.565511,
            9.149825
          ],
          [
            99.563946,
            9.149703
          ],
          [
            99.561888,
            9.149764
          ],
          [
            99.561609,
            9.149772
          ],
          [
            99.559347,
            9.150049
          ],
          [
            99.557241,
            9.1505
          ],
          [
            99.553909,
            9.151214
          ],
          [
            99.552028,
            9.15161
          ],
          [
            99.549537,
            9.152142
          ],
          [
            99.548667,
            9.152328
          ],
          [
            99.53943,
            9.154305
          ],
          [
            99.539133,
            9.154368
          ],
          [
            99.536622,
            9.154905
          ],
          [
            99.535867,
            9.155065
          ],
          [
            99.530109,
            9.156288
          ],
          [
            99.529395,
            9.15641
          ],
          [
            99.522582,
            9.157211
          ],
          [
            99.521165,
            9.157378
          ],
          [
            99.519728,
            9.157546
          ],
          [
            99.519466,
            9.157577
          ],
          [
            99.513771,
            9.158246
          ],
          [
            99.513007,
            9.158336
          ],
          [
            99.51232,
            9.158417
          ],
          [
            99.510264,
            9.158658
          ],
          [
            99.500875,
            9.159762
          ],
          [
            99.500225,
            9.159838
          ],
          [
            99.499699,
            9.1599
          ],
          [
            99.493981,
            9.160572
          ],
          [
            99.489357,
            9.161115
          ],
          [
            99.485361,
            9.161585
          ],
          [
            99.484853,
            9.161652
          ],
          [
            99.484464,
            9.161715
          ],
          [
            99.483502,
            9.161905
          ],
          [
            99.483044,
            9.161974
          ],
          [
            99.48198,
            9.162114
          ],
          [
            99.481698,
            9.162148
          ],
          [
            99.480229,
            9.162325
          ],
          [
            99.479593,
            9.162401
          ],
          [
            99.478883,
            9.162487
          ],
          [
            99.4777,
            9.162629
          ],
          [
            99.477595,
            9.162642
          ],
          [
            99.475445,
            9.1629
          ],
          [
            99.472835,
            9.163214
          ],
          [
            99.467797,
            9.16382
          ],
          [
            99.466661,
            9.163887
          ],
          [
            99.465912,
            9.163869
          ],
          [
            99.465398,
            9.163856
          ],
          [
            99.464529,
            9.163783
          ],
          [
            99.461983,
            9.163415
          ],
          [
            99.461451,
            9.163343
          ],
          [
            99.460352,
            9.163176
          ],
          [
            99.457656,
            9.162515
          ],
          [
            99.455946,
            9.162095
          ],
          [
            99.454228,
            9.161674
          ],
          [
            99.451928,
            9.161015
          ],
          [
            99.449063,
            9.159847
          ],
          [
            99.448706,
            9.159695
          ],
          [
            99.44619,
            9.158617
          ],
          [
            99.445717,
            9.158417
          ],
          [
            99.444973,
            9.158112
          ],
          [
            99.444521,
            9.157977
          ],
          [
            99.444127,
            9.15786
          ],
          [
            99.44282,
            9.157775
          ],
          [
            99.442219,
            9.157736
          ],
          [
            99.440446,
            9.157661
          ],
          [
            99.438276,
            9.157565
          ],
          [
            99.437706,
            9.157539
          ],
          [
            99.437572,
            9.157534
          ],
          [
            99.436656,
            9.157493
          ],
          [
            99.434914,
            9.157415
          ],
          [
            99.433774,
            9.157365
          ],
          [
            99.43277,
            9.157249
          ],
          [
            99.432059,
            9.157167
          ],
          [
            99.431884,
            9.157147
          ],
          [
            99.42971,
            9.156896
          ],
          [
            99.429052,
            9.156823
          ],
          [
            99.42872,
            9.156787
          ],
          [
            99.42783,
            9.15679
          ],
          [
            99.426691,
            9.156804
          ],
          [
            99.426361,
            9.156788
          ],
          [
            99.42607,
            9.156746
          ],
          [
            99.425646,
            9.156672
          ],
          [
            99.422272,
            9.15609
          ],
          [
            99.420727,
            9.155889
          ],
          [
            99.419614,
            9.155738
          ],
          [
            99.418746,
            9.155633
          ],
          [
            99.418078,
            9.155546
          ],
          [
            99.417371,
            9.155427
          ],
          [
            99.417052,
            9.155352
          ],
          [
            99.416812,
            9.155275
          ],
          [
            99.416793,
            9.155266
          ],
          [
            99.416619,
            9.155178
          ],
          [
            99.416396,
            9.155038
          ],
          [
            99.416265,
            9.154939
          ],
          [
            99.416139,
            9.154839
          ],
          [
            99.416018,
            9.15473
          ],
          [
            99.41588,
            9.154572
          ],
          [
            99.415722,
            9.154345
          ],
          [
            99.415614,
            9.154148
          ],
          [
            99.415575,
            9.154077
          ],
          [
            99.415209,
            9.152551
          ],
          [
            99.415024,
            9.151777
          ],
          [
            99.414926,
            9.151365
          ],
          [
            99.414817,
            9.150912
          ],
          [
            99.41481,
            9.15088
          ],
          [
            99.414589,
            9.150046
          ],
          [
            99.414579,
            9.150006
          ],
          [
            99.414498,
            9.149807
          ],
          [
            99.414458,
            9.149707
          ],
          [
            99.41429,
            9.14938
          ],
          [
            99.414172,
            9.149187
          ],
          [
            99.413983,
            9.148939
          ],
          [
            99.413764,
            9.148726
          ],
          [
            99.41343,
            9.148489
          ],
          [
            99.413102,
            9.148332
          ],
          [
            99.412906,
            9.148245
          ],
          [
            99.412716,
            9.148186
          ],
          [
            99.412642,
            9.148163
          ],
          [
            99.412346,
            9.14809
          ],
          [
            99.411896,
            9.148014
          ],
          [
            99.411197,
            9.147899
          ],
          [
            99.410746,
            9.147845
          ],
          [
            99.410306,
            9.147776
          ],
          [
            99.409574,
            9.147665
          ],
          [
            99.408527,
            9.14751
          ],
          [
            99.407017,
            9.147288
          ],
          [
            99.406455,
            9.147205
          ],
          [
            99.403443,
            9.146775
          ],
          [
            99.403134,
            9.146743
          ],
          [
            99.402687,
            9.146741
          ],
          [
            99.402434,
            9.146766
          ],
          [
            99.402149,
            9.146787
          ],
          [
            99.401529,
            9.146889
          ],
          [
            99.401388,
            9.14692
          ],
          [
            99.400658,
            9.147076
          ],
          [
            99.400072,
            9.147201
          ],
          [
            99.399676,
            9.147285
          ],
          [
            99.398683,
            9.147497
          ],
          [
            99.398596,
            9.147516
          ],
          [
            99.397919,
            9.147661
          ],
          [
            99.397434,
            9.147716
          ],
          [
            99.39653,
            9.147818
          ],
          [
            99.3964,
            9.147833
          ],
          [
            99.395726,
            9.147909
          ],
          [
            99.394932,
            9.147999
          ],
          [
            99.393452,
            9.148166
          ],
          [
            99.392922,
            9.148226
          ],
          [
            99.392405,
            9.148274
          ],
          [
            99.392195,
            9.148294
          ],
          [
            99.391179,
            9.148408
          ],
          [
            99.39093,
            9.148422
          ],
          [
            99.390661,
            9.14842
          ],
          [
            99.390529,
            9.148419
          ],
          [
            99.390387,
            9.14841
          ],
          [
            99.389953,
            9.148389
          ],
          [
            99.389234,
            9.148375
          ],
          [
            99.388347,
            9.148379
          ],
          [
            99.386804,
            9.14843
          ],
          [
            99.386364,
            9.148434
          ],
          [
            99.386086,
            9.148436
          ],
          [
            99.385394,
            9.148441
          ],
          [
            99.383951,
            9.148452
          ],
          [
            99.383556,
            9.148455
          ],
          [
            99.38273,
            9.148461
          ],
          [
            99.382438,
            9.148463
          ],
          [
            99.38197,
            9.1485
          ],
          [
            99.381068,
            9.148621
          ],
          [
            99.381012,
            9.148635
          ],
          [
            99.380788,
            9.148688
          ],
          [
            99.38064,
            9.148723
          ],
          [
            99.380341,
            9.148793
          ],
          [
            99.379524,
            9.148984
          ],
          [
            99.378967,
            9.149122
          ],
          [
            99.378457,
            9.149247
          ],
          [
            99.377999,
            9.149359
          ],
          [
            99.37653,
            9.14971
          ],
          [
            99.376136,
            9.1498
          ],
          [
            99.375825,
            9.14987
          ],
          [
            99.375508,
            9.149943
          ],
          [
            99.374292,
            9.150201
          ],
          [
            99.373231,
            9.150414
          ],
          [
            99.372352,
            9.150593
          ],
          [
            99.37177,
            9.150707
          ],
          [
            99.371299,
            9.150797
          ],
          [
            99.370883,
            9.150881
          ],
          [
            99.370311,
            9.150997
          ],
          [
            99.36982,
            9.151096
          ],
          [
            99.369109,
            9.15124
          ],
          [
            99.369001,
            9.151262
          ],
          [
            99.368742,
            9.151314
          ],
          [
            99.367734,
            9.151502
          ],
          [
            99.36744,
            9.151546
          ],
          [
            99.366745,
            9.151664
          ],
          [
            99.366333,
            9.151732
          ],
          [
            99.365968,
            9.151791
          ],
          [
            99.365639,
            9.151842
          ],
          [
            99.365263,
            9.151912
          ],
          [
            99.365034,
            9.151957
          ],
          [
            99.364986,
            9.151967
          ],
          [
            99.364334,
            9.152096
          ],
          [
            99.364193,
            9.152124
          ],
          [
            99.363798,
            9.152203
          ],
          [
            99.363501,
            9.152263
          ],
          [
            99.363123,
            9.152337
          ],
          [
            99.362659,
            9.152422
          ],
          [
            99.362302,
            9.152499
          ],
          [
            99.362058,
            9.152545
          ],
          [
            99.361707,
            9.152613
          ],
          [
            99.361282,
            9.1527
          ],
          [
            99.360892,
            9.152772
          ],
          [
            99.360218,
            9.152907
          ],
          [
            99.360007,
            9.152946
          ],
          [
            99.359071,
            9.153123
          ],
          [
            99.358163,
            9.1533
          ],
          [
            99.357817,
            9.153367
          ],
          [
            99.356746,
            9.153576
          ],
          [
            99.356073,
            9.153703
          ],
          [
            99.35565,
            9.153783
          ],
          [
            99.355023,
            9.153898
          ],
          [
            99.354807,
            9.153954
          ],
          [
            99.354634,
            9.154
          ],
          [
            99.354484,
            9.15404
          ],
          [
            99.35417,
            9.154123
          ],
          [
            99.353622,
            9.154269
          ],
          [
            99.353452,
            9.15433
          ],
          [
            99.353413,
            9.154344
          ],
          [
            99.352982,
            9.154498
          ],
          [
            99.352449,
            9.154692
          ],
          [
            99.351688,
            9.154947
          ],
          [
            99.350782,
            9.155259
          ],
          [
            99.350493,
            9.155358
          ],
          [
            99.350135,
            9.155458
          ],
          [
            99.349941,
            9.155508
          ],
          [
            99.349806,
            9.155536
          ],
          [
            99.349606,
            9.155573
          ],
          [
            99.349471,
            9.155598
          ],
          [
            99.349361,
            9.155619
          ],
          [
            99.349073,
            9.155668
          ],
          [
            99.348414,
            9.155791
          ],
          [
            99.348089,
            9.155851
          ],
          [
            99.347948,
            9.155874
          ],
          [
            99.347545,
            9.15594
          ],
          [
            99.346976,
            9.15604
          ],
          [
            99.346556,
            9.156108
          ],
          [
            99.346246,
            9.156159
          ],
          [
            99.345819,
            9.156204
          ],
          [
            99.345377,
            9.156215
          ],
          [
            99.344942,
            9.15618
          ],
          [
            99.344611,
            9.156123
          ],
          [
            99.344126,
            9.155966
          ],
          [
            99.343057,
            9.155483
          ],
          [
            99.342928,
            9.155421
          ],
          [
            99.342653,
            9.155277
          ],
          [
            99.342518,
            9.155205
          ],
          [
            99.342417,
            9.155152
          ],
          [
            99.342362,
            9.155125
          ],
          [
            99.342204,
            9.155047
          ],
          [
            99.342057,
            9.154981
          ],
          [
            99.341895,
            9.154888
          ],
          [
            99.341827,
            9.154854
          ],
          [
            99.341094,
            9.154482
          ],
          [
            99.340931,
            9.154399
          ],
          [
            99.340269,
            9.154008
          ],
          [
            99.339726,
            9.153601
          ],
          [
            99.339708,
            9.153588
          ],
          [
            99.339494,
            9.153384
          ],
          [
            99.339078,
            9.153032
          ],
          [
            99.338876,
            9.152863
          ],
          [
            99.338035,
            9.15216
          ],
          [
            99.337877,
            9.152028
          ],
          [
            99.337713,
            9.151868
          ],
          [
            99.337413,
            9.151602
          ],
          [
            99.336956,
            9.151183
          ],
          [
            99.336219,
            9.1505
          ],
          [
            99.335992,
            9.150303
          ],
          [
            99.335862,
            9.150235
          ],
          [
            99.335045,
            9.149534
          ],
          [
            99.334971,
            9.149471
          ],
          [
            99.3349,
            9.14941
          ],
          [
            99.334858,
            9.149374
          ],
          [
            99.33473,
            9.149299
          ],
          [
            99.33452,
            9.1491
          ],
          [
            99.334446,
            9.149035
          ],
          [
            99.334365,
            9.148965
          ],
          [
            99.334172,
            9.148798
          ],
          [
            99.334106,
            9.148741
          ],
          [
            99.333929,
            9.148588
          ],
          [
            99.333782,
            9.148461
          ],
          [
            99.333611,
            9.148316
          ],
          [
            99.333516,
            9.148231
          ],
          [
            99.33326,
            9.14804
          ],
          [
            99.332873,
            9.14772
          ],
          [
            99.332722,
            9.147552
          ],
          [
            99.332703,
            9.147531
          ],
          [
            99.332488,
            9.147343
          ],
          [
            99.332431,
            9.147293
          ],
          [
            99.332336,
            9.14721
          ],
          [
            99.332197,
            9.147094
          ],
          [
            99.331586,
            9.146583
          ],
          [
            99.331539,
            9.146544
          ],
          [
            99.330891,
            9.146002
          ],
          [
            99.330695,
            9.145839
          ],
          [
            99.330438,
            9.145623
          ],
          [
            99.330347,
            9.145548
          ],
          [
            99.33009,
            9.145332
          ],
          [
            99.330039,
            9.145288
          ],
          [
            99.330289,
            9.145025
          ],
          [
            99.330724,
            9.144523
          ],
          [
            99.33088,
            9.144375
          ],
          [
            99.331273,
            9.143982
          ],
          [
            99.331428,
            9.143802
          ],
          [
            99.331928,
            9.143091
          ],
          [
            99.332108,
            9.142864
          ],
          [
            99.332273,
            9.142648
          ],
          [
            99.332392,
            9.142494
          ],
          [
            99.332417,
            9.142455
          ],
          [
            99.332475,
            9.142367
          ],
          [
            99.332202,
            9.142206
          ],
          [
            99.332133,
            9.142158
          ],
          [
            99.332047,
            9.142099
          ],
          [
            99.331482,
            9.141705
          ],
          [
            99.330844,
            9.141285
          ],
          [
            99.33066,
            9.141162
          ],
          [
            99.329908,
            9.140699
          ],
          [
            99.329535,
            9.141299
          ],
          [
            99.329471,
            9.141402
          ]
        ]
      },
      "properties": {
        "feature_type": "leg",
        "leg": 3,
        "mode": "Bus",
        "icon": "🚌",
        "color": "#22c55e",
        "cost_thb": 0,
        "duration": "~70 min",
        "notes": "Included in Seatran combined ticket. Departs Donsak 8:15pm."
      }
    },
    {
      "type": "Feature",
      "id": "surat-thani-koh-samui-transit-leg-04",
      "geometry": {
        "type": "LineString",
        "coordinates": [
          [
            99.329471,
            9.141402
          ],
          [
            99.329535,
            9.141299
          ],
          [
            99.329908,
            9.140699
          ],
          [
            99.329614,
            9.140532
          ],
          [
            99.329468,
            9.140449
          ],
          [
            99.32937,
            9.140383
          ],
          [
            99.328498,
            9.1398
          ],
          [
            99.328393,
            9.139791
          ],
          [
            99.327776,
            9.140622
          ],
          [
            99.327583,
            9.140862
          ],
          [
            99.327525,
            9.140934
          ],
          [
            99.327373,
            9.141134
          ],
          [
            99.327202,
            9.141359
          ],
          [
            99.326883,
            9.141778
          ],
          [
            99.32685,
            9.141822
          ],
          [
            99.326545,
            9.142228
          ],
          [
            99.326461,
            9.142341
          ],
          [
            99.325992,
            9.141942
          ],
          [
            99.325914,
            9.141875
          ],
          [
            99.325507,
            9.141532
          ],
          [
            99.325165,
            9.141242
          ],
          [
            99.324796,
            9.14093
          ],
          [
            99.324465,
            9.140644
          ],
          [
            99.324403,
            9.14059
          ],
          [
            99.324132,
            9.140356
          ],
          [
            99.324039,
            9.14027
          ],
          [
            99.324007,
            9.140241
          ],
          [
            99.323623,
            9.139891
          ],
          [
            99.323358,
            9.139674
          ],
          [
            99.322976,
            9.139362
          ],
          [
            99.322689,
            9.139128
          ],
          [
            99.322418,
            9.138896
          ],
          [
            99.322381,
            9.138863
          ],
          [
            99.322183,
            9.138687
          ],
          [
            99.321977,
            9.138505
          ],
          [
            99.321889,
            9.138426
          ],
          [
            99.321719,
            9.138274
          ],
          [
            99.321644,
            9.138209
          ],
          [
            99.321344,
            9.137953
          ],
          [
            99.321139,
            9.137779
          ],
          [
            99.321079,
            9.13773
          ],
          [
            99.320749,
            9.137442
          ],
          [
            99.320481,
            9.137208
          ],
          [
            99.320348,
            9.137092
          ],
          [
            99.32001,
            9.136798
          ],
          [
            99.319607,
            9.136448
          ],
          [
            99.319468,
            9.136326
          ],
          [
            99.319129,
            9.136031
          ],
          [
            99.318815,
            9.135758
          ],
          [
            99.318738,
            9.135691
          ],
          [
            99.318303,
            9.135321
          ],
          [
            99.31721,
            9.13439
          ],
          [
            99.317081,
            9.134281
          ],
          [
            99.316638,
            9.133906
          ],
          [
            99.31628,
            9.133603
          ],
          [
            99.315907,
            9.133288
          ],
          [
            99.315542,
            9.132955
          ],
          [
            99.315314,
            9.13273
          ],
          [
            99.315248,
            9.132666
          ],
          [
            99.315186,
            9.132578
          ],
          [
            99.315156,
            9.132536
          ],
          [
            99.314984,
            9.132173
          ],
          [
            99.314844,
            9.131785
          ],
          [
            99.314811,
            9.131582
          ],
          [
            99.314808,
            9.13157
          ],
          [
            99.314848,
            9.131473
          ],
          [
            99.314736,
            9.130713
          ],
          [
            99.314603,
            9.129707
          ],
          [
            99.314575,
            9.129509
          ],
          [
            99.314512,
            9.129055
          ],
          [
            99.314452,
            9.128548
          ],
          [
            99.314383,
            9.128319
          ],
          [
            99.314254,
            9.128039
          ],
          [
            99.313896,
            9.127621
          ],
          [
            99.31331,
            9.126938
          ],
          [
            99.313091,
            9.126686
          ],
          [
            99.312255,
            9.125726
          ],
          [
            99.311678,
            9.125045
          ],
          [
            99.311165,
            9.124438
          ],
          [
            99.311113,
            9.124331
          ],
          [
            99.310967,
            9.124031
          ],
          [
            99.310869,
            9.123752
          ],
          [
            99.310749,
            9.123378
          ],
          [
            99.310704,
            9.123237
          ],
          [
            99.310583,
            9.122861
          ],
          [
            99.310467,
            9.1225
          ],
          [
            99.310449,
            9.122431
          ],
          [
            99.310437,
            9.122391
          ],
          [
            99.310388,
            9.122234
          ],
          [
            99.310352,
            9.122117
          ],
          [
            99.310257,
            9.121777
          ],
          [
            99.310115,
            9.121246
          ],
          [
            99.31006,
            9.121043
          ],
          [
            99.310034,
            9.120914
          ],
          [
            99.309966,
            9.120538
          ],
          [
            99.309869,
            9.119974
          ],
          [
            99.309839,
            9.1198
          ],
          [
            99.309782,
            9.119408
          ],
          [
            99.309764,
            9.119184
          ],
          [
            99.30972,
            9.118694
          ],
          [
            99.309715,
            9.118625
          ],
          [
            99.309679,
            9.118163
          ],
          [
            99.309668,
            9.118028
          ],
          [
            99.309652,
            9.11793
          ],
          [
            99.309598,
            9.117213
          ],
          [
            99.30954,
            9.116441
          ],
          [
            99.309485,
            9.115876
          ],
          [
            99.309446,
            9.115484
          ],
          [
            99.309423,
            9.115252
          ],
          [
            99.309408,
            9.115175
          ],
          [
            99.309302,
            9.114623
          ],
          [
            99.309195,
            9.114151
          ],
          [
            99.309102,
            9.113739
          ],
          [
            99.309055,
            9.113487
          ],
          [
            99.30901,
            9.113262
          ],
          [
            99.309,
            9.113204
          ],
          [
            99.308936,
            9.112891
          ],
          [
            99.308844,
            9.112434
          ],
          [
            99.308711,
            9.111767
          ],
          [
            99.308473,
            9.110946
          ],
          [
            99.308435,
            9.110838
          ],
          [
            99.308161,
            9.110245
          ],
          [
            99.308144,
            9.110209
          ],
          [
            99.308017,
            9.109932
          ],
          [
            99.307946,
            9.109794
          ],
          [
            99.307697,
            9.10932
          ],
          [
            99.307575,
            9.109097
          ],
          [
            99.307393,
            9.108764
          ],
          [
            99.307125,
            9.10829
          ],
          [
            99.30688,
            9.107875
          ],
          [
            99.306671,
            9.107571
          ],
          [
            99.306625,
            9.107515
          ],
          [
            99.306477,
            9.107338
          ],
          [
            99.306158,
            9.106999
          ],
          [
            99.306023,
            9.10688
          ],
          [
            99.305891,
            9.106776
          ],
          [
            99.305728,
            9.106663
          ],
          [
            99.305527,
            9.106524
          ],
          [
            99.305227,
            9.106323
          ],
          [
            99.304794,
            9.10604
          ],
          [
            99.304756,
            9.106015
          ],
          [
            99.304511,
            9.105842
          ],
          [
            99.304485,
            9.105824
          ],
          [
            99.304319,
            9.105712
          ],
          [
            99.304166,
            9.105609
          ],
          [
            99.303883,
            9.105425
          ],
          [
            99.303737,
            9.10535
          ],
          [
            99.303638,
            9.10529
          ],
          [
            99.3035,
            9.105233
          ],
          [
            99.303336,
            9.105165
          ],
          [
            99.303281,
            9.10515
          ],
          [
            99.303226,
            9.105135
          ],
          [
            99.30319,
            9.105133
          ],
          [
            99.303002,
            9.10512
          ],
          [
            99.302968,
            9.105117
          ],
          [
            99.302728,
            9.105119
          ],
          [
            99.302567,
            9.105132
          ],
          [
            99.302428,
            9.105156
          ],
          [
            99.302315,
            9.10519
          ],
          [
            99.302199,
            9.10523
          ],
          [
            99.302021,
            9.105282
          ],
          [
            99.301869,
            9.105354
          ],
          [
            99.301547,
            9.105529
          ],
          [
            99.300802,
            9.105943
          ],
          [
            99.300308,
            9.106228
          ],
          [
            99.300084,
            9.106353
          ],
          [
            99.299911,
            9.106429
          ],
          [
            99.299733,
            9.106514
          ],
          [
            99.299587,
            9.106572
          ],
          [
            99.299461,
            9.106611
          ],
          [
            99.299222,
            9.106681
          ],
          [
            99.29903,
            9.106729
          ],
          [
            99.298865,
            9.106751
          ],
          [
            99.298708,
            9.106781
          ],
          [
            99.298528,
            9.10681
          ],
          [
            99.298483,
            9.10682
          ],
          [
            99.298409,
            9.106836
          ],
          [
            99.298322,
            9.106855
          ],
          [
            99.29807,
            9.106926
          ],
          [
            99.297867,
            9.106991
          ],
          [
            99.297817,
            9.106999
          ],
          [
            99.297765,
            9.107024
          ],
          [
            99.2976,
            9.107078
          ],
          [
            99.297418,
            9.107148
          ],
          [
            99.297196,
            9.107233
          ],
          [
            99.296963,
            9.107319
          ],
          [
            99.296638,
            9.107439
          ],
          [
            99.296411,
            9.107512
          ],
          [
            99.296309,
            9.107546
          ],
          [
            99.295726,
            9.107746
          ],
          [
            99.295434,
            9.107855
          ],
          [
            99.295025,
            9.107967
          ],
          [
            99.29472,
            9.108039
          ],
          [
            99.294575,
            9.108076
          ],
          [
            99.294437,
            9.108108
          ],
          [
            99.294123,
            9.108171
          ],
          [
            99.293719,
            9.108205
          ],
          [
            99.293271,
            9.108241
          ],
          [
            99.292883,
            9.108266
          ],
          [
            99.292589,
            9.108281
          ],
          [
            99.292492,
            9.108282
          ],
          [
            99.292252,
            9.108298
          ],
          [
            99.291887,
            9.108347
          ],
          [
            99.291619,
            9.108413
          ],
          [
            99.291541,
            9.108436
          ],
          [
            99.291335,
            9.108495
          ],
          [
            99.291069,
            9.10859
          ],
          [
            99.290544,
            9.108823
          ],
          [
            99.290352,
            9.108909
          ],
          [
            99.290071,
            9.109043
          ],
          [
            99.289604,
            9.109329
          ],
          [
            99.288292,
            9.110301
          ],
          [
            99.288142,
            9.110368
          ],
          [
            99.287982,
            9.110429
          ],
          [
            99.286963,
            9.110715
          ],
          [
            99.28593,
            9.111125
          ],
          [
            99.285543,
            9.111292
          ],
          [
            99.285314,
            9.111391
          ],
          [
            99.284806,
            9.111658
          ],
          [
            99.284308,
            9.11192
          ],
          [
            99.283484,
            9.11241
          ],
          [
            99.283224,
            9.112558
          ],
          [
            99.282654,
            9.112801
          ],
          [
            99.281491,
            9.113233
          ],
          [
            99.280453,
            9.113619
          ],
          [
            99.280157,
            9.113728
          ],
          [
            99.279782,
            9.113892
          ],
          [
            99.279673,
            9.113944
          ],
          [
            99.278578,
            9.114527
          ],
          [
            99.27824,
            9.114707
          ],
          [
            99.277398,
            9.115156
          ],
          [
            99.277132,
            9.115299
          ],
          [
            99.276668,
            9.115602
          ],
          [
            99.276282,
            9.115907
          ],
          [
            99.275688,
            9.116376
          ],
          [
            99.275351,
            9.116558
          ],
          [
            99.274898,
            9.116712
          ],
          [
            99.274331,
            9.116802
          ],
          [
            99.273653,
            9.116785
          ],
          [
            99.27305,
            9.11671
          ],
          [
            99.272654,
            9.11666
          ],
          [
            99.272281,
            9.116613
          ],
          [
            99.271835,
            9.116557
          ],
          [
            99.271596,
            9.116513
          ],
          [
            99.271298,
            9.116457
          ],
          [
            99.27092,
            9.116387
          ],
          [
            99.270666,
            9.116339
          ],
          [
            99.269813,
            9.11618
          ],
          [
            99.269449,
            9.116051
          ],
          [
            99.269096,
            9.115839
          ],
          [
            99.26888,
            9.11564
          ],
          [
            99.268687,
            9.115404
          ],
          [
            99.26817,
            9.114239
          ],
          [
            99.267932,
            9.113879
          ],
          [
            99.267834,
            9.113779
          ],
          [
            99.26759,
            9.113581
          ],
          [
            99.267223,
            9.113399
          ],
          [
            99.266944,
            9.113318
          ],
          [
            99.266504,
            9.11326
          ],
          [
            99.265973,
            9.113239
          ],
          [
            99.265535,
            9.113251
          ],
          [
            99.265171,
            9.113264
          ],
          [
            99.264844,
            9.11329
          ],
          [
            99.264444,
            9.113341
          ],
          [
            99.263826,
            9.113393
          ],
          [
            99.263758,
            9.113401
          ],
          [
            99.262579,
            9.113554
          ],
          [
            99.262515,
            9.113565
          ],
          [
            99.261299,
            9.113773
          ],
          [
            99.260953,
            9.113812
          ],
          [
            99.26076,
            9.113834
          ],
          [
            99.260555,
            9.113829
          ],
          [
            99.260362,
            9.113789
          ],
          [
            99.260191,
            9.113724
          ],
          [
            99.260036,
            9.11363
          ],
          [
            99.259825,
            9.113487
          ],
          [
            99.258354,
            9.112243
          ],
          [
            99.257902,
            9.111907
          ],
          [
            99.256481,
            9.110857
          ],
          [
            99.255839,
            9.110402
          ],
          [
            99.255431,
            9.11021
          ],
          [
            99.255394,
            9.110193
          ],
          [
            99.255107,
            9.110086
          ],
          [
            99.254982,
            9.11004
          ],
          [
            99.254908,
            9.110012
          ],
          [
            99.254621,
            9.109936
          ],
          [
            99.254272,
            9.109847
          ],
          [
            99.253567,
            9.109724
          ],
          [
            99.253215,
            9.109688
          ],
          [
            99.252697,
            9.109666
          ],
          [
            99.251853,
            9.109691
          ],
          [
            99.250849,
            9.109829
          ],
          [
            99.250266,
            9.109909
          ],
          [
            99.250051,
            9.109939
          ],
          [
            99.249676,
            9.109979
          ],
          [
            99.248877,
            9.110089
          ],
          [
            99.24843,
            9.110192
          ],
          [
            99.248157,
            9.110268
          ],
          [
            99.247521,
            9.110433
          ],
          [
            99.247434,
            9.110456
          ],
          [
            99.247007,
            9.110576
          ],
          [
            99.246883,
            9.110614
          ],
          [
            99.246191,
            9.110782
          ],
          [
            99.245822,
            9.110872
          ],
          [
            99.245367,
            9.110917
          ],
          [
            99.245006,
            9.11093
          ],
          [
            99.244475,
            9.11087
          ],
          [
            99.241876,
            9.110621
          ],
          [
            99.241639,
            9.110601
          ],
          [
            99.240954,
            9.110641
          ],
          [
            99.240732,
            9.11068
          ],
          [
            99.240468,
            9.110746
          ],
          [
            99.238836,
            9.111229
          ],
          [
            99.237865,
            9.111521
          ],
          [
            99.237603,
            9.111589
          ],
          [
            99.237393,
            9.11161
          ],
          [
            99.237192,
            9.111603
          ],
          [
            99.237016,
            9.111587
          ],
          [
            99.236844,
            9.111552
          ],
          [
            99.236686,
            9.111496
          ],
          [
            99.236543,
            9.111444
          ],
          [
            99.236357,
            9.111337
          ],
          [
            99.236189,
            9.111209
          ],
          [
            99.236053,
            9.111087
          ],
          [
            99.235926,
            9.110932
          ],
          [
            99.235795,
            9.110735
          ],
          [
            99.235695,
            9.11059
          ],
          [
            99.234749,
            9.108928
          ],
          [
            99.234613,
            9.10872
          ],
          [
            99.23429,
            9.108273
          ],
          [
            99.233522,
            9.10745
          ],
          [
            99.233422,
            9.107348
          ],
          [
            99.233329,
            9.107442
          ],
          [
            99.232982,
            9.107791
          ],
          [
            99.232946,
            9.107829
          ],
          [
            99.232608,
            9.108175
          ],
          [
            99.231887,
            9.108912
          ],
          [
            99.231169,
            9.109658
          ],
          [
            99.230772,
            9.11007
          ],
          [
            99.229724,
            9.111154
          ],
          [
            99.229001,
            9.111862
          ],
          [
            99.228737,
            9.112059
          ],
          [
            99.228481,
            9.112231
          ],
          [
            99.228123,
            9.112449
          ],
          [
            99.227967,
            9.112523
          ],
          [
            99.227702,
            9.112648
          ],
          [
            99.227382,
            9.112759
          ],
          [
            99.226978,
            9.112856
          ],
          [
            99.225851,
            9.112929
          ],
          [
            99.221767,
            9.113223
          ],
          [
            99.22139,
            9.113263
          ],
          [
            99.221133,
            9.113296
          ],
          [
            99.220995,
            9.113329
          ],
          [
            99.220831,
            9.113382
          ],
          [
            99.220695,
            9.11343
          ],
          [
            99.220564,
            9.113486
          ],
          [
            99.220419,
            9.113565
          ],
          [
            99.220242,
            9.113684
          ],
          [
            99.220099,
            9.113804
          ],
          [
            99.219761,
            9.114143
          ],
          [
            99.219557,
            9.114286
          ],
          [
            99.219391,
            9.114377
          ],
          [
            99.219195,
            9.114461
          ],
          [
            99.218927,
            9.114531
          ],
          [
            99.21863,
            9.114566
          ],
          [
            99.218249,
            9.114567
          ],
          [
            99.217833,
            9.114536
          ],
          [
            99.217549,
            9.114479
          ],
          [
            99.21733,
            9.114415
          ],
          [
            99.21715,
            9.114344
          ],
          [
            99.216924,
            9.114242
          ],
          [
            99.21668,
            9.114088
          ],
          [
            99.216422,
            9.113901
          ],
          [
            99.214511,
            9.112266
          ],
          [
            99.214184,
            9.112012
          ],
          [
            99.213921,
            9.111809
          ],
          [
            99.213637,
            9.11163
          ],
          [
            99.2134,
            9.111502
          ],
          [
            99.21316,
            9.111386
          ],
          [
            99.212822,
            9.111257
          ],
          [
            99.212537,
            9.111175
          ],
          [
            99.212087,
            9.111084
          ],
          [
            99.211638,
            9.111031
          ],
          [
            99.211089,
            9.111028
          ],
          [
            99.20951,
            9.111137
          ],
          [
            99.209442,
            9.111141
          ],
          [
            99.208881,
            9.111183
          ],
          [
            99.208502,
            9.111211
          ],
          [
            99.207948,
            9.111252
          ],
          [
            99.207398,
            9.111293
          ],
          [
            99.206455,
            9.111366
          ],
          [
            99.205475,
            9.111441
          ],
          [
            99.205277,
            9.111461
          ],
          [
            99.204853,
            9.111502
          ],
          [
            99.204644,
            9.111523
          ],
          [
            99.20416,
            9.111571
          ],
          [
            99.203636,
            9.111609
          ],
          [
            99.202017,
            9.111728
          ],
          [
            99.198981,
            9.111897
          ],
          [
            99.198231,
            9.111961
          ],
          [
            99.196803,
            9.112059
          ],
          [
            99.1964,
            9.112086
          ],
          [
            99.192698,
            9.112373
          ],
          [
            99.192706,
            9.112184
          ],
          [
            99.192497,
            9.111286
          ],
          [
            99.192407,
            9.111036
          ],
          [
            99.192363,
            9.110974
          ],
          [
            99.192231,
            9.110549
          ],
          [
            99.192369,
            9.110461
          ],
          [
            99.192459,
            9.110391
          ],
          [
            99.192525,
            9.110356
          ],
          [
            99.192622,
            9.110333
          ],
          [
            99.192764,
            9.110298
          ],
          [
            99.19292,
            9.110243
          ]
        ]
      },
      "properties": {
        "feature_type": "leg",
        "leg": 4,
        "mode": "Grab",
        "icon": "🚗",
        "color": "#8b5cf6",
        "cost_thb": 160,
        "duration": "~20 min",
        "notes": "Grab taxi from bus station to Phunphin train station."
      }
    }
  ]
}