{"type":"FeatureCollection","features":[{"type":"Feature","geometry":{"type":"Point","coordinates":[100.4927,13.7516]},"properties":{"type":"start","name":"Start","order":0}},{"type":"Feature","geometry":{"type":"Point","coordinates":[100.4956176,13.7495389]},"properties":{"type":"stop","name":"วัดราชประดิษฐสถิตมหาสีมารามราชวรวิหาร"}},{"type":"Feature","geometry":{"type":"Point","coordinates":[100.4926905,13.7515102]},"properties":{"type":"stop","name":"วัดพระศรีรัตนศาสดาราม"}},{"type":"Feature","geometry":{"type":"Point","coordinates":[100.4907979,13.7547697]},"properties":{"type":"stop","name":"วัดมหาธาตุยุวราชรังสฤษฎิ์ราชวรมหาวิหาร"}},{"type":"Feature","geometry":{"type":"Point","coordinates":[100.4959948,13.7555613]},"properties":{"type":"stop","name":"วัดบุรณศิริมาตยาราม"}},{"type":"Feature","geometry":{"type":"Point","coordinates":[100.4915419,13.7595906]},"properties":{"type":"stop","name":"วัดบวรสถานสุทธาวาส"}},{"type":"Feature","geometry":{"type":"Point","coordinates":[100.4971839,13.7490605]},"properties":{"type":"stop","name":"วัดราชบพิธสถิตมหาสีมารามราชวรวิหาร"}},{"type":"Feature","geometry":{"type":"Point","coordinates":[100.4927818,13.7457914]},"properties":{"type":"stop","name":"วัดพระเชตุพนวิมลมังคลารามราชวรมหาวิหาร"}},{"type":"Feature","geometry":{"type":"Point","coordinates":[100.4884885,13.7438235]},"properties":{"type":"stop","name":"วัดอรุณ"}},{"type":"Feature","geometry":{"type":"Point","coordinates":[100.4857506,13.7462789]},"properties":{"type":"stop","name":"วัดเครือวัลย์วรวิหาร"}},{"type":"Feature","geometry":{"type":"Point","coordinates":[100.4831923,13.7476257]},"properties":{"type":"stop","name":"วัดพระยาทําวรวิหาร"}},{"type":"Feature","geometry":{"type":"Point","coordinates":[100.5009642,13.7501169]},"properties":{"type":"stop","name":"วัดสุทัศนเทพวรารามราชวรมหาวิหาร"}},{"type":"Feature","geometry":{"type":"Point","coordinates":[100.4986399,13.746229]},"properties":{"type":"stop","name":"วัดทิพยวารีวิหาร"}},{"type":"Feature","geometry":{"type":"Point","coordinates":[100.4912748,13.740062]},"properties":{"type":"stop","name":"วัดกัลยาณมิตรวรมหาวิหาร"}},{"type":"Feature","geometry":{"type":"Point","coordinates":[100.4993781,13.7547351]},"properties":{"type":"stop","name":"วัดมหรรณพารามวรวิหาร"}},{"type":"Feature","geometry":{"type":"Point","coordinates":[100.5039659,13.753545]},"properties":{"type":"stop","name":"วัดเทพธิดารามวรวิหาร"}},{"type":"Feature","geometry":{"type":"Point","coordinates":[100.5059344,13.7477399]},"properties":{"type":"stop","name":"วัดพระพิเรนทร์"}},{"type":"Feature","geometry":{"type":"Point","coordinates":[100.5095831,13.7494443]},"properties":{"type":"stop","name":"วัดเทวีวรญาติ"}},{"type":"Feature","geometry":{"type":"Point","coordinates":[100.4950778,13.7608303]},"properties":{"type":"stop","name":"วัดชนะสงคราม"}},{"type":"Feature","geometry":{"type":"Point","coordinates":[100.5006136,13.7597546]},"properties":{"type":"stop","name":"วัดบวรนิเวศราชวรวิหาร"}},{"type":"Feature","geometry":{"type":"Point","coordinates":[100.5031447,13.7621183]},"properties":{"type":"stop","name":"วัดตรีทศเทพวรวิหาร"}},{"type":"Feature","geometry":{"type":"Point","coordinates":[100.5016125,13.7644721]},"properties":{"type":"stop","name":"วัดใหม่อมตรส"}},{"type":"Feature","geometry":{"type":"Point","coordinates":[100.5010739,13.7662594]},"properties":{"type":"stop","name":"วัดเอี่ยมวรนุช"}},{"type":"Feature","geometry":{"type":"Point","coordinates":[100.5029939,13.7668168]},"properties":{"type":"stop","name":"วัดอินทรวิหาร"}},{"type":"Feature","geometry":{"type":"Point","coordinates":[100.4992556,13.7421436]},"properties":{"type":"stop","name":"วัดราชบุรณราชวรวิหาร"}},{"type":"Feature","geometry":{"type":"Point","coordinates":[100.5018288,13.7415939]},"properties":{"type":"stop","name":"วัดบพิตรพิมุขวรวิหาร"}},{"type":"Feature","geometry":{"type":"Point","coordinates":[100.5056345,13.7444639]},"properties":{"type":"stop","name":"วัดชัยชนะสงคราม"}},{"type":"Feature","geometry":{"type":"Point","coordinates":[100.5068342,13.7414447]},"properties":{"type":"stop","name":"วัดโลกานุเคราะห์"}},{"type":"Feature","geometry":{"type":"Point","coordinates":[100.5082146,13.7423582]},"properties":{"type":"stop","name":"วัดกันมาตุยาราม"}},{"type":"Feature","geometry":{"type":"Point","coordinates":[100.5076415,13.7420275]},"properties":{"type":"stop","name":"วัดบำเพ็ญจีนพรต"}},{"type":"Feature","geometry":{"type":"Point","coordinates":[100.485561,13.7525853]},"properties":{"type":"stop","name":"วัดระฆังโฆสิตารามวรมหาวิหาร"}},{"type":"Feature","geometry":{"type":"Point","coordinates":[100.5056632,13.7583469]},"properties":{"type":"stop","name":"วัดปรินายกวรวิหาร"}},{"type":"Feature","geometry":{"type":"Point","coordinates":[100.5042531,13.7548368]},"properties":{"type":"stop","name":"วัดราชนัดดารามวรวิหาร"}},{"type":"Feature","geometry":{"type":"Point","coordinates":[100.4955108,13.7367128]},"properties":{"type":"stop","name":"วัดประยุรวงศาวาสวรวิหาร"}},{"type":"Feature","geometry":{"type":"Point","coordinates":[100.4922509,13.7353667]},"properties":{"type":"stop","name":"วัดบุปผารามวรวิหาร"}},{"type":"Feature","geometry":{"type":"Point","coordinates":[100.4891378,13.7323661]},"properties":{"type":"stop","name":"วัดบางไส้ไก่"}},{"type":"Feature","geometry":{"type":"Point","coordinates":[100.4970166,13.73282]},"properties":{"type":"stop","name":"วัดพิชยญาติการามวรวิหาร"}},{"type":"Feature","geometry":{"type":"Point","coordinates":[100.4908324,13.7288542]},"properties":{"type":"stop","name":"วัดหิรัญรูจีวรวิหาร"}},{"type":"Feature","geometry":{"type":"Point","coordinates":[100.4990287,13.7659198]},"properties":{"type":"stop","name":"วัดสามพระยาวรวิหาร"}},{"type":"Feature","geometry":{"type":"Point","coordinates":[100.4974247,13.7643585]},"properties":{"type":"stop","name":"วัดสังเวชวิศยาราม"}},{"type":"Feature","geometry":{"type":"Point","coordinates":[100.513902,13.7470084]},"properties":{"type":"stop","name":"วัดเทพศิรินทราวาสราชวรวิหาร"}},{"type":"Feature","geometry":{"type":"Point","coordinates":[100.5101086,13.7444246]},"properties":{"type":"stop","name":"วัดคณิกาผล"}},{"type":"Feature","geometry":{"type":"Point","coordinates":[100.4895412,13.7410639]},"properties":{"type":"stop","name":"วัดโมลีโลกยารามราชวรวิหาร"}},{"type":"Feature","geometry":{"type":"Point","coordinates":[100.4877532,13.7395554]},"properties":{"type":"stop","name":"วัดหงส์รัตนารามราชวรวิหาร"}},{"type":"Feature","geometry":{"type":"Point","coordinates":[100.4875453,13.7635852]},"properties":{"type":"stop","name":"วัดดุสิดารามวรวิหาร"}},{"type":"Feature","geometry":{"type":"Point","coordinates":[100.4835596,13.759175]},"properties":{"type":"stop","name":"วัดอมรินทรารามวรวิหาร"}},{"type":"Feature","geometry":{"type":"LineString","coordinates":[[100.492674,13.752458],[100.49278,13.752461],[100.493404,13.752464],[100.493415,13.752464],[100.493551,13.752466],[100.493566,13.752369],[100.493585,13.752245],[100.493595,13.752179],[100.49365,13.751819],[100.49366,13.751752],[100.493697,13.751494],[100.493751,13.751154],[100.493755,13.751126],[100.493771,13.751022],[100.493793,13.750871],[100.493798,13.750841],[100.493964,13.749745],[100.494063,13.749758],[100.494311,13.749776],[100.494439,13.749786],[100.494913,13.749821],[100.495103,13.749835],[100.495186,13.749841],[100.495517,13.749856],[100.495603,13.74986],[100.495804,13.749869],[100.496079,13.749881],[100.496124,13.749883],[100.496124,13.749708],[100.49612,13.749503],[100.496124,13.748878],[100.496117,13.748339],[100.496108,13.747407],[100.496107,13.747306],[100.49598,13.747312],[100.494622,13.74738],[100.494569,13.747383],[100.494544,13.747386],[100.494466,13.747398],[100.494355,13.747429],[100.494345,13.747402],[100.494326,13.74738],[100.494301,13.747366],[100.494272,13.74736],[100.494245,13.747364],[100.49422,13.747376],[100.4942,13.747395],[100.494188,13.747419],[100.494185,13.747439],[100.494184,13.747445],[100.494189,13.747472],[100.494202,13.747495],[100.494222,13.747514],[100.494247,13.747525],[100.494274,13.747528],[100.494264,13.747772],[100.494261,13.74779],[100.494068,13.74906],[100.493964,13.749745],[100.493798,13.750841],[100.493793,13.750871],[100.493771,13.751022],[100.493755,13.751126],[100.493751,13.751154],[100.493697,13.751494],[100.49366,13.751752],[100.49365,13.751819],[100.493595,13.752179],[100.493585,13.752245],[100.493566,13.752369],[100.493551,13.752466],[100.493415,13.752464],[100.493404,13.752464],[100.49278,13.752461],[100.492663,13.752458],[100.492567,13.752455],[100.492378,13.75245],[100.492198,13.752446],[100.491617,13.752433],[100.49139,13.752428],[100.491255,13.752425],[100.491288,13.752537],[100.491323,13.752651],[100.491571,13.753446],[100.491618,13.753611],[100.491802,13.754293],[100.491857,13.754493],[100.491802,13.754293],[100.491618,13.753611],[100.491571,13.753446],[100.49159,13.753301],[100.491683,13.753061],[100.491818,13.752863],[100.491937,13.752733],[100.492061,13.752643],[100.492241,13.752518],[100.492378,13.75245],[100.492567,13.752455],[100.49278,13.752461],[100.492976,13.752539],[100.49316,13.752641],[100.493282,13.752742],[100.493349,13.752798],[100.493466,13.752932],[100.493581,13.753104],[100.493596,13.75316],[100.493641,13.753321],[100.493875,13.754169],[100.493927,13.754356],[100.494077,13.754887],[100.494097,13.754958],[100.494205,13.755346],[100.494291,13.755652],[100.494351,13.755869],[100.494388,13.756004],[100.494493,13.756369],[100.494535,13.756687],[100.494663,13.757022],[100.494673,13.757047],[100.49471,13.757124],[100.494781,13.75722],[100.494908,13.757341],[100.495039,13.75744],[100.495154,13.757514],[100.495241,13.757561],[100.495651,13.757796],[100.495847,13.757895],[100.495986,13.757913],[100.49605,13.757922],[100.496187,13.757928],[100.496308,13.757919],[100.496436,13.757899],[100.49725,13.757737],[100.498206,13.757551],[100.498714,13.757449],[100.498672,13.757235],[100.498151,13.757338],[100.49721,13.757531],[100.497188,13.757393],[100.497186,13.757385],[100.497136,13.757053],[100.497129,13.756348],[100.497131,13.756126],[100.497122,13.756065],[100.497123,13.756058],[100.497125,13.755984],[100.497126,13.755976],[100.497141,13.755936],[100.496356,13.756138],[100.496316,13.756132],[100.496284,13.756106],[100.496278,13.756054],[100.496349,13.755615],[100.496278,13.756054],[100.496284,13.756106],[100.496316,13.756132],[100.496356,13.756138],[100.497141,13.755936],[100.497126,13.755976],[100.497125,13.755984],[100.497123,13.756058],[100.497122,13.756065],[100.497131,13.756126],[100.497129,13.756348],[100.497136,13.757053],[100.497186,13.757385],[100.497188,13.757393],[100.49721,13.757531],[100.496436,13.757682],[100.496312,13.757697],[100.496187,13.757702],[100.496106,13.757696],[100.496053,13.757691],[100.495935,13.757674],[100.495795,13.757632],[100.495583,13.757508],[100.495332,13.757359],[100.495273,13.757324],[100.495166,13.757254],[100.495059,13.757169],[100.494929,13.757058],[100.494893,13.757025],[100.494841,13.756972],[100.49471,13.757124],[100.494643,13.757198],[100.494442,13.757385],[100.494182,13.757665],[100.493949,13.757796],[100.493802,13.757848],[100.49361,13.757871],[100.493422,13.757864],[100.493387,13.75786],[100.493329,13.757847],[100.493238,13.757819],[100.493141,13.757775],[100.493057,13.757728],[100.492969,13.757664],[100.492916,13.757648],[100.492868,13.757647],[100.492836,13.75766],[100.492811,13.757684],[100.49279,13.75772],[100.492778,13.75777],[100.492768,13.75784],[100.492787,13.757913],[100.492812,13.757996],[100.492888,13.75825],[100.493019,13.758707],[100.493026,13.75873],[100.493036,13.758812],[100.493032,13.758865],[100.493017,13.758912],[100.492996,13.758953],[100.492966,13.758987],[100.492886,13.759075],[100.492531,13.759442],[100.492186,13.75979],[100.491931,13.760043],[100.491905,13.760016],[100.491895,13.760006],[100.49169,13.759776],[100.491696,13.759771]]},"properties":{"type":"route","walk_index":0,"n_stops":5,"total_km":5.29}},{"type":"Feature","geometry":{"type":"LineString","coordinates":[[100.4927,13.7516],[100.4926905,13.7515102],[100.49278,13.752461],[100.493404,13.752464],[100.493415,13.752464],[100.493551,13.752466],[100.493566,13.752369],[100.493585,13.752245],[100.493595,13.752179],[100.49365,13.751819],[100.49366,13.751752],[100.493697,13.751494],[100.493751,13.751154],[100.493755,13.751126],[100.493771,13.751022],[100.493868,13.751032],[100.493933,13.751039],[100.494172,13.751064],[100.494327,13.751079],[100.495001,13.751147],[100.495365,13.751186],[100.495995,13.751251],[100.496049,13.751257],[100.496097,13.751262],[100.49614,13.751266],[100.496327,13.751271],[100.496394,13.751278],[100.496403,13.751175],[100.496411,13.751079],[100.496428,13.750894],[100.49647,13.750418],[100.496509,13.749982],[100.496525,13.749801],[100.496527,13.749728],[100.496658,13.749724],[100.497113,13.74971],[100.497184,13.749706],[100.497218,13.749704],[100.497525,13.749689],[100.49758,13.749687],[100.497798,13.749676],[100.497862,13.74967],[100.4979,13.749651],[100.497929,13.749637],[100.497936,13.74963],[100.497947,13.749747],[100.498015,13.750259],[100.498019,13.750289],[100.498115,13.750925],[100.498165,13.751302],[100.498166,13.75131],[100.498168,13.751321],[100.498188,13.751472],[100.498016,13.751443],[100.497614,13.7514],[100.497581,13.751396],[100.497544,13.751392],[100.497462,13.751382],[100.49706,13.751344],[100.496569,13.751296],[100.496504,13.751289],[100.496394,13.751278],[100.496327,13.751271],[100.49614,13.751266],[100.496097,13.751262],[100.496049,13.751257],[100.495995,13.751251],[100.495365,13.751186],[100.495001,13.751147],[100.494327,13.751079],[100.494172,13.751064],[100.493933,13.751039],[100.493868,13.751032],[100.493771,13.751022],[100.493793,13.750871],[100.493798,13.750841],[100.493964,13.749745],[100.494063,13.749758],[100.494311,13.749776],[100.494439,13.749786],[100.494913,13.749821],[100.495103,13.749835],[100.495186,13.749841],[100.495517,13.749856],[100.495603,13.74986],[100.495804,13.749869],[100.496079,13.749881],[100.496124,13.749883],[100.496124,13.749708],[100.49612,13.749503],[100.496124,13.748878],[100.496117,13.748339],[100.496108,13.747407],[100.496107,13.747306],[100.496105,13.747218],[100.496087,13.745992],[100.496088,13.745604],[100.496088,13.745503],[100.496093,13.745427],[100.496114,13.745258],[100.496134,13.745127],[100.496136,13.745113],[100.496204,13.744633],[100.496212,13.744541],[100.496212,13.744447],[100.496194,13.744339],[100.49615,13.744244],[100.496084,13.744157],[100.495699,13.743763],[100.495511,13.743563],[100.495298,13.743339],[100.494865,13.742882],[100.494786,13.742866],[100.494715,13.74286],[100.494645,13.742867],[100.494568,13.742887],[100.494459,13.742926],[100.494353,13.742963],[100.494345,13.742967],[100.494316,13.742982],[100.493955,13.743159],[100.493773,13.743271],[100.493624,13.743393],[100.493551,13.743467],[100.493482,13.743532],[100.493237,13.743776],[100.493011,13.744037],[100.492825,13.744219],[100.492706,13.744352],[100.492505,13.744565],[100.492359,13.744722],[100.492313,13.744771],[100.491954,13.745151],[100.491925,13.745197],[100.491957,13.745214],[100.491977,13.745222],[100.491999,13.745231],[100.492796,13.745517],[100.492874,13.745545],[100.493149,13.745642],[100.493721,13.745847],[100.494239,13.746043],[100.494265,13.746053],[100.494345,13.746085],[100.494392,13.745765],[100.494413,13.745624],[100.494434,13.745478],[100.49462,13.745475],[100.49491,13.74547],[100.495186,13.745465],[100.495696,13.745451],[100.495821,13.745445],[100.495928,13.74544],[100.495994,13.745434],[100.496026,13.745432],[100.496093,13.745427],[100.496206,13.745416],[100.496387,13.745398],[100.496465,13.745389],[100.496609,13.745374],[100.497219,13.745311],[100.497328,13.745306],[100.497398,13.745305],[100.497509,13.745304],[100.497866,13.745288],[100.498021,13.745277],[100.498333,13.745254],[100.49866,13.745225],[100.49923,13.74517],[100.499344,13.74516],[100.49931,13.744981],[100.499281,13.744843],[100.499215,13.744535],[100.499207,13.744499],[100.499144,13.7442],[100.499074,13.743873],[100.499024,13.743645],[100.498972,13.743423],[100.498921,13.743224],[100.498834,13.742939],[100.498541,13.742077],[100.498528,13.741971],[100.498537,13.741871],[100.498571,13.741771],[100.498602,13.7417],[100.498638,13.741638],[100.49868,13.741536],[100.49869,13.741511],[100.498691,13.741404],[100.498681,13.741329],[100.498467,13.740705],[100.498414,13.740613],[100.49836,13.740549],[100.498311,13.740508],[100.498233,13.74047],[100.498183,13.740458],[100.498135,13.740452],[100.498089,13.740452],[100.49805,13.740446],[100.497997,13.740418],[100.497979,13.740391],[100.497918,13.740281],[100.497026,13.737712],[100.496943,13.737488],[100.496928,13.73744],[100.496932,13.737382],[100.496781,13.736724],[100.496715,13.736359],[100.496573,13.736058],[100.496462,13.735796],[100.496359,13.735534],[100.496151,13.734931],[100.496103,13.734792],[100.49589,13.734177],[100.495867,13.73411],[100.495825,13.733991],[100.495624,13.73341],[100.495527,13.733128],[100.495251,13.73233],[100.494991,13.731579],[100.494845,13.731159],[100.494752,13.730887],[100.494729,13.730803],[100.494586,13.730868],[100.49461,13.730966],[100.494693,13.731209],[100.494922,13.731883],[100.495107,13.732426],[100.495464,13.733447],[100.495662,13.73396],[100.495677,13.734],[100.495714,13.7341],[100.495756,13.734214],[100.495623,13.734203],[100.495456,13.734199],[100.495312,13.734196],[100.495248,13.734195],[100.495168,13.734194],[100.495087,13.734217],[100.494857,13.734283],[100.494596,13.734383],[100.494446,13.734456],[100.494317,13.73457],[100.494266,13.734649],[100.494231,13.734716],[100.494178,13.734836],[100.494086,13.735156],[100.494065,13.735258],[100.494047,13.735354],[100.493991,13.735521],[100.493961,13.735589],[100.493905,13.735691],[100.493773,13.735935],[100.493642,13.736075],[100.49352,13.736184],[100.493228,13.736409],[100.493149,13.736474],[100.49308,13.736489],[100.493072,13.736491],[100.493016,13.736531],[100.492984,13.736555],[100.492977,13.73656],[100.492839,13.736668],[100.492812,13.736728],[100.492557,13.736945],[100.492146,13.737228],[100.491888,13.737409],[100.491694,13.737559],[100.491461,13.737723],[100.491431,13.737744],[100.490981,13.738073],[100.490676,13.738298],[100.490585,13.738362],[100.490449,13.738466],[100.490325,13.738563],[100.490212,13.738683],[100.489656,13.739365],[100.489113,13.74004],[100.488514,13.740787],[100.488098,13.741328],[100.48803,13.741416],[100.487962,13.741521],[100.487588,13.742121],[100.487537,13.7422],[100.487636,13.742257],[100.487757,13.742327],[100.487835,13.74237],[100.487883,13.742403],[100.48791,13.742457],[100.487904,13.742529],[100.487787,13.74275],[100.487486,13.743349],[100.48765,13.743404],[100.487991,13.743518],[100.488284,13.74362],[100.488512,13.743699],[100.488498,13.743739],[100.488473,13.743808],[100.48847,13.743818],[100.488473,13.743808],[100.488498,13.743739],[100.488512,13.743699],[100.488284,13.74362],[100.487991,13.743518],[100.48765,13.743404],[100.487486,13.743349],[100.487382,13.743561],[100.48727,13.743505],[100.487205,13.743474],[100.487014,13.743385],[100.486946,13.74335],[100.486851,13.743304],[100.486652,13.743654],[100.486394,13.74407],[100.486318,13.744195],[100.486246,13.744312],[100.485988,13.744712],[100.485977,13.74473],[100.485806,13.744994],[100.485722,13.74512],[100.485642,13.745242],[100.485456,13.745553],[100.485425,13.745608],[100.485501,13.745652],[100.485835,13.745847],[100.485852,13.745873],[100.485861,13.745926],[100.485887,13.745955],[100.486121,13.746095],[100.486136,13.746115],[100.48615,13.746188],[100.48614,13.74622],[100.485976,13.746438],[100.48614,13.74622],[100.48615,13.746188],[100.486136,13.746115],[100.486121,13.746095],[100.485887,13.745955],[100.485861,13.745926],[100.485852,13.745873],[100.485835,13.745847],[100.485501,13.745652],[100.485425,13.745608],[100.485124,13.746144],[100.485054,13.746269],[100.484852,13.746625],[100.484844,13.74664],[100.484824,13.746679],[100.484744,13.746831],[100.484686,13.746944],[100.484622,13.747088],[100.484536,13.747296],[100.484204,13.748219],[100.483972,13.748129],[100.483798,13.748072],[100.483708,13.748044],[100.483458,13.747944],[100.483478,13.747837],[100.483283,13.747749]]},"properties":{"type":"route","walk_index":1,"n_stops":7,"total_km":9.02}},{"type":"Feature","geometry":{"type":"LineString","coordinates":[[100.4927,13.7516],[100.4926905,13.7515102],[100.49278,13.752461],[100.493404,13.752464],[100.493415,13.752464],[100.493551,13.752466],[100.493566,13.752369],[100.493585,13.752245],[100.493595,13.752179],[100.49365,13.751819],[100.49366,13.751752],[100.493697,13.751494],[100.493751,13.751154],[100.493755,13.751126],[100.493771,13.751022],[100.493793,13.750871],[100.493798,13.750841],[100.493964,13.749745],[100.494063,13.749758],[100.494311,13.749776],[100.494439,13.749786],[100.494913,13.749821],[100.495103,13.749835],[100.495186,13.749841],[100.495517,13.749856],[100.495603,13.74986],[100.495804,13.749869],[100.496079,13.749881],[100.496124,13.749883],[100.496124,13.749708],[100.49612,13.749503],[100.496124,13.748878],[100.496117,13.748339],[100.496108,13.747407],[100.496107,13.747306],[100.496178,13.747302],[100.496365,13.747293],[100.496436,13.74729],[100.496443,13.747426],[100.496469,13.748257],[100.496472,13.748427],[100.496476,13.748514],[100.496522,13.749601],[100.496527,13.749728],[100.496658,13.749724],[100.497113,13.74971],[100.497184,13.749706],[100.497218,13.749704],[100.497525,13.749689],[100.49758,13.749687],[100.497798,13.749676],[100.497862,13.74967],[100.4979,13.749651],[100.497929,13.749637],[100.497936,13.74963],[100.498019,13.749614],[100.498041,13.749612],[100.498764,13.749575],[100.498903,13.749567],[100.499042,13.74956],[100.499205,13.749552],[100.500041,13.749508],[100.500073,13.749506],[100.50016,13.749502],[100.500136,13.749336],[100.500015,13.748528],[100.499981,13.748303],[100.49997,13.748225],[100.50006,13.748216],[100.501222,13.748091],[100.501283,13.748098],[100.501329,13.748226],[100.501354,13.748292],[100.501355,13.748301],[100.501363,13.748372],[100.501371,13.748432],[100.501429,13.748914],[100.501567,13.750048],[100.501642,13.750659],[100.501691,13.751059],[100.501743,13.751484],[100.501746,13.751513],[100.501743,13.751545],[100.501741,13.751553],[100.501736,13.751574],[100.501711,13.751652],[100.501517,13.75166],[100.501052,13.751694],[100.500969,13.751738],[100.500923,13.751778],[100.500888,13.751825],[100.50084,13.75194],[100.500909,13.751981],[100.500974,13.752008],[100.501088,13.752019],[100.501474,13.751968],[100.501602,13.751906],[100.50173,13.751851],[100.501786,13.75181],[100.50188,13.751741],[100.501946,13.75171],[100.501927,13.751467],[100.501884,13.751042],[100.501843,13.750641],[100.501822,13.750441],[100.501785,13.7501],[100.501736,13.749673],[100.501696,13.749332],[100.501651,13.748948],[100.501646,13.748894],[100.501641,13.748849],[100.501591,13.748306],[100.501589,13.748273],[100.501586,13.74825],[100.501557,13.748188],[100.501525,13.748152],[100.501492,13.748126],[100.501433,13.748099],[100.501373,13.74807],[100.501332,13.748045],[100.501292,13.748005],[100.501269,13.747974],[100.50125,13.747946],[100.501248,13.747932],[100.501187,13.747595],[100.501115,13.747202],[100.501105,13.747146],[100.501089,13.747057],[100.501063,13.746945],[100.50106,13.746931],[100.500997,13.746665],[100.500874,13.746167],[100.50081,13.745905],[100.500651,13.745345],[100.500552,13.7449],[100.500532,13.744838],[100.500223,13.744923],[100.500022,13.744978],[100.499517,13.745115],[100.499344,13.74516],[100.499362,13.74525],[100.499479,13.74585],[100.499166,13.745912],[100.498747,13.745993],[100.498604,13.746015],[100.49811,13.746093],[100.49751,13.746183],[100.497536,13.746386],[100.497575,13.746685],[100.497598,13.74687],[100.497619,13.747028],[100.497623,13.747063],[100.497625,13.747078],[100.497644,13.747229],[100.49747,13.747238],[100.497455,13.747238],[100.497416,13.74724],[100.497092,13.747257],[100.497057,13.747258],[100.497,13.747261],[100.496772,13.747273],[100.496572,13.747283],[100.496555,13.747283],[100.496436,13.74729],[100.496365,13.747293],[100.496178,13.747302],[100.496107,13.747306],[100.49598,13.747312],[100.494622,13.74738],[100.494569,13.747383],[100.494544,13.747386],[100.494466,13.747398],[100.494355,13.747429],[100.494345,13.747402],[100.494326,13.74738],[100.494301,13.747366],[100.494272,13.74736],[100.494245,13.747364],[100.49422,13.747376],[100.4942,13.747395],[100.494188,13.747419],[100.494185,13.747439],[100.494173,13.747452],[100.494139,13.747484],[100.494085,13.747527],[100.494035,13.747544],[100.493982,13.747566],[100.493968,13.747563],[100.492593,13.747152],[100.490981,13.746666],[100.491038,13.74658],[100.491096,13.746501],[100.491151,13.746423],[100.491201,13.746345],[100.491544,13.7458],[100.491638,13.745651],[100.491799,13.745397],[100.491925,13.745197],[100.491957,13.745214],[100.491977,13.745222],[100.491999,13.745231],[100.492796,13.745517],[100.492874,13.745545],[100.493149,13.745642],[100.493721,13.745847],[100.494239,13.746043],[100.494265,13.746053],[100.494345,13.746085],[100.494392,13.745765],[100.494413,13.745624],[100.494434,13.745478],[100.49462,13.745475],[100.49491,13.74547],[100.495186,13.745465],[100.495696,13.745451],[100.495821,13.745445],[100.495928,13.74544],[100.495994,13.745434],[100.496026,13.745432],[100.496093,13.745427],[100.496206,13.745416],[100.496387,13.745398],[100.496465,13.745389],[100.496609,13.745374],[100.497219,13.745311],[100.497328,13.745306],[100.497398,13.745305],[100.497509,13.745304],[100.497866,13.745288],[100.498021,13.745277],[100.498333,13.745254],[100.49866,13.745225],[100.49923,13.74517],[100.499344,13.74516],[100.49931,13.744981],[100.499281,13.744843],[100.499215,13.744535],[100.499207,13.744499],[100.499144,13.7442],[100.499074,13.743873],[100.499024,13.743645],[100.498972,13.743423],[100.498921,13.743224],[100.498834,13.742939],[100.498541,13.742077],[100.498528,13.741971],[100.498537,13.741871],[100.498571,13.741771],[100.498602,13.7417],[100.498638,13.741638],[100.49868,13.741536],[100.49869,13.741511],[100.498691,13.741404],[100.498681,13.741329],[100.498467,13.740705],[100.498414,13.740613],[100.49836,13.740549],[100.498311,13.740508],[100.498233,13.74047],[100.498183,13.740458],[100.498135,13.740452],[100.498089,13.740452],[100.49805,13.740446],[100.497997,13.740418],[100.497979,13.740391],[100.497918,13.740281],[100.497026,13.737712],[100.496943,13.737488],[100.496928,13.73744],[100.496932,13.737382],[100.496781,13.736724],[100.496715,13.736359],[100.496573,13.736058],[100.496462,13.735796],[100.496359,13.735534],[100.496151,13.734931],[100.496103,13.734792],[100.49589,13.734177],[100.495867,13.73411],[100.495825,13.733991],[100.495624,13.73341],[100.495527,13.733128],[100.495251,13.73233],[100.494991,13.731579],[100.494845,13.731159],[100.494752,13.730887],[100.494729,13.730803],[100.494586,13.730868],[100.49461,13.730966],[100.494693,13.731209],[100.494922,13.731883],[100.495107,13.732426],[100.495464,13.733447],[100.495662,13.73396],[100.495677,13.734],[100.495714,13.7341],[100.495756,13.734214],[100.495623,13.734203],[100.495456,13.734199],[100.495312,13.734196],[100.495248,13.734195],[100.495168,13.734194],[100.495087,13.734217],[100.494857,13.734283],[100.494596,13.734383],[100.494446,13.734456],[100.494317,13.73457],[100.494266,13.734649],[100.494231,13.734716],[100.494178,13.734836],[100.494086,13.735156],[100.494065,13.735258],[100.494047,13.735354],[100.493991,13.735521],[100.493961,13.735589],[100.493905,13.735691],[100.493773,13.735935],[100.493642,13.736075],[100.49352,13.736184],[100.493228,13.736409],[100.493149,13.736474],[100.49308,13.736489],[100.493072,13.736491],[100.493016,13.736531],[100.492984,13.736555],[100.492977,13.73656],[100.492839,13.736668],[100.492812,13.736728],[100.492557,13.736945],[100.492146,13.737228],[100.491888,13.737409],[100.491694,13.737559],[100.491461,13.737723],[100.491431,13.737744],[100.490981,13.738073],[100.49117,13.738321],[100.491209,13.738426],[100.491238,13.738559],[100.491242,13.738687],[100.491244,13.73877],[100.491572,13.739194],[100.491806,13.739498],[100.492128,13.739917],[100.49214,13.739932],[100.491972,13.740061],[100.491954,13.740074],[100.491939,13.740088],[100.491897,13.740115],[100.491633,13.740342],[100.491563,13.740398]]},"properties":{"type":"route","walk_index":2,"n_stops":7,"total_km":8.85}},{"type":"Feature","geometry":{"type":"LineString","coordinates":[[100.4927,13.7516],[100.4926905,13.7515102],[100.49278,13.752461],[100.493404,13.752464],[100.493415,13.752464],[100.493551,13.752466],[100.493566,13.752369],[100.493585,13.752245],[100.493595,13.752179],[100.49365,13.751819],[100.49366,13.751752],[100.493697,13.751494],[100.493751,13.751154],[100.493755,13.751126],[100.493771,13.751022],[100.493868,13.751032],[100.493933,13.751039],[100.494172,13.751064],[100.494327,13.751079],[100.495001,13.751147],[100.495365,13.751186],[100.495995,13.751251],[100.496049,13.751257],[100.496097,13.751262],[100.49614,13.751266],[100.496327,13.751271],[100.496394,13.751278],[100.496403,13.751175],[100.496411,13.751079],[100.496428,13.750894],[100.49647,13.750418],[100.496509,13.749982],[100.496525,13.749801],[100.496527,13.749728],[100.496658,13.749724],[100.497113,13.74971],[100.497184,13.749706],[100.497218,13.749704],[100.497525,13.749689],[100.49758,13.749687],[100.497798,13.749676],[100.497862,13.74967],[100.4979,13.749651],[100.497929,13.749637],[100.497936,13.74963],[100.498019,13.749614],[100.498041,13.749612],[100.498764,13.749575],[100.498903,13.749567],[100.499042,13.74956],[100.499205,13.749552],[100.500041,13.749508],[100.500073,13.749506],[100.50016,13.749502],[100.500136,13.749336],[100.500015,13.748528],[100.499981,13.748303],[100.49997,13.748225],[100.50006,13.748216],[100.501222,13.748091],[100.501283,13.748098],[100.501329,13.748226],[100.501354,13.748292],[100.501355,13.748301],[100.501363,13.748372],[100.501371,13.748432],[100.501429,13.748914],[100.501567,13.750048],[100.501642,13.750659],[100.501691,13.751059],[100.501743,13.751484],[100.501746,13.751513],[100.501743,13.751545],[100.501741,13.751553],[100.501736,13.751574],[100.501711,13.751652],[100.501517,13.75166],[100.501052,13.751694],[100.500969,13.751738],[100.500923,13.751778],[100.500888,13.751825],[100.50084,13.75194],[100.500909,13.751981],[100.500974,13.752008],[100.501088,13.752019],[100.501474,13.751968],[100.501602,13.751906],[100.50173,13.751851],[100.501786,13.75181],[100.50188,13.751741],[100.501946,13.75171],[100.501927,13.751467],[100.501884,13.751042],[100.501843,13.750641],[100.501822,13.750441],[100.501785,13.7501],[100.501736,13.749673],[100.501696,13.749332],[100.501651,13.748948],[100.501646,13.748894],[100.501641,13.748849],[100.501591,13.748306],[100.501589,13.748273],[100.501586,13.74825],[100.501557,13.748188],[100.501525,13.748152],[100.501492,13.748126],[100.501433,13.748099],[100.501373,13.74807],[100.501332,13.748045],[100.501292,13.748005],[100.501269,13.747974],[100.50125,13.747946],[100.501248,13.747932],[100.501187,13.747595],[100.501115,13.747202],[100.501105,13.747146],[100.501089,13.747057],[100.501063,13.746945],[100.50106,13.746931],[100.500997,13.746665],[100.500874,13.746167],[100.50081,13.745905],[100.500651,13.745345],[100.500552,13.7449],[100.500532,13.744838],[100.500223,13.744923],[100.500022,13.744978],[100.499517,13.745115],[100.499344,13.74516],[100.499362,13.74525],[100.499479,13.74585],[100.499166,13.745912],[100.498747,13.745993],[100.498604,13.746015],[100.49811,13.746093],[100.49751,13.746183],[100.497536,13.746386],[100.497575,13.746685],[100.497598,13.74687],[100.497619,13.747028],[100.497623,13.747063],[100.497625,13.747078],[100.497644,13.747229],[100.49747,13.747238],[100.497455,13.747238],[100.497416,13.74724],[100.497092,13.747257],[100.497057,13.747258],[100.497,13.747261],[100.496772,13.747273],[100.496572,13.747283],[100.496555,13.747283],[100.496436,13.74729],[100.496365,13.747293],[100.496178,13.747302],[100.496107,13.747306],[100.49598,13.747312],[100.494622,13.74738],[100.494569,13.747383],[100.494544,13.747386],[100.494466,13.747398],[100.494355,13.747429],[100.494345,13.747402],[100.494326,13.74738],[100.494301,13.747366],[100.494272,13.74736],[100.494245,13.747364],[100.49422,13.747376],[100.4942,13.747395],[100.494188,13.747419],[100.494185,13.747439],[100.494184,13.747445],[100.494189,13.747472],[100.494202,13.747495],[100.494222,13.747514],[100.494247,13.747525],[100.494274,13.747528],[100.494264,13.747772],[100.494261,13.74779],[100.494068,13.74906],[100.493964,13.749745],[100.494063,13.749758],[100.494311,13.749776],[100.494439,13.749786],[100.494913,13.749821],[100.495103,13.749835],[100.495186,13.749841],[100.495517,13.749856],[100.495603,13.74986],[100.495804,13.749869],[100.496079,13.749881],[100.496124,13.749883],[100.496124,13.749708],[100.49612,13.749503],[100.496124,13.748878],[100.496117,13.748339],[100.496108,13.747407],[100.496107,13.747306],[100.496178,13.747302],[100.496365,13.747293],[100.496436,13.74729],[100.496443,13.747426],[100.496469,13.748257],[100.496472,13.748427],[100.496476,13.748514],[100.496522,13.749601],[100.496527,13.749728],[100.496525,13.749801],[100.496509,13.749982],[100.49647,13.750418],[100.496428,13.750894],[100.496411,13.751079],[100.496403,13.751175],[100.496394,13.751278],[100.496504,13.751289],[100.496569,13.751296],[100.49706,13.751344],[100.497462,13.751382],[100.497544,13.751392],[100.497581,13.751396],[100.497614,13.7514],[100.498016,13.751443],[100.498188,13.751472],[100.498214,13.751644],[100.498219,13.751674],[100.498229,13.751743],[100.498293,13.752201],[100.498327,13.752485],[100.498347,13.752612],[100.498358,13.752697],[100.49838,13.752871],[100.49841,13.753139],[100.498418,13.753202],[100.498431,13.7533],[100.498444,13.753405],[100.498478,13.753718],[100.49848,13.753732],[100.498492,13.753833],[100.498512,13.753987],[100.498525,13.754094],[100.498529,13.754123],[100.498583,13.754501],[100.498593,13.754571],[100.498603,13.754647],[100.498637,13.754888],[100.498684,13.754881],[100.498762,13.754868],[100.4988,13.754862],[100.49879,13.754881],[100.49879,13.75491],[100.498812,13.75509],[100.499051,13.755059],[100.499058,13.755058],[100.499345,13.755021],[100.499416,13.755012],[100.499345,13.755021],[100.499058,13.755058],[100.499051,13.755059],[100.498812,13.75509],[100.49879,13.75491],[100.49879,13.754881],[100.4988,13.754862],[100.498762,13.754868],[100.498684,13.754881],[100.498637,13.754888],[100.498603,13.754647],[100.498593,13.754571],[100.498583,13.754501],[100.498529,13.754123],[100.498525,13.754094],[100.498512,13.753987],[100.498492,13.753833],[100.498576,13.75382],[100.498607,13.753815],[100.498856,13.753777],[100.498872,13.753775],[100.498995,13.753756],[100.49906,13.753746],[100.499189,13.753726],[100.499209,13.753723],[100.499821,13.753628],[100.499939,13.75361],[100.500084,13.753588],[100.500295,13.753555],[100.500301,13.753554],[100.500495,13.753524],[100.500996,13.753447],[100.501041,13.75344],[100.50105,13.753439],[100.501147,13.753424],[100.50113,13.753328],[100.501121,13.753278],[100.501102,13.753176],[100.501088,13.753097],[100.501018,13.752671],[100.501003,13.752572],[100.500961,13.752319],[100.500951,13.752265],[100.500961,13.75217],[100.500981,13.752097],[100.50102,13.752052],[100.501088,13.752019],[100.501474,13.751968],[100.501695,13.751948],[100.501877,13.751934],[100.50192,13.751931],[100.501994,13.751925],[100.502077,13.751916],[100.502086,13.751917],[100.502094,13.751917],[100.502136,13.751921],[100.502424,13.751947],[100.502683,13.751972],[100.502718,13.751975],[100.503042,13.752003],[100.503137,13.752011],[100.503252,13.752021],[100.503324,13.752028],[100.503618,13.752057],[100.503669,13.752062],[100.503813,13.752075],[100.504407,13.75213],[100.504428,13.752132],[100.504522,13.752136],[100.50454,13.752209],[100.504559,13.752291],[100.504619,13.752539],[100.504639,13.75262],[100.504659,13.752699],[100.504587,13.752716],[100.504571,13.75272],[100.503966,13.752866],[100.503797,13.752906],[100.503803,13.75293],[100.503809,13.752953],[100.503821,13.753006],[100.503841,13.753089],[100.503854,13.753144],[100.503882,13.753261],[100.503886,13.753276],[100.503937,13.753494],[100.50395,13.753549],[100.503937,13.753494],[100.503886,13.753276],[100.503882,13.753261],[100.503854,13.753144],[100.503841,13.753089],[100.503821,13.753006],[100.503809,13.752953],[100.503803,13.75293],[100.503797,13.752906],[100.503763,13.752915],[100.503642,13.752944],[100.503353,13.753014],[100.503203,13.75305],[100.503176,13.753056],[100.503143,13.753064],[100.503097,13.753089],[100.50308,13.753098],[100.50306,13.753109],[100.502996,13.753142],[100.502402,13.753239],[100.502381,13.753242],[100.502289,13.753257],[100.502265,13.753261],[100.502188,13.753257],[100.502141,13.75291],[100.502138,13.752885],[100.502104,13.752637],[100.502055,13.752273],[100.502027,13.752064],[100.502012,13.752],[100.502009,13.751988],[100.502004,13.751969],[100.501994,13.751925],[100.501946,13.75171],[100.501927,13.751467],[100.501884,13.751042],[100.501843,13.750641],[100.501822,13.750441],[100.501785,13.7501],[100.501736,13.749673],[100.501696,13.749332],[100.501651,13.748948],[100.501646,13.748894],[100.501641,13.748849],[100.501591,13.748306],[100.501589,13.748273],[100.501586,13.74825],[100.501557,13.748188],[100.501525,13.748152],[100.501492,13.748126],[100.501433,13.748099],[100.501373,13.74807],[100.501332,13.748045],[100.501292,13.748005],[100.501269,13.747974],[100.50125,13.747946],[100.501248,13.747932],[100.501187,13.747595],[100.501115,13.747202],[100.501105,13.747146],[100.501089,13.747057],[100.50119,13.747052],[100.501207,13.747051],[100.502051,13.747009],[100.502116,13.747006],[100.502567,13.746983],[100.503043,13.746959],[100.503069,13.746957],[100.50317,13.746953],[100.503285,13.746927],[100.503327,13.746917],[100.503761,13.746818],[100.504002,13.746761],[100.504136,13.746732],[100.504176,13.746719],[100.504268,13.74668],[100.504385,13.746605],[100.505107,13.746054],[100.505144,13.746099],[100.505163,13.74611],[100.505322,13.746357],[100.505617,13.74691],[100.505869,13.747339],[100.506,13.747582],[100.505882,13.747639],[100.506,13.747582],[100.506215,13.747998],[100.506743,13.747731],[100.506849,13.747682],[100.50689,13.747778],[100.506925,13.747854],[100.50695,13.747909],[100.506982,13.747992],[100.507028,13.748087],[100.507087,13.748245],[100.507103,13.748287],[100.507339,13.748854],[100.507354,13.748891],[100.507496,13.749209],[100.507559,13.74935],[100.507643,13.749529],[100.5078,13.749875],[100.507863,13.750015],[100.50793,13.750163],[100.508002,13.750325],[100.508201,13.75077],[100.508224,13.750821],[100.508283,13.750953],[100.508476,13.751355],[100.508672,13.751758],[100.508737,13.751902],[100.508868,13.751869],[100.508934,13.751845],[100.509502,13.751645],[100.50924,13.750727],[100.50919,13.750293],[100.509171,13.750132],[100.509151,13.749957],[100.509134,13.749811],[100.509126,13.749748],[100.509111,13.749614],[100.509559,13.749397]]},"properties":{"type":"route","walk_index":3,"n_stops":9,"total_km":9.65}},{"type":"Feature","geometry":{"type":"LineString","coordinates":[[100.4927,13.7516],[100.4926905,13.7515102],[100.492567,13.752455],[100.492378,13.75245],[100.492198,13.752446],[100.491617,13.752433],[100.49139,13.752428],[100.491255,13.752425],[100.491288,13.752537],[100.491323,13.752651],[100.491571,13.753446],[100.491618,13.753611],[100.491802,13.754293],[100.491857,13.754493],[100.491918,13.754711],[100.492052,13.755193],[100.492081,13.755302],[100.492093,13.755348],[100.492125,13.755462],[100.492159,13.755582],[100.492225,13.75583],[100.492326,13.756175],[100.492525,13.756901],[100.492565,13.757051],[100.492585,13.757125],[100.492663,13.757481],[100.492768,13.75784],[100.492787,13.757913],[100.492812,13.757996],[100.492888,13.75825],[100.493019,13.758707],[100.493026,13.75873],[100.493036,13.758812],[100.493032,13.758865],[100.493017,13.758912],[100.492996,13.758953],[100.492966,13.758987],[100.492886,13.759075],[100.492531,13.759442],[100.492186,13.75979],[100.491931,13.760043],[100.491905,13.760016],[100.491895,13.760006],[100.49169,13.759776],[100.491696,13.759771],[100.49169,13.759776],[100.491895,13.760006],[100.491905,13.760016],[100.491931,13.760043],[100.49165,13.760339],[100.491607,13.760436],[100.491602,13.760491],[100.49164,13.76058],[100.491712,13.760664],[100.491796,13.760708],[100.491822,13.760732],[100.491915,13.760819],[100.491961,13.760861],[100.49212,13.760984],[100.492749,13.761473],[100.492889,13.761582],[100.49298,13.761648],[100.49353,13.762072],[100.493791,13.762277],[100.493934,13.762389],[100.494227,13.762625],[100.494476,13.762829],[100.494542,13.762883],[100.494626,13.762951],[100.494644,13.762966],[100.494788,13.763083],[100.494834,13.76312],[100.494899,13.763172],[100.494931,13.763198],[100.495148,13.763372],[100.495203,13.763416],[100.495224,13.763432],[100.495491,13.763645],[100.495585,13.763712],[100.495662,13.763736],[100.495747,13.763747],[100.495836,13.763741],[100.49595,13.763712],[100.495982,13.763693],[100.496032,13.763663],[100.496375,13.763431],[100.496445,13.763384],[100.496633,13.763257],[100.496673,13.76323],[100.496794,13.763149],[100.497201,13.762876],[100.497986,13.762356],[100.498118,13.762268],[100.498245,13.762183],[100.49814,13.762057],[100.497619,13.761582],[100.497394,13.761389],[100.497027,13.76106],[100.49656,13.76062],[100.496502,13.760569],[100.496134,13.760235],[100.496104,13.760208],[100.495881,13.760004],[100.495636,13.759746],[100.495605,13.759712],[100.495523,13.759622],[100.495465,13.759558],[100.495391,13.759468],[100.495236,13.759275],[100.495188,13.759198],[100.495112,13.759082],[100.495034,13.758921],[100.494976,13.758726],[100.494973,13.758714],[100.494961,13.758645],[100.494953,13.758497],[100.494974,13.758333],[100.495003,13.758246],[100.495045,13.758167],[100.4951,13.758101],[100.495171,13.758047],[100.495199,13.758031],[100.495275,13.757989],[100.495348,13.757963],[100.495433,13.75794],[100.495607,13.757913],[100.495847,13.757895],[100.495986,13.757913],[100.49605,13.757922],[100.496187,13.757928],[100.496308,13.757919],[100.496436,13.757899],[100.49725,13.757737],[100.498206,13.757551],[100.498714,13.757449],[100.498672,13.757235],[100.498151,13.757338],[100.49721,13.757531],[100.497188,13.757393],[100.497186,13.757385],[100.497136,13.757053],[100.497129,13.756348],[100.497131,13.756126],[100.497122,13.756065],[100.497123,13.756058],[100.497125,13.755984],[100.497126,13.755976],[100.497141,13.755936],[100.496356,13.756138],[100.496316,13.756132],[100.496284,13.756106],[100.496278,13.756054],[100.496349,13.755615],[100.496278,13.756054],[100.496284,13.756106],[100.496316,13.756132],[100.496356,13.756138],[100.497141,13.755936],[100.497126,13.755976],[100.497125,13.755984],[100.497123,13.756058],[100.497122,13.756065],[100.497131,13.756126],[100.497129,13.756348],[100.497136,13.757053],[100.498116,13.756871],[100.498823,13.756711],[100.498856,13.756703],[100.498891,13.756975],[100.498898,13.757026],[100.498918,13.757185],[100.498932,13.757296],[100.498946,13.757402],[100.498967,13.757568],[100.498972,13.757607],[100.499008,13.757887],[100.499034,13.758095],[100.499074,13.758404],[100.499138,13.758904],[100.499193,13.759337],[100.499202,13.759402],[100.499218,13.75953],[100.499217,13.759648],[100.499177,13.759754],[100.499093,13.759883],[100.499074,13.75987],[100.499016,13.759851],[100.498973,13.759855],[100.498938,13.759869],[100.498914,13.759888],[100.498905,13.759898],[100.49889,13.759922],[100.498879,13.759965],[100.49888,13.759996],[100.498751,13.760034],[100.497468,13.760771],[100.497078,13.761013],[100.497027,13.76106],[100.49656,13.76062],[100.496502,13.760569],[100.496134,13.760235],[100.496071,13.760311],[100.495775,13.760667],[100.495549,13.760947],[100.495278,13.760741],[100.495241,13.760787],[100.49518,13.760863],[100.495158,13.760891],[100.49518,13.760863],[100.495241,13.760787],[100.495278,13.760741],[100.495033,13.760561],[100.494983,13.760531],[100.49502,13.760455],[100.495437,13.759958],[100.495544,13.75984],[100.495636,13.759746],[100.495605,13.759712],[100.496048,13.759498],[100.496092,13.759476],[100.496161,13.759443],[100.496414,13.759321],[100.496849,13.759111],[100.497034,13.759021],[100.497063,13.759007],[100.497245,13.758919],[100.497347,13.75887],[100.497431,13.758829],[100.497558,13.758767],[100.497592,13.758752],[100.497952,13.758578],[100.497996,13.758556],[100.498128,13.758492],[100.498858,13.758155],[100.499007,13.758105],[100.499034,13.758095],[100.499074,13.758404],[100.499138,13.758904],[100.499193,13.759337],[100.499202,13.759402],[100.499218,13.75953],[100.499217,13.759648],[100.499177,13.759754],[100.499093,13.759883],[100.499074,13.75987],[100.499016,13.759851],[100.498973,13.759855],[100.498938,13.759869],[100.498914,13.759888],[100.498905,13.759898],[100.49889,13.759922],[100.498879,13.759965],[100.49888,13.759996],[100.498898,13.760039],[100.498945,13.760142],[100.499178,13.760489],[100.499442,13.760882],[100.499678,13.761234],[100.499762,13.761181],[100.49986,13.761122],[100.499998,13.761033],[100.500523,13.760687],[100.501308,13.760175],[100.501506,13.760047],[100.501459,13.759979],[100.501402,13.75989],[100.501331,13.759778],[100.501051,13.759361],[100.500905,13.759104],[100.500866,13.759036],[100.50058,13.759187],[100.500866,13.759036],[100.500905,13.759104],[100.501051,13.759361],[100.501331,13.759778],[100.501402,13.75989],[100.501459,13.759979],[100.501506,13.760047],[100.502031,13.759704],[100.502434,13.759439],[100.502484,13.759405],[100.502513,13.759454],[100.50258,13.759569],[100.502862,13.760029],[100.503028,13.760286],[100.503186,13.760543],[100.503321,13.760757],[100.503353,13.76081],[100.503536,13.761134],[100.503653,13.761337],[100.503803,13.7616],[100.503714,13.761662],[100.50368,13.761688],[100.503621,13.761733],[100.503348,13.761946],[100.503143,13.762115],[100.503092,13.762157],[100.502821,13.762381],[100.502557,13.762596],[100.502523,13.762624],[100.502464,13.762554],[100.502343,13.762415],[100.501794,13.762714],[100.501617,13.762805],[100.501865,13.763266],[100.502041,13.76358],[100.502549,13.764678],[100.502435,13.764681],[100.502362,13.764687],[100.502318,13.764699],[100.50223,13.764748],[100.501974,13.764934],[100.501867,13.764748],[100.501863,13.764734],[100.501629,13.764823],[100.501605,13.764824],[100.501584,13.76481],[100.501526,13.764682],[100.501464,13.764515],[100.501469,13.764478],[100.501491,13.764461],[100.501581,13.764414],[100.501491,13.764461],[100.501469,13.764478],[100.501464,13.764515],[100.501526,13.764682],[100.50123,13.764823],[100.501072,13.764898],[100.500818,13.765025],[100.501113,13.765567],[100.50101,13.765655],[100.501029,13.765669],[100.501199,13.766062],[100.501199,13.766062],[100.501199,13.766062],[100.501029,13.765669],[100.50101,13.765655],[100.500983,13.765654],[100.500452,13.765871],[100.500553,13.766029],[100.500566,13.766049],[100.500589,13.766086],[100.500674,13.766223],[100.50073,13.766313],[100.500956,13.766693],[100.500967,13.766711],[100.501059,13.766852],[100.501101,13.766912],[100.501141,13.766956],[100.501293,13.766867],[100.501311,13.766856],[100.50133,13.766844],[100.501765,13.766546],[100.501888,13.766467],[100.502164,13.766294],[100.502224,13.766249],[100.502292,13.766185],[100.502321,13.766284],[100.502385,13.766505],[100.502402,13.766565],[100.502481,13.766838],[100.502755,13.766767],[100.50277,13.766759],[100.502786,13.766745]]},"properties":{"type":"route","walk_index":4,"n_stops":10,"total_km":8.47}},{"type":"Feature","geometry":{"type":"LineString","coordinates":[[100.492674,13.752458],[100.492567,13.752455],[100.492378,13.75245],[100.492198,13.752446],[100.491617,13.752433],[100.49139,13.752428],[100.491255,13.752425],[100.491288,13.752537],[100.491323,13.752651],[100.491571,13.753446],[100.491618,13.753611],[100.491802,13.754293],[100.491857,13.754493],[100.491918,13.754711],[100.492052,13.755193],[100.492081,13.755302],[100.492093,13.755348],[100.492125,13.755462],[100.492159,13.755582],[100.492225,13.75583],[100.492326,13.756175],[100.492525,13.756901],[100.492565,13.757051],[100.492585,13.757125],[100.492663,13.757481],[100.492768,13.75784],[100.492787,13.757913],[100.492812,13.757996],[100.492888,13.75825],[100.493019,13.758707],[100.493026,13.75873],[100.493036,13.758812],[100.493032,13.758865],[100.493017,13.758912],[100.492996,13.758953],[100.492966,13.758987],[100.492886,13.759075],[100.492531,13.759442],[100.492186,13.75979],[100.491931,13.760043],[100.491905,13.760016],[100.491895,13.760006],[100.49169,13.759776],[100.491696,13.759771],[100.49169,13.759776],[100.491895,13.760006],[100.491905,13.760016],[100.491931,13.760043],[100.49165,13.760339],[100.491607,13.760436],[100.491602,13.760491],[100.49164,13.76058],[100.491712,13.760664],[100.491796,13.760708],[100.491822,13.760732],[100.491915,13.760819],[100.491961,13.760861],[100.49212,13.760984],[100.492749,13.761473],[100.492889,13.761582],[100.49298,13.761648],[100.49353,13.762072],[100.493791,13.762277],[100.493934,13.762389],[100.494227,13.762625],[100.494476,13.762829],[100.494542,13.762883],[100.494626,13.762951],[100.494644,13.762966],[100.494788,13.763083],[100.494834,13.76312],[100.494899,13.763172],[100.494931,13.763198],[100.495148,13.763372],[100.495203,13.763416],[100.495224,13.763432],[100.495491,13.763645],[100.495585,13.763712],[100.495662,13.763736],[100.495747,13.763747],[100.495836,13.763741],[100.49595,13.763712],[100.495982,13.763693],[100.496032,13.763663],[100.496375,13.763431],[100.496445,13.763384],[100.496633,13.763257],[100.496673,13.76323],[100.496794,13.763149],[100.497201,13.762876],[100.497986,13.762356],[100.498118,13.762268],[100.498245,13.762183],[100.49814,13.762057],[100.497619,13.761582],[100.497394,13.761389],[100.497027,13.76106],[100.49656,13.76062],[100.496502,13.760569],[100.496134,13.760235],[100.496104,13.760208],[100.495881,13.760004],[100.495636,13.759746],[100.495605,13.759712],[100.495523,13.759622],[100.495465,13.759558],[100.495391,13.759468],[100.495236,13.759275],[100.495188,13.759198],[100.495112,13.759082],[100.495034,13.758921],[100.494976,13.758726],[100.494973,13.758714],[100.494961,13.758645],[100.494953,13.758497],[100.494974,13.758333],[100.495003,13.758246],[100.495045,13.758167],[100.4951,13.758101],[100.495171,13.758047],[100.495199,13.758031],[100.495275,13.757989],[100.495348,13.757963],[100.495433,13.75794],[100.495607,13.757913],[100.495847,13.757895],[100.495986,13.757913],[100.49605,13.757922],[100.496187,13.757928],[100.496308,13.757919],[100.496436,13.757899],[100.49725,13.757737],[100.498206,13.757551],[100.498714,13.757449],[100.498672,13.757235],[100.498151,13.757338],[100.49721,13.757531],[100.497188,13.757393],[100.497186,13.757385],[100.497136,13.757053],[100.497129,13.756348],[100.497131,13.756126],[100.497122,13.756065],[100.497123,13.756058],[100.497125,13.755984],[100.497126,13.755976],[100.497141,13.755936],[100.496356,13.756138],[100.496316,13.756132],[100.496284,13.756106],[100.496278,13.756054],[100.496349,13.755615],[100.496278,13.756054],[100.496284,13.756106],[100.496316,13.756132],[100.496356,13.756138],[100.497141,13.755936],[100.497126,13.755976],[100.497125,13.755984],[100.497123,13.756058],[100.497122,13.756065],[100.497131,13.756126],[100.497129,13.756348],[100.497136,13.757053],[100.497186,13.757385],[100.497188,13.757393],[100.49721,13.757531],[100.496436,13.757682],[100.496312,13.757697],[100.496187,13.757702],[100.496106,13.757696],[100.496053,13.757691],[100.495935,13.757674],[100.495795,13.757632],[100.495583,13.757508],[100.495332,13.757359],[100.495273,13.757324],[100.495166,13.757254],[100.495059,13.757169],[100.494929,13.757058],[100.494893,13.757025],[100.494841,13.756972],[100.494798,13.756918],[100.494727,13.756797],[100.494657,13.756659],[100.494493,13.756369],[100.494388,13.756004],[100.494351,13.755869],[100.494291,13.755652],[100.494205,13.755346],[100.494097,13.754958],[100.494077,13.754887],[100.493927,13.754356],[100.493875,13.754169],[100.493641,13.753321],[100.493596,13.75316],[100.493581,13.753104],[100.493537,13.752825],[100.493533,13.752685],[100.493533,13.752673],[100.493532,13.752652],[100.493551,13.752466],[100.493415,13.752464],[100.493404,13.752464],[100.49278,13.752461],[100.492663,13.752458],[100.49278,13.752461],[100.493404,13.752464],[100.493415,13.752464],[100.493551,13.752466],[100.493566,13.752369],[100.493585,13.752245],[100.493595,13.752179],[100.49365,13.751819],[100.49366,13.751752],[100.493697,13.751494],[100.493751,13.751154],[100.493755,13.751126],[100.493771,13.751022],[100.493793,13.750871],[100.493798,13.750841],[100.493964,13.749745],[100.494068,13.74906],[100.494261,13.74779],[100.494264,13.747772],[100.494274,13.747528],[100.494303,13.747521],[100.494328,13.747506],[100.494346,13.747484],[100.494355,13.747457],[100.494355,13.747429],[100.494345,13.747402],[100.494326,13.74738],[100.494301,13.747366],[100.494272,13.74736],[100.494245,13.747364],[100.49422,13.747376],[100.4942,13.747395],[100.494188,13.747419],[100.494185,13.747439],[100.494173,13.747452],[100.494139,13.747484],[100.494085,13.747527],[100.494035,13.747544],[100.493982,13.747566],[100.493968,13.747563],[100.492593,13.747152],[100.490981,13.746666],[100.491038,13.74658],[100.491096,13.746501],[100.491151,13.746423],[100.491201,13.746345],[100.491544,13.7458],[100.491638,13.745651],[100.491799,13.745397],[100.491925,13.745197],[100.491957,13.745214],[100.491977,13.745222],[100.491999,13.745231],[100.492796,13.745517],[100.492874,13.745545],[100.493149,13.745642],[100.493721,13.745847],[100.494239,13.746043],[100.494265,13.746053],[100.494345,13.746085],[100.494328,13.746197],[100.494201,13.747044],[100.494195,13.747087],[100.494245,13.747364],[100.49422,13.747376],[100.4942,13.747395],[100.494188,13.747419],[100.494185,13.747439],[100.494184,13.747445],[100.494189,13.747472],[100.494202,13.747495],[100.494222,13.747514],[100.494247,13.747525],[100.494274,13.747528],[100.494303,13.747521],[100.494328,13.747506],[100.494346,13.747484],[100.494355,13.747457],[100.494355,13.747429],[100.494466,13.747398],[100.494544,13.747386],[100.494569,13.747383],[100.494622,13.74738],[100.49598,13.747312],[100.496107,13.747306],[100.496178,13.747302],[100.496365,13.747293],[100.496436,13.74729],[100.496443,13.747426],[100.496469,13.748257],[100.496472,13.748427],[100.496476,13.748514],[100.496522,13.749601],[100.496527,13.749728],[100.496658,13.749724],[100.497113,13.74971],[100.497184,13.749706],[100.497218,13.749704],[100.497525,13.749689],[100.49758,13.749687],[100.497798,13.749676],[100.497862,13.74967],[100.4979,13.749651],[100.497929,13.749637],[100.497936,13.74963],[100.498019,13.749614],[100.498041,13.749612],[100.498764,13.749575],[100.498903,13.749567],[100.499042,13.74956],[100.499205,13.749552],[100.500041,13.749508],[100.500073,13.749506],[100.50016,13.749502],[100.500136,13.749336],[100.500015,13.748528],[100.499981,13.748303],[100.49997,13.748225],[100.50006,13.748216],[100.501222,13.748091],[100.501283,13.748098],[100.501329,13.748226],[100.501354,13.748292],[100.501355,13.748301],[100.501363,13.748372],[100.501371,13.748432],[100.501429,13.748914],[100.501567,13.750048],[100.501642,13.750659],[100.501691,13.751059],[100.501743,13.751484],[100.501746,13.751513],[100.501743,13.751545],[100.501741,13.751553],[100.501736,13.751574],[100.501711,13.751652],[100.501517,13.75166],[100.501052,13.751694],[100.500969,13.751738],[100.500923,13.751778],[100.500888,13.751825],[100.50084,13.75194],[100.500882,13.75204],[100.500899,13.752098],[100.500921,13.752179],[100.500951,13.752265],[100.500961,13.752319],[100.501003,13.752572],[100.501018,13.752671],[100.501088,13.753097],[100.501102,13.753176],[100.501121,13.753278],[100.50113,13.753328],[100.501147,13.753424],[100.50105,13.753439],[100.501041,13.75344],[100.500996,13.753447],[100.500495,13.753524],[100.500301,13.753554],[100.500295,13.753555],[100.500084,13.753588],[100.499939,13.75361],[100.499821,13.753628],[100.499209,13.753723],[100.499189,13.753726],[100.49906,13.753746],[100.498995,13.753756],[100.498872,13.753775],[100.498856,13.753777],[100.498607,13.753815],[100.498576,13.75382],[100.498492,13.753833],[100.498512,13.753987],[100.498525,13.754094],[100.498529,13.754123],[100.498583,13.754501],[100.498593,13.754571],[100.498603,13.754647],[100.498637,13.754888],[100.498684,13.754881],[100.498762,13.754868],[100.4988,13.754862],[100.49879,13.754881],[100.49879,13.75491],[100.498812,13.75509],[100.499051,13.755059],[100.499058,13.755058],[100.499345,13.755021],[100.499416,13.755012]]},"properties":{"type":"route","walk_index":5,"n_stops":8,"total_km":8.94}},{"type":"Feature","geometry":{"type":"LineString","coordinates":[[100.492674,13.752458],[100.492567,13.752455],[100.492378,13.75245],[100.492198,13.752446],[100.491617,13.752433],[100.49139,13.752428],[100.491255,13.752425],[100.491288,13.752537],[100.491323,13.752651],[100.491571,13.753446],[100.491618,13.753611],[100.491802,13.754293],[100.491857,13.754493],[100.491802,13.754293],[100.491618,13.753611],[100.491571,13.753446],[100.49159,13.753301],[100.491683,13.753061],[100.491818,13.752863],[100.491937,13.752733],[100.492061,13.752643],[100.492241,13.752518],[100.492378,13.75245],[100.492567,13.752455],[100.492663,13.752458],[100.49278,13.752461],[100.493404,13.752464],[100.493415,13.752464],[100.493551,13.752466],[100.493566,13.752369],[100.493585,13.752245],[100.493595,13.752179],[100.49365,13.751819],[100.49366,13.751752],[100.493697,13.751494],[100.493751,13.751154],[100.493755,13.751126],[100.493771,13.751022],[100.493868,13.751032],[100.493933,13.751039],[100.494172,13.751064],[100.494327,13.751079],[100.495001,13.751147],[100.495365,13.751186],[100.495995,13.751251],[100.496049,13.751257],[100.496097,13.751262],[100.49614,13.751266],[100.496327,13.751271],[100.496394,13.751278],[100.496403,13.751175],[100.496411,13.751079],[100.496428,13.750894],[100.49647,13.750418],[100.496509,13.749982],[100.496525,13.749801],[100.496527,13.749728],[100.496658,13.749724],[100.497113,13.74971],[100.497184,13.749706],[100.497218,13.749704],[100.497525,13.749689],[100.49758,13.749687],[100.497798,13.749676],[100.497862,13.74967],[100.4979,13.749651],[100.497929,13.749637],[100.497936,13.74963],[100.498019,13.749614],[100.498041,13.749612],[100.498764,13.749575],[100.498903,13.749567],[100.499042,13.74956],[100.499205,13.749552],[100.500041,13.749508],[100.500073,13.749506],[100.50016,13.749502],[100.500136,13.749336],[100.500015,13.748528],[100.499981,13.748303],[100.49997,13.748225],[100.499967,13.748204],[100.499952,13.748129],[100.499951,13.748124],[100.499947,13.748102],[100.499867,13.747732],[100.499811,13.747417],[100.499786,13.7473],[100.499781,13.747276],[100.49977,13.747226],[100.499748,13.747124],[100.499885,13.747117],[100.499904,13.747116],[100.500285,13.747097],[100.500386,13.747092],[100.50046,13.747088],[100.500918,13.747066],[100.500982,13.747062],[100.501089,13.747057],[100.501063,13.746945],[100.50106,13.746931],[100.500997,13.746665],[100.500874,13.746167],[100.50081,13.745905],[100.500651,13.745345],[100.500552,13.7449],[100.500532,13.744838],[100.500223,13.744923],[100.500022,13.744978],[100.499517,13.745115],[100.499344,13.74516],[100.499362,13.74525],[100.499479,13.74585],[100.499166,13.745912],[100.498747,13.745993],[100.498604,13.746015],[100.49811,13.746093],[100.49751,13.746183],[100.497536,13.746386],[100.497575,13.746685],[100.497598,13.74687],[100.497619,13.747028],[100.497623,13.747063],[100.497625,13.747078],[100.497644,13.747229],[100.49747,13.747238],[100.497455,13.747238],[100.497416,13.74724],[100.497092,13.747257],[100.497057,13.747258],[100.497,13.747261],[100.496772,13.747273],[100.496572,13.747283],[100.496555,13.747283],[100.496436,13.74729],[100.496432,13.747191],[100.496424,13.746975],[100.496413,13.746227],[100.496424,13.745955],[100.496432,13.745687],[100.496443,13.745594],[100.496454,13.745485],[100.496465,13.745389],[100.496609,13.745374],[100.497219,13.745311],[100.497328,13.745306],[100.497398,13.745305],[100.497509,13.745304],[100.497866,13.745288],[100.498021,13.745277],[100.498333,13.745254],[100.49866,13.745225],[100.49923,13.74517],[100.499344,13.74516],[100.49931,13.744981],[100.499281,13.744843],[100.499215,13.744535],[100.499207,13.744499],[100.499144,13.7442],[100.499074,13.743873],[100.499024,13.743645],[100.498972,13.743423],[100.498921,13.743224],[100.498834,13.742939],[100.498541,13.742077],[100.498528,13.741971],[100.498537,13.741871],[100.498571,13.741771],[100.498602,13.7417],[100.498638,13.741638],[100.498683,13.741591],[100.498716,13.741568],[100.498761,13.741543],[100.498806,13.741527],[100.498952,13.741481],[100.49907,13.741447],[100.499084,13.741503],[100.499105,13.741583],[100.499158,13.741723],[100.499194,13.741847],[100.499287,13.742135],[100.499194,13.741847],[100.499158,13.741723],[100.499105,13.741583],[100.499084,13.741503],[100.49907,13.741447],[100.499536,13.741292],[100.499737,13.741231],[100.499828,13.741221],[100.499893,13.741222],[100.49995,13.74123],[100.500052,13.741265],[100.500156,13.741334],[100.500289,13.741533],[100.500617,13.742036],[100.500728,13.742203],[100.500971,13.742566],[100.501351,13.743132],[100.501476,13.743313],[100.501492,13.743336],[100.501549,13.743428],[100.50172,13.743695],[100.501932,13.744006],[100.502185,13.744387],[100.502532,13.744874],[100.502647,13.745047],[100.502853,13.745715],[100.502962,13.746141],[100.502974,13.746189],[100.503063,13.746537],[100.503073,13.746573],[100.503133,13.74681],[100.503141,13.746842],[100.50317,13.746953],[100.503285,13.746927],[100.503327,13.746917],[100.503761,13.746818],[100.504002,13.746761],[100.504136,13.746732],[100.504176,13.746719],[100.504268,13.74668],[100.504385,13.746605],[100.505107,13.746054],[100.505215,13.745971],[100.505361,13.74586],[100.50553,13.745733],[100.505658,13.745638],[100.505538,13.745494],[100.504917,13.744742],[100.5048,13.744607],[100.504646,13.744424],[100.504541,13.744293],[100.504435,13.744162],[100.504304,13.743994],[100.504292,13.743979],[100.50376,13.743301],[100.503592,13.743073],[100.503569,13.743038],[100.503439,13.742842],[100.503259,13.742567],[100.503128,13.742362],[100.50287,13.741945],[100.502838,13.741884],[100.502823,13.741857],[100.502686,13.741679],[100.502585,13.741544],[100.502482,13.741418],[100.5024,13.741476],[100.502271,13.741531],[100.502169,13.741574],[100.502096,13.741603],[100.501949,13.741649],[100.501863,13.741681],[100.501949,13.741649],[100.502096,13.741603],[100.502169,13.741574],[100.502271,13.741531],[100.5024,13.741476],[100.502482,13.741418],[100.502394,13.741325],[100.502264,13.741206],[100.502153,13.741113],[100.501996,13.74102],[100.501793,13.740951],[100.501615,13.740917],[100.501375,13.740892],[100.501068,13.740887],[100.50096,13.740878],[100.50077,13.740968],[100.500737,13.740983],[100.500638,13.741033],[100.500615,13.741045],[100.500515,13.741085],[100.500491,13.741096],[100.500459,13.74111],[100.500353,13.741179],[100.500301,13.741245],[100.500271,13.74131],[100.500261,13.741359],[100.500289,13.741533],[100.500617,13.742036],[100.500728,13.742203],[100.500971,13.742566],[100.501351,13.743132],[100.501476,13.743313],[100.501492,13.743336],[100.501549,13.743428],[100.50172,13.743695],[100.501932,13.744006],[100.502185,13.744387],[100.502532,13.744874],[100.502647,13.745047],[100.502853,13.745715],[100.502962,13.746141],[100.502974,13.746189],[100.503063,13.746537],[100.503073,13.746573],[100.503133,13.74681],[100.503141,13.746842],[100.50317,13.746953],[100.503285,13.746927],[100.503327,13.746917],[100.503761,13.746818],[100.504002,13.746761],[100.504136,13.746732],[100.504176,13.746719],[100.504268,13.74668],[100.504385,13.746605],[100.505107,13.746054],[100.505215,13.745971],[100.505361,13.74586],[100.50553,13.745733],[100.505658,13.745638],[100.505816,13.745522],[100.505951,13.745424],[100.506476,13.744997],[100.50666,13.744847],[100.506769,13.744763],[100.506241,13.744075],[100.506096,13.744175],[100.506064,13.744192],[100.506034,13.744195],[100.506,13.744178],[100.505947,13.744183],[100.505883,13.744214],[100.505604,13.744382],[100.50562,13.744427],[100.505643,13.744458],[100.50562,13.744427],[100.505604,13.744382],[100.505883,13.744214],[100.505947,13.744183],[100.506,13.744178],[100.506034,13.744195],[100.506064,13.744192],[100.506096,13.744175],[100.506241,13.744075],[100.506891,13.743601],[100.507452,13.744222],[100.507896,13.743872],[100.508018,13.743775],[100.50816,13.743663],[100.508363,13.743503],[100.50863,13.743292],[100.508881,13.743087],[100.508545,13.742493],[100.508324,13.74216],[100.507864,13.741507],[100.507528,13.741777],[100.507369,13.741927],[100.507245,13.742053],[100.507181,13.742123],[100.507028,13.741968],[100.507004,13.741891],[100.50676,13.741629],[100.50676,13.741629],[100.506579,13.741784],[100.506642,13.741874],[100.50682,13.742142],[100.50697,13.742361],[100.507087,13.742518],[100.507248,13.742737],[100.507533,13.743121],[100.50792,13.743643],[100.508018,13.743775],[100.50816,13.743663],[100.508363,13.743503],[100.50863,13.743292],[100.508143,13.742585],[100.508057,13.74246],[100.508143,13.742585],[100.50863,13.743292],[100.508881,13.743087],[100.508545,13.742493],[100.508324,13.74216],[100.507864,13.741507],[100.507528,13.741777],[100.507458,13.741843]]},"properties":{"type":"route","walk_index":6,"n_stops":10,"total_km":9.53}},{"type":"Feature","geometry":{"type":"LineString","coordinates":[[100.492674,13.752458],[100.49278,13.752461],[100.493404,13.752464],[100.493415,13.752464],[100.493551,13.752466],[100.493566,13.752369],[100.493585,13.752245],[100.493595,13.752179],[100.49365,13.751819],[100.49366,13.751752],[100.493697,13.751494],[100.493751,13.751154],[100.493755,13.751126],[100.493771,13.751022],[100.493793,13.750871],[100.493798,13.750841],[100.493964,13.749745],[100.494063,13.749758],[100.494311,13.749776],[100.494439,13.749786],[100.494913,13.749821],[100.495103,13.749835],[100.495186,13.749841],[100.495517,13.749856],[100.495603,13.74986],[100.495804,13.749869],[100.496079,13.749881],[100.496124,13.749883],[100.496124,13.749708],[100.49612,13.749503],[100.496124,13.748878],[100.496117,13.748339],[100.496108,13.747407],[100.496107,13.747306],[100.496178,13.747302],[100.496365,13.747293],[100.496436,13.74729],[100.496443,13.747426],[100.496469,13.748257],[100.496472,13.748427],[100.496476,13.748514],[100.496522,13.749601],[100.496527,13.749728],[100.496658,13.749724],[100.497113,13.74971],[100.497184,13.749706],[100.497218,13.749704],[100.497525,13.749689],[100.49758,13.749687],[100.497798,13.749676],[100.497862,13.74967],[100.4979,13.749651],[100.497929,13.749637],[100.497936,13.74963],[100.498019,13.749614],[100.498041,13.749612],[100.498764,13.749575],[100.498903,13.749567],[100.499042,13.74956],[100.499205,13.749552],[100.500041,13.749508],[100.500073,13.749506],[100.50016,13.749502],[100.500136,13.749336],[100.500015,13.748528],[100.499981,13.748303],[100.49997,13.748225],[100.50006,13.748216],[100.501222,13.748091],[100.501283,13.748098],[100.501329,13.748226],[100.501354,13.748292],[100.501355,13.748301],[100.501363,13.748372],[100.501371,13.748432],[100.501429,13.748914],[100.501567,13.750048],[100.501642,13.750659],[100.501691,13.751059],[100.501743,13.751484],[100.501746,13.751513],[100.501743,13.751545],[100.501741,13.751553],[100.501736,13.751574],[100.501711,13.751652],[100.501517,13.75166],[100.501052,13.751694],[100.500969,13.751738],[100.500923,13.751778],[100.500888,13.751825],[100.50084,13.75194],[100.500882,13.75204],[100.500899,13.752098],[100.500921,13.752179],[100.500951,13.752265],[100.500961,13.752319],[100.501003,13.752572],[100.501018,13.752671],[100.501088,13.753097],[100.501102,13.753176],[100.501121,13.753278],[100.50113,13.753328],[100.501147,13.753424],[100.50105,13.753439],[100.501041,13.75344],[100.500996,13.753447],[100.500495,13.753524],[100.500301,13.753554],[100.500295,13.753555],[100.500084,13.753588],[100.499939,13.75361],[100.499821,13.753628],[100.499209,13.753723],[100.499189,13.753726],[100.49906,13.753746],[100.498995,13.753756],[100.498872,13.753775],[100.498856,13.753777],[100.498607,13.753815],[100.498576,13.75382],[100.498492,13.753833],[100.498512,13.753987],[100.498525,13.754094],[100.498529,13.754123],[100.498583,13.754501],[100.498593,13.754571],[100.498603,13.754647],[100.498637,13.754888],[100.498684,13.754881],[100.498762,13.754868],[100.4988,13.754862],[100.49879,13.754881],[100.49879,13.75491],[100.498812,13.75509],[100.499051,13.755059],[100.499058,13.755058],[100.499345,13.755021],[100.499416,13.755012],[100.499345,13.755021],[100.499058,13.755058],[100.499051,13.755059],[100.498812,13.75509],[100.49879,13.75491],[100.49879,13.754881],[100.4988,13.754862],[100.498762,13.754868],[100.498684,13.754881],[100.498637,13.754888],[100.498603,13.754647],[100.498593,13.754571],[100.498519,13.754576],[100.497907,13.754616],[100.497657,13.754634],[100.497187,13.754672],[100.496494,13.754711],[100.496349,13.755615],[100.496278,13.756054],[100.496284,13.756106],[100.496316,13.756132],[100.496356,13.756138],[100.497141,13.755936],[100.497126,13.755976],[100.497125,13.755984],[100.497123,13.756058],[100.497122,13.756065],[100.497131,13.756126],[100.497129,13.756348],[100.497136,13.757053],[100.497186,13.757385],[100.497188,13.757393],[100.49721,13.757531],[100.496436,13.757682],[100.496312,13.757697],[100.496187,13.757702],[100.496106,13.757696],[100.496053,13.757691],[100.495935,13.757674],[100.495795,13.757632],[100.495583,13.757508],[100.495332,13.757359],[100.495273,13.757324],[100.495166,13.757254],[100.495059,13.757169],[100.494929,13.757058],[100.494893,13.757025],[100.494841,13.756972],[100.49471,13.757124],[100.494643,13.757198],[100.494442,13.757385],[100.494182,13.757665],[100.493949,13.757796],[100.493802,13.757848],[100.49361,13.757871],[100.493422,13.757864],[100.493387,13.75786],[100.493329,13.757847],[100.493238,13.757819],[100.493141,13.757775],[100.493057,13.757728],[100.492969,13.757664],[100.492871,13.757575],[100.492803,13.757498],[100.49273,13.757403],[100.492663,13.757288],[100.492585,13.757125],[100.492565,13.757051],[100.492525,13.756901],[100.492326,13.756175],[100.492225,13.75583],[100.492159,13.755582],[100.492125,13.755462],[100.492093,13.755348],[100.492081,13.755302],[100.492052,13.755193],[100.491918,13.754711],[100.491857,13.754493],[100.491802,13.754293],[100.491618,13.753611],[100.491571,13.753446],[100.49159,13.753301],[100.491683,13.753061],[100.491818,13.752863],[100.491937,13.752733],[100.492061,13.752643],[100.492241,13.752518],[100.492378,13.75245],[100.492567,13.752455],[100.49278,13.752461],[100.492976,13.752539],[100.49316,13.752641],[100.493282,13.752742],[100.493349,13.752798],[100.493466,13.752932],[100.493581,13.753104],[100.493596,13.75316],[100.493641,13.753321],[100.493875,13.754169],[100.493927,13.754356],[100.494077,13.754887],[100.494097,13.754958],[100.494205,13.755346],[100.494291,13.755652],[100.494351,13.755869],[100.494388,13.756004],[100.494493,13.756369],[100.494535,13.756687],[100.494509,13.757098],[100.494442,13.757385],[100.494182,13.757665],[100.493961,13.758024],[100.493863,13.758198],[100.493767,13.758381],[100.493352,13.758844],[100.493202,13.759017],[100.493049,13.759196],[100.492851,13.759438],[100.491576,13.761061],[100.490036,13.763061],[100.489403,13.763854],[100.488761,13.764666],[100.487565,13.766154],[100.487449,13.766299],[100.487159,13.766582],[100.48682,13.767017],[100.486302,13.767393],[100.486146,13.767486],[100.48602,13.767594],[100.485921,13.767651],[100.48583,13.767692],[100.485648,13.767759],[100.485581,13.767771],[100.485573,13.767773],[100.485551,13.767776],[100.485464,13.767788],[100.485385,13.767776],[100.485304,13.767745],[100.485216,13.767694],[100.484962,13.767504],[100.484714,13.767312],[100.484639,13.767223],[100.484388,13.766922],[100.484259,13.766761],[100.483887,13.766259],[100.483724,13.765991],[100.483575,13.765745],[100.483442,13.765529],[100.483338,13.765299],[100.483245,13.765074],[100.483124,13.76475],[100.482993,13.764311],[100.482925,13.764046],[100.482913,13.764001],[100.482854,13.763764],[100.482832,13.763659],[100.482816,13.763558],[100.482807,13.763473],[100.482801,13.763377],[100.482778,13.762829],[100.482756,13.762087],[100.482751,13.761903],[100.482728,13.76118],[100.482724,13.760923],[100.482721,13.760778],[100.48272,13.760495],[100.482723,13.760313],[100.482729,13.760193],[100.482738,13.760086],[100.482752,13.759985],[100.482772,13.759831],[100.482788,13.759727],[100.482808,13.759612],[100.483156,13.7579],[100.483172,13.75783],[100.483211,13.757653],[100.483249,13.757472],[100.483278,13.757326],[100.483346,13.756952],[100.483375,13.756791],[100.483394,13.756689],[100.48342,13.756547],[100.48343,13.756493],[100.483464,13.756284],[100.4835,13.75606],[100.48351,13.755961],[100.483544,13.755637],[100.483554,13.755541],[100.483567,13.755426],[100.483583,13.755261],[100.483604,13.75507],[100.483618,13.754908],[100.483624,13.754764],[100.483625,13.754616],[100.483626,13.754537],[100.483627,13.75428],[100.48362,13.753493],[100.483619,13.753309],[100.483739,13.753306],[100.483929,13.753291],[100.484209,13.753269],[100.484488,13.753241],[100.484587,13.753225],[100.48464,13.753217],[100.484795,13.753169],[100.485166,13.753034],[100.485044,13.752335],[100.485504,13.752259]]},"properties":{"type":"route","walk_index":7,"n_stops":7,"total_km":9.25}},{"type":"Feature","geometry":{"type":"LineString","coordinates":[[100.4927,13.7516],[100.4926905,13.7515102],[100.492567,13.752455],[100.492378,13.75245],[100.492198,13.752446],[100.491617,13.752433],[100.49139,13.752428],[100.491255,13.752425],[100.491288,13.752537],[100.491323,13.752651],[100.491571,13.753446],[100.491618,13.753611],[100.491802,13.754293],[100.491857,13.754493],[100.491802,13.754293],[100.491618,13.753611],[100.491571,13.753446],[100.49159,13.753301],[100.491683,13.753061],[100.491818,13.752863],[100.491937,13.752733],[100.492061,13.752643],[100.492241,13.752518],[100.492378,13.75245],[100.492567,13.752455],[100.49278,13.752461],[100.492976,13.752539],[100.49316,13.752641],[100.493282,13.752742],[100.493349,13.752798],[100.493466,13.752932],[100.493581,13.753104],[100.493596,13.75316],[100.493641,13.753321],[100.493875,13.754169],[100.493927,13.754356],[100.494077,13.754887],[100.494097,13.754958],[100.494205,13.755346],[100.494291,13.755652],[100.494351,13.755869],[100.494388,13.756004],[100.494493,13.756369],[100.494535,13.756687],[100.494663,13.757022],[100.494673,13.757047],[100.49471,13.757124],[100.494781,13.75722],[100.494908,13.757341],[100.495039,13.75744],[100.495154,13.757514],[100.495241,13.757561],[100.495651,13.757796],[100.495847,13.757895],[100.495986,13.757913],[100.49605,13.757922],[100.496187,13.757928],[100.496308,13.757919],[100.496436,13.757899],[100.49725,13.757737],[100.498206,13.757551],[100.498714,13.757449],[100.498672,13.757235],[100.498151,13.757338],[100.49721,13.757531],[100.497188,13.757393],[100.497186,13.757385],[100.497136,13.757053],[100.497129,13.756348],[100.497131,13.756126],[100.497122,13.756065],[100.497123,13.756058],[100.497125,13.755984],[100.497126,13.755976],[100.497141,13.755936],[100.496356,13.756138],[100.496316,13.756132],[100.496284,13.756106],[100.496278,13.756054],[100.496349,13.755615],[100.496494,13.754711],[100.497187,13.754672],[100.497657,13.754634],[100.497907,13.754616],[100.498519,13.754576],[100.498593,13.754571],[100.498603,13.754647],[100.498637,13.754888],[100.498684,13.754881],[100.498762,13.754868],[100.4988,13.754862],[100.49879,13.754881],[100.49879,13.75491],[100.498812,13.75509],[100.499051,13.755059],[100.499058,13.755058],[100.499345,13.755021],[100.499416,13.755012],[100.499345,13.755021],[100.499058,13.755058],[100.499051,13.755059],[100.498812,13.75509],[100.49879,13.75491],[100.49879,13.754881],[100.4988,13.754862],[100.498762,13.754868],[100.498684,13.754881],[100.498637,13.754888],[100.498603,13.754647],[100.498593,13.754571],[100.498583,13.754501],[100.498529,13.754123],[100.498525,13.754094],[100.498512,13.753987],[100.498492,13.753833],[100.498576,13.75382],[100.498607,13.753815],[100.498856,13.753777],[100.498872,13.753775],[100.498995,13.753756],[100.49906,13.753746],[100.499189,13.753726],[100.499209,13.753723],[100.499821,13.753628],[100.499939,13.75361],[100.500084,13.753588],[100.500295,13.753555],[100.500301,13.753554],[100.500495,13.753524],[100.500996,13.753447],[100.501041,13.75344],[100.50105,13.753439],[100.501147,13.753424],[100.50113,13.753328],[100.501121,13.753278],[100.501102,13.753176],[100.501088,13.753097],[100.501018,13.752671],[100.501003,13.752572],[100.500961,13.752319],[100.500951,13.752265],[100.500961,13.75217],[100.500981,13.752097],[100.50102,13.752052],[100.501088,13.752019],[100.501474,13.751968],[100.501695,13.751948],[100.501877,13.751934],[100.50192,13.751931],[100.501994,13.751925],[100.502077,13.751916],[100.502086,13.751917],[100.502094,13.751917],[100.502136,13.751921],[100.502424,13.751947],[100.502683,13.751972],[100.502718,13.751975],[100.503042,13.752003],[100.503137,13.752011],[100.503252,13.752021],[100.503324,13.752028],[100.503618,13.752057],[100.503669,13.752062],[100.503813,13.752075],[100.504407,13.75213],[100.504428,13.752132],[100.504522,13.752136],[100.50454,13.752209],[100.504559,13.752291],[100.504619,13.752539],[100.504639,13.75262],[100.504659,13.752699],[100.504587,13.752716],[100.504571,13.75272],[100.503966,13.752866],[100.503797,13.752906],[100.503803,13.75293],[100.503809,13.752953],[100.503821,13.753006],[100.503841,13.753089],[100.503854,13.753144],[100.503882,13.753261],[100.503886,13.753276],[100.503937,13.753494],[100.50395,13.753549],[100.503937,13.753494],[100.503886,13.753276],[100.503882,13.753261],[100.503854,13.753144],[100.503841,13.753089],[100.503821,13.753006],[100.503809,13.752953],[100.503803,13.75293],[100.503797,13.752906],[100.503763,13.752915],[100.503642,13.752944],[100.503353,13.753014],[100.503203,13.75305],[100.503176,13.753056],[100.503143,13.753064],[100.503097,13.753089],[100.50308,13.753098],[100.50306,13.753109],[100.502996,13.753142],[100.502402,13.753239],[100.502381,13.753242],[100.502289,13.753257],[100.502265,13.753261],[100.502188,13.753257],[100.502141,13.75291],[100.502138,13.752885],[100.502104,13.752637],[100.502055,13.752273],[100.502027,13.752064],[100.502012,13.752],[100.502009,13.751988],[100.502004,13.751969],[100.501994,13.751925],[100.502077,13.751916],[100.502086,13.751917],[100.502094,13.751917],[100.502136,13.751921],[100.502424,13.751947],[100.502683,13.751972],[100.502718,13.751975],[100.503042,13.752003],[100.503137,13.752011],[100.503252,13.752021],[100.503324,13.752028],[100.503618,13.752057],[100.503669,13.752062],[100.503813,13.752075],[100.504407,13.75213],[100.504428,13.752132],[100.504522,13.752136],[100.50454,13.752209],[100.504559,13.752291],[100.504619,13.752539],[100.504639,13.75262],[100.504659,13.752699],[100.504675,13.752761],[100.504793,13.753271],[100.504891,13.753687],[100.504897,13.753711],[100.504904,13.753739],[100.504937,13.753871],[100.504944,13.753899],[100.504956,13.753943],[100.505006,13.754139],[100.505046,13.754298],[100.505126,13.754609],[100.505208,13.754931],[100.505266,13.755157],[100.505285,13.755266],[100.505283,13.755385],[100.505265,13.755512],[100.505258,13.755613],[100.505251,13.755642],[100.505224,13.755793],[100.505211,13.755845],[100.505188,13.755917],[100.505043,13.756176],[100.505257,13.756134],[100.505315,13.756135],[100.505369,13.756147],[100.505411,13.756163],[100.505515,13.756213],[100.505756,13.75636],[100.505784,13.756376],[100.505844,13.756619],[100.505874,13.756682],[100.505248,13.757826],[100.505409,13.757922],[100.505443,13.757952],[100.505456,13.75797],[100.505459,13.757982],[100.505457,13.757997],[100.505422,13.758081],[100.505405,13.758133],[100.505423,13.758162],[100.505664,13.758289],[100.50569,13.758304],[100.505849,13.758396],[100.506144,13.75855],[100.506219,13.758583],[100.506277,13.758597],[100.506362,13.758555],[100.506698,13.758413],[100.50678,13.758585],[100.506847,13.758732],[100.5073,13.759698],[100.507395,13.759892],[100.507469,13.76005],[100.507656,13.759957],[100.507582,13.759799],[100.507557,13.759744],[100.50682,13.758169],[100.506777,13.758079],[100.506768,13.75806],[100.506107,13.75667],[100.506017,13.756497],[100.505979,13.756363],[100.505973,13.756328],[100.505954,13.756232],[100.505868,13.75617],[100.505622,13.756023],[100.505525,13.755979],[100.505505,13.75597],[100.505346,13.755922],[100.505188,13.755917],[100.505069,13.755935],[100.504757,13.75599],[100.504607,13.756021],[100.504569,13.756029],[100.504366,13.75607],[100.503362,13.756278],[100.50334,13.756172],[100.503336,13.756152],[100.503318,13.756091],[100.503265,13.755906],[100.503236,13.755808],[100.503515,13.755746],[100.503687,13.755712],[100.503753,13.755699],[100.504069,13.755587],[100.504062,13.755556],[100.504044,13.755484],[100.503966,13.75518],[100.503899,13.754921],[100.503894,13.754898],[100.503823,13.754631],[100.504049,13.754565],[100.504155,13.754533],[100.504049,13.754565],[100.503823,13.754631],[100.503894,13.754898],[100.503899,13.754921],[100.503966,13.75518],[100.504044,13.755484],[100.504062,13.755556],[100.504069,13.755587],[100.50423,13.755532],[100.504262,13.75552],[100.504741,13.755348],[100.505125,13.755209],[100.505266,13.755157],[100.505285,13.755266],[100.505283,13.755385],[100.505265,13.755512],[100.505258,13.755613],[100.505251,13.755642],[100.505224,13.755793],[100.505211,13.755845],[100.505188,13.755917],[100.505069,13.755935],[100.504757,13.75599],[100.504607,13.756021],[100.504569,13.756029],[100.504366,13.75607],[100.503362,13.756278],[100.50251,13.756455],[100.502458,13.756466],[100.502434,13.756471],[100.502331,13.756469],[100.502112,13.756446],[100.502087,13.756424],[100.502034,13.756385],[100.501974,13.756356],[100.501841,13.756225],[100.501815,13.756201],[100.501788,13.756176],[100.501763,13.756146],[100.50172,13.756085],[100.501711,13.756048],[100.501706,13.756028],[100.501701,13.756009],[100.501693,13.755977],[100.501448,13.755013],[100.501442,13.754989],[100.501423,13.754916],[100.50142,13.754902],[100.501403,13.754836],[100.501384,13.754737],[100.50138,13.754718],[100.501369,13.754646],[100.501444,13.754633],[100.501457,13.754631],[100.502347,13.754483],[100.502371,13.754474],[100.502383,13.754453],[100.502378,13.75442],[100.502329,13.754069],[100.502302,13.753913],[100.502282,13.7538],[100.502259,13.753669],[100.502255,13.753649],[100.502201,13.753331],[100.502188,13.753257],[100.502141,13.75291],[100.502138,13.752885],[100.502104,13.752637],[100.502055,13.752273],[100.502027,13.752064],[100.502012,13.752],[100.502009,13.751988],[100.502004,13.751969],[100.501994,13.751925],[100.501946,13.75171],[100.501927,13.751467],[100.501884,13.751042],[100.501843,13.750641],[100.501822,13.750441],[100.501785,13.7501],[100.501736,13.749673],[100.501696,13.749332],[100.501651,13.748948],[100.501646,13.748894],[100.501641,13.748849],[100.501591,13.748306],[100.501589,13.748273],[100.501586,13.74825],[100.501539,13.748198],[100.501507,13.748185],[100.501476,13.748183],[100.501436,13.748188],[100.501404,13.74821],[100.501385,13.748241],[100.501354,13.748292],[100.501355,13.748301],[100.501363,13.748372],[100.501371,13.748432],[100.501429,13.748914],[100.501567,13.750048]]},"properties":{"type":"route","walk_index":8,"n_stops":8,"total_km":8.87}},{"type":"Feature","geometry":{"type":"LineString","coordinates":[[100.492674,13.752458],[100.49278,13.752461],[100.493404,13.752464],[100.493415,13.752464],[100.493551,13.752466],[100.493566,13.752369],[100.493585,13.752245],[100.493595,13.752179],[100.49365,13.751819],[100.49366,13.751752],[100.493697,13.751494],[100.493751,13.751154],[100.493755,13.751126],[100.493771,13.751022],[100.493793,13.750871],[100.493798,13.750841],[100.493964,13.749745],[100.494063,13.749758],[100.494311,13.749776],[100.494439,13.749786],[100.494913,13.749821],[100.495103,13.749835],[100.495186,13.749841],[100.495517,13.749856],[100.495603,13.74986],[100.495804,13.749869],[100.496079,13.749881],[100.496124,13.749883],[100.496124,13.749708],[100.49612,13.749503],[100.496124,13.748878],[100.496117,13.748339],[100.496108,13.747407],[100.496107,13.747306],[100.496105,13.747218],[100.496087,13.745992],[100.496088,13.745604],[100.496088,13.745503],[100.496093,13.745427],[100.496206,13.745416],[100.496387,13.745398],[100.496465,13.745389],[100.496609,13.745374],[100.497219,13.745311],[100.497328,13.745306],[100.497398,13.745305],[100.497509,13.745304],[100.497866,13.745288],[100.498021,13.745277],[100.498333,13.745254],[100.49866,13.745225],[100.498691,13.745493],[100.498747,13.745993],[100.498604,13.746015],[100.49811,13.746093],[100.49751,13.746183],[100.497536,13.746386],[100.497575,13.746685],[100.497598,13.74687],[100.497619,13.747028],[100.497623,13.747063],[100.497625,13.747078],[100.497644,13.747229],[100.49747,13.747238],[100.497455,13.747238],[100.497416,13.74724],[100.497092,13.747257],[100.497057,13.747258],[100.497,13.747261],[100.496772,13.747273],[100.496572,13.747283],[100.496555,13.747283],[100.496436,13.74729],[100.496432,13.747191],[100.496424,13.746975],[100.496413,13.746227],[100.496424,13.745955],[100.496432,13.745687],[100.496443,13.745594],[100.496454,13.745485],[100.496465,13.745389],[100.496609,13.745374],[100.497219,13.745311],[100.497328,13.745306],[100.497398,13.745305],[100.497509,13.745304],[100.497866,13.745288],[100.498021,13.745277],[100.498333,13.745254],[100.49866,13.745225],[100.49923,13.74517],[100.499344,13.74516],[100.49931,13.744981],[100.499281,13.744843],[100.499215,13.744535],[100.499207,13.744499],[100.499144,13.7442],[100.499074,13.743873],[100.499024,13.743645],[100.498972,13.743423],[100.498921,13.743224],[100.498834,13.742939],[100.498541,13.742077],[100.498528,13.741971],[100.498537,13.741871],[100.498571,13.741771],[100.498602,13.7417],[100.498638,13.741638],[100.498683,13.741591],[100.498716,13.741568],[100.498761,13.741543],[100.498806,13.741527],[100.498952,13.741481],[100.49907,13.741447],[100.499084,13.741503],[100.499105,13.741583],[100.499158,13.741723],[100.499194,13.741847],[100.499287,13.742135],[100.499194,13.741847],[100.499158,13.741723],[100.499105,13.741583],[100.499084,13.741503],[100.49907,13.741447],[100.499536,13.741292],[100.499737,13.741231],[100.499828,13.741221],[100.499893,13.741222],[100.49995,13.74123],[100.500052,13.741265],[100.500156,13.741334],[100.500289,13.741533],[100.500617,13.742036],[100.500728,13.742203],[100.500971,13.742566],[100.501351,13.743132],[100.501476,13.743313],[100.501492,13.743336],[100.501549,13.743428],[100.50172,13.743695],[100.501932,13.744006],[100.502185,13.744387],[100.502122,13.744421],[100.50183,13.744484],[100.50148,13.74458],[100.501312,13.744627],[100.500978,13.744717],[100.500752,13.744778],[100.500532,13.744838],[100.500223,13.744923],[100.500022,13.744978],[100.499517,13.745115],[100.499344,13.74516],[100.49931,13.744981],[100.499281,13.744843],[100.499215,13.744535],[100.499207,13.744499],[100.499144,13.7442],[100.499074,13.743873],[100.499024,13.743645],[100.498972,13.743423],[100.498921,13.743224],[100.498834,13.742939],[100.498541,13.742077],[100.498528,13.741971],[100.498537,13.741871],[100.498571,13.741771],[100.498602,13.7417],[100.498638,13.741638],[100.49868,13.741536],[100.49869,13.741511],[100.498691,13.741404],[100.498681,13.741329],[100.498467,13.740705],[100.498414,13.740613],[100.49836,13.740549],[100.498311,13.740508],[100.498233,13.74047],[100.498183,13.740458],[100.498135,13.740452],[100.498089,13.740452],[100.49805,13.740446],[100.497997,13.740418],[100.497979,13.740391],[100.497918,13.740281],[100.497026,13.737712],[100.496943,13.737488],[100.496928,13.73744],[100.496932,13.737382],[100.496781,13.736724],[100.496715,13.736359],[100.496573,13.736058],[100.496462,13.735796],[100.496359,13.735534],[100.496151,13.734931],[100.496103,13.734792],[100.49589,13.734177],[100.495867,13.73411],[100.495825,13.733991],[100.495624,13.73341],[100.495527,13.733128],[100.495251,13.73233],[100.494991,13.731579],[100.494845,13.731159],[100.494752,13.730887],[100.494729,13.730803],[100.494586,13.730868],[100.49461,13.730966],[100.494693,13.731209],[100.494922,13.731883],[100.495107,13.732426],[100.495464,13.733447],[100.495662,13.73396],[100.495677,13.734],[100.495714,13.7341],[100.495756,13.734214],[100.495859,13.734495],[100.495901,13.734605],[100.495969,13.734769],[100.495998,13.73486],[100.496024,13.73494],[100.496298,13.735758],[100.496458,13.736187],[100.496634,13.736592],[100.496684,13.7367],[100.496666,13.737048],[100.496644,13.73726],[100.496576,13.737255],[100.495976,13.737215],[100.495986,13.737031],[100.49599,13.737009],[100.495989,13.736995],[100.495984,13.736985],[100.495971,13.73698],[100.495799,13.73697],[100.495653,13.736968],[100.495537,13.736959],[100.495519,13.73695],[100.495507,13.736939],[100.495505,13.736922],[100.495522,13.736714],[100.495531,13.736608],[100.495544,13.736592],[100.495566,13.736593],[100.495673,13.736588],[100.49568,13.736386],[100.495427,13.73637],[100.495464,13.735964],[100.495461,13.735941],[100.495453,13.735922],[100.495437,13.735904],[100.495406,13.73589],[100.494888,13.73583],[100.494574,13.735771],[100.494532,13.736072],[100.494413,13.736059],[100.4944,13.736056],[100.494392,13.736049],[100.494384,13.736032],[100.494377,13.736022],[100.494367,13.736016],[100.494123,13.73598],[100.494106,13.735974],[100.494093,13.735973],[100.494076,13.735974],[100.494061,13.735977],[100.494046,13.735976],[100.493917,13.73594],[100.493692,13.736386],[100.493515,13.736827],[100.493474,13.736918],[100.493195,13.737551],[100.493055,13.737422],[100.49276,13.737151],[100.492557,13.736945],[100.492812,13.736728],[100.492892,13.736712],[100.493035,13.736604],[100.493045,13.736597],[100.493076,13.736572],[100.493113,13.736539],[100.493119,13.736529],[100.493149,13.736474],[100.493228,13.736409],[100.49352,13.736184],[100.493642,13.736075],[100.493773,13.735935],[100.493905,13.735691],[100.493961,13.735589],[100.493991,13.735521],[100.494047,13.735354],[100.493766,13.735294],[100.493505,13.735256],[100.493227,13.735137],[100.493207,13.735129],[100.492666,13.734716],[100.492519,13.73458],[100.492481,13.734547],[100.49231,13.734473],[100.492282,13.734471],[100.492264,13.734476],[100.492196,13.734514],[100.492117,13.734564],[100.491954,13.73476],[100.491919,13.734809],[100.492169,13.735002],[100.492182,13.735018],[100.49219,13.735037],[100.492183,13.735064],[100.4922,13.735075],[100.492217,13.735089],[100.492369,13.735179],[100.492217,13.735089],[100.4922,13.735075],[100.492183,13.735064],[100.49219,13.735037],[100.492182,13.735018],[100.492169,13.735002],[100.491919,13.734809],[100.491954,13.73476],[100.492117,13.734564],[100.492196,13.734514],[100.492264,13.734476],[100.492282,13.734471],[100.49231,13.734473],[100.492481,13.734547],[100.492767,13.733927],[100.492792,13.733841],[100.492804,13.733695],[100.492814,13.733627],[100.492123,13.733494],[100.492089,13.733491],[100.49201,13.733484],[100.491718,13.733531],[100.491603,13.733531],[100.491465,13.733485],[100.491439,13.733462],[100.492177,13.73285],[100.492125,13.732794],[100.49124,13.733525],[100.491188,13.733516],[100.491091,13.733502],[100.491044,13.733495],[100.490564,13.733432],[100.490417,13.733403],[100.49024,13.733376],[100.49008,13.733355],[100.489592,13.733284],[100.489521,13.733274],[100.489361,13.733264],[100.4892,13.733237],[100.488674,13.733157],[100.48872,13.733117],[100.489167,13.732725],[100.488981,13.732509],[100.488985,13.732471],[100.489039,13.732367],[100.489039,13.732367]]},"properties":{"type":"route","walk_index":9,"n_stops":6,"total_km":8.75}},{"type":"Feature","geometry":{"type":"LineString","coordinates":[[100.492674,13.752458],[100.492567,13.752455],[100.492378,13.75245],[100.492198,13.752446],[100.491617,13.752433],[100.49139,13.752428],[100.491255,13.752425],[100.491288,13.752537],[100.491323,13.752651],[100.491571,13.753446],[100.491618,13.753611],[100.491802,13.754293],[100.491857,13.754493],[100.491802,13.754293],[100.491618,13.753611],[100.491571,13.753446],[100.49159,13.753301],[100.491683,13.753061],[100.491818,13.752863],[100.491937,13.752733],[100.492061,13.752643],[100.492241,13.752518],[100.492378,13.75245],[100.492567,13.752455],[100.492663,13.752458],[100.49278,13.752461],[100.493404,13.752464],[100.493415,13.752464],[100.493551,13.752466],[100.493566,13.752369],[100.493585,13.752245],[100.493595,13.752179],[100.49365,13.751819],[100.49366,13.751752],[100.493697,13.751494],[100.493751,13.751154],[100.493755,13.751126],[100.493771,13.751022],[100.493868,13.751032],[100.493933,13.751039],[100.494172,13.751064],[100.494327,13.751079],[100.495001,13.751147],[100.495365,13.751186],[100.495995,13.751251],[100.496049,13.751257],[100.496097,13.751262],[100.49614,13.751266],[100.496327,13.751271],[100.496394,13.751278],[100.496403,13.751175],[100.496411,13.751079],[100.496428,13.750894],[100.49647,13.750418],[100.496509,13.749982],[100.496525,13.749801],[100.496527,13.749728],[100.496658,13.749724],[100.497113,13.74971],[100.497184,13.749706],[100.497218,13.749704],[100.497525,13.749689],[100.49758,13.749687],[100.497798,13.749676],[100.497862,13.74967],[100.4979,13.749651],[100.497929,13.749637],[100.497936,13.74963],[100.498019,13.749614],[100.498041,13.749612],[100.498764,13.749575],[100.498903,13.749567],[100.499042,13.74956],[100.499205,13.749552],[100.500041,13.749508],[100.500073,13.749506],[100.50016,13.749502],[100.500136,13.749336],[100.500015,13.748528],[100.499981,13.748303],[100.49997,13.748225],[100.499967,13.748204],[100.499952,13.748129],[100.499951,13.748124],[100.499947,13.748102],[100.499867,13.747732],[100.499811,13.747417],[100.499786,13.7473],[100.499781,13.747276],[100.49977,13.747226],[100.499748,13.747124],[100.499885,13.747117],[100.499904,13.747116],[100.500285,13.747097],[100.500386,13.747092],[100.50046,13.747088],[100.500918,13.747066],[100.500982,13.747062],[100.501089,13.747057],[100.501063,13.746945],[100.50106,13.746931],[100.500997,13.746665],[100.500874,13.746167],[100.50081,13.745905],[100.500651,13.745345],[100.500552,13.7449],[100.500532,13.744838],[100.500223,13.744923],[100.500022,13.744978],[100.499517,13.745115],[100.499344,13.74516],[100.499362,13.74525],[100.499479,13.74585],[100.499166,13.745912],[100.498747,13.745993],[100.498604,13.746015],[100.49811,13.746093],[100.49751,13.746183],[100.497536,13.746386],[100.497575,13.746685],[100.497598,13.74687],[100.497619,13.747028],[100.497623,13.747063],[100.497625,13.747078],[100.497644,13.747229],[100.49783,13.74722],[100.497841,13.747219],[100.497866,13.747218],[100.49821,13.747201],[100.498876,13.747169],[100.499634,13.74713],[100.499748,13.747124],[100.499885,13.747117],[100.499904,13.747116],[100.500285,13.747097],[100.500386,13.747092],[100.50046,13.747088],[100.500918,13.747066],[100.500982,13.747062],[100.501089,13.747057],[100.501105,13.747146],[100.501115,13.747202],[100.501187,13.747595],[100.501248,13.747932],[100.50125,13.747946],[100.501255,13.747972],[100.501261,13.748009],[100.501283,13.748098],[100.501329,13.748226],[100.501354,13.748292],[100.501355,13.748301],[100.501363,13.748372],[100.501371,13.748432],[100.501429,13.748914],[100.501567,13.750048],[100.501642,13.750659],[100.501691,13.751059],[100.501743,13.751484],[100.501746,13.751513],[100.501743,13.751545],[100.501741,13.751553],[100.501736,13.751574],[100.501711,13.751652],[100.501517,13.75166],[100.501052,13.751694],[100.500969,13.751738],[100.500923,13.751778],[100.500888,13.751825],[100.50084,13.75194],[100.500909,13.751981],[100.500974,13.752008],[100.501088,13.752019],[100.501474,13.751968],[100.501695,13.751948],[100.501877,13.751934],[100.50192,13.751931],[100.501994,13.751925],[100.502077,13.751916],[100.502086,13.751917],[100.502094,13.751917],[100.502136,13.751921],[100.502424,13.751947],[100.502683,13.751972],[100.502718,13.751975],[100.503042,13.752003],[100.503137,13.752011],[100.503252,13.752021],[100.503324,13.752028],[100.503618,13.752057],[100.503669,13.752062],[100.503813,13.752075],[100.504407,13.75213],[100.504428,13.752132],[100.504522,13.752136],[100.50454,13.752209],[100.504559,13.752291],[100.504619,13.752539],[100.504639,13.75262],[100.504659,13.752699],[100.504587,13.752716],[100.504571,13.75272],[100.503966,13.752866],[100.503797,13.752906],[100.503803,13.75293],[100.503809,13.752953],[100.503821,13.753006],[100.503841,13.753089],[100.503854,13.753144],[100.503882,13.753261],[100.503886,13.753276],[100.503937,13.753494],[100.50395,13.753549],[100.503937,13.753494],[100.503886,13.753276],[100.503882,13.753261],[100.503854,13.753144],[100.503841,13.753089],[100.503821,13.753006],[100.503809,13.752953],[100.503803,13.75293],[100.503797,13.752906],[100.503763,13.752915],[100.503642,13.752944],[100.503353,13.753014],[100.503203,13.75305],[100.503176,13.753056],[100.503143,13.753064],[100.503097,13.753089],[100.50308,13.753098],[100.50306,13.753109],[100.502996,13.753142],[100.502402,13.753239],[100.502381,13.753242],[100.502289,13.753257],[100.502265,13.753261],[100.502188,13.753257],[100.502141,13.75291],[100.502138,13.752885],[100.502104,13.752637],[100.502055,13.752273],[100.502027,13.752064],[100.502012,13.752],[100.502009,13.751988],[100.502004,13.751969],[100.501994,13.751925],[100.502077,13.751916],[100.502086,13.751917],[100.502094,13.751917],[100.502136,13.751921],[100.502424,13.751947],[100.502683,13.751972],[100.502718,13.751975],[100.503042,13.752003],[100.503137,13.752011],[100.503252,13.752021],[100.503324,13.752028],[100.503618,13.752057],[100.503669,13.752062],[100.503813,13.752075],[100.504407,13.75213],[100.504428,13.752132],[100.504522,13.752136],[100.50454,13.752209],[100.504559,13.752291],[100.504619,13.752539],[100.504639,13.75262],[100.504659,13.752699],[100.504675,13.752761],[100.504793,13.753271],[100.504891,13.753687],[100.504897,13.753711],[100.504904,13.753739],[100.504937,13.753871],[100.504944,13.753899],[100.504956,13.753943],[100.505006,13.754139],[100.505046,13.754298],[100.505126,13.754609],[100.505208,13.754931],[100.505266,13.755157],[100.505285,13.755266],[100.505283,13.755385],[100.505265,13.755512],[100.505258,13.755613],[100.505251,13.755642],[100.505224,13.755793],[100.505211,13.755845],[100.505188,13.755917],[100.505069,13.755935],[100.504757,13.75599],[100.504607,13.756021],[100.504569,13.756029],[100.504366,13.75607],[100.503362,13.756278],[100.50334,13.756172],[100.503336,13.756152],[100.503318,13.756091],[100.503265,13.755906],[100.503236,13.755808],[100.503515,13.755746],[100.503687,13.755712],[100.503753,13.755699],[100.504069,13.755587],[100.504062,13.755556],[100.504044,13.755484],[100.503966,13.75518],[100.503899,13.754921],[100.503894,13.754898],[100.503823,13.754631],[100.504049,13.754565],[100.504155,13.754533],[100.504049,13.754565],[100.503823,13.754631],[100.503894,13.754898],[100.503899,13.754921],[100.503966,13.75518],[100.504044,13.755484],[100.504062,13.755556],[100.504069,13.755587],[100.50423,13.755532],[100.504262,13.75552],[100.504741,13.755348],[100.505125,13.755209],[100.505266,13.755157],[100.505285,13.755266],[100.505283,13.755385],[100.505265,13.755512],[100.505258,13.755613],[100.505251,13.755642],[100.505224,13.755793],[100.505211,13.755845],[100.505188,13.755917],[100.505069,13.755935],[100.504757,13.75599],[100.504607,13.756021],[100.504569,13.756029],[100.504366,13.75607],[100.503362,13.756278],[100.50251,13.756455],[100.502458,13.756466],[100.502434,13.756471],[100.502331,13.756469],[100.502112,13.756446],[100.502087,13.756424],[100.502034,13.756385],[100.501974,13.756356],[100.50185,13.756332],[100.501739,13.756345],[100.50166,13.756377],[100.501591,13.756425],[100.501532,13.756492],[100.501493,13.756568],[100.501303,13.756685],[100.501283,13.756692],[100.501231,13.756711],[100.501196,13.756719],[100.500369,13.756886],[100.49934,13.757098],[100.499129,13.757141],[100.49906,13.757155],[100.498918,13.757185],[100.498898,13.757026],[100.498891,13.756975],[100.498856,13.756703],[100.498813,13.756311],[100.498766,13.755915],[100.498764,13.755897],[100.498743,13.755688],[100.498737,13.755631],[100.498727,13.755545],[100.498722,13.755506],[100.498637,13.754888],[100.498684,13.754881],[100.498762,13.754868],[100.4988,13.754862],[100.49879,13.754881],[100.49879,13.75491],[100.498812,13.75509],[100.499051,13.755059],[100.499058,13.755058],[100.499345,13.755021],[100.499416,13.755012],[100.499345,13.755021],[100.499058,13.755058],[100.499051,13.755059],[100.498812,13.75509],[100.49879,13.75491],[100.49879,13.754881],[100.4988,13.754862],[100.498762,13.754868],[100.498684,13.754881],[100.498637,13.754888],[100.498722,13.755506],[100.498727,13.755545],[100.498737,13.755631],[100.498743,13.755688],[100.498764,13.755897],[100.498766,13.755915],[100.498813,13.756311],[100.498856,13.756703],[100.498891,13.756975],[100.498898,13.757026],[100.498918,13.757185],[100.498932,13.757296],[100.498946,13.757402],[100.499103,13.75737],[100.499424,13.757306],[100.500398,13.757106],[100.501198,13.756933],[100.501237,13.756924],[100.501264,13.756918],[100.501406,13.75692],[100.501573,13.756939],[100.501613,13.756974],[100.501699,13.757022],[100.501787,13.757046],[100.501886,13.757129],[100.50193,13.757171],[100.501962,13.757221],[100.50198,13.757289],[100.501988,13.757319],[100.502018,13.757431],[100.502043,13.757553],[100.502055,13.757607],[100.502211,13.758294],[100.502272,13.758553],[100.502296,13.758651],[100.502389,13.759036],[100.502454,13.759305],[100.502484,13.759405],[100.502434,13.759439],[100.502031,13.759704],[100.501506,13.760047],[100.501459,13.759979],[100.501402,13.75989],[100.501331,13.759778],[100.501051,13.759361],[100.500905,13.759104],[100.500866,13.759036],[100.50058,13.759187]]},"properties":{"type":"route","walk_index":10,"n_stops":9,"total_km":8.96}},{"type":"Feature","geometry":{"type":"LineString","coordinates":[[100.492674,13.752458],[100.49278,13.752461],[100.493404,13.752464],[100.493415,13.752464],[100.493551,13.752466],[100.493566,13.752369],[100.493585,13.752245],[100.493595,13.752179],[100.49365,13.751819],[100.49366,13.751752],[100.493697,13.751494],[100.493751,13.751154],[100.493755,13.751126],[100.493771,13.751022],[100.493793,13.750871],[100.493798,13.750841],[100.493964,13.749745],[100.494063,13.749758],[100.494311,13.749776],[100.494439,13.749786],[100.494913,13.749821],[100.495103,13.749835],[100.495186,13.749841],[100.495517,13.749856],[100.495603,13.74986],[100.495804,13.749869],[100.496079,13.749881],[100.496124,13.749883],[100.496124,13.749708],[100.49612,13.749503],[100.496124,13.748878],[100.496117,13.748339],[100.496108,13.747407],[100.496107,13.747306],[100.496105,13.747218],[100.496087,13.745992],[100.496088,13.745604],[100.496088,13.745503],[100.496093,13.745427],[100.496206,13.745416],[100.496387,13.745398],[100.496465,13.745389],[100.496609,13.745374],[100.497219,13.745311],[100.497328,13.745306],[100.497398,13.745305],[100.497509,13.745304],[100.497866,13.745288],[100.498021,13.745277],[100.498333,13.745254],[100.49866,13.745225],[100.498691,13.745493],[100.498747,13.745993],[100.498604,13.746015],[100.49811,13.746093],[100.49751,13.746183],[100.497536,13.746386],[100.497575,13.746685],[100.497598,13.74687],[100.497619,13.747028],[100.497623,13.747063],[100.497625,13.747078],[100.497644,13.747229],[100.49747,13.747238],[100.497455,13.747238],[100.497416,13.74724],[100.497092,13.747257],[100.497057,13.747258],[100.497,13.747261],[100.496772,13.747273],[100.496572,13.747283],[100.496555,13.747283],[100.496436,13.74729],[100.496432,13.747191],[100.496424,13.746975],[100.496413,13.746227],[100.496424,13.745955],[100.496432,13.745687],[100.496443,13.745594],[100.496454,13.745485],[100.496465,13.745389],[100.496609,13.745374],[100.497219,13.745311],[100.497328,13.745306],[100.497398,13.745305],[100.497509,13.745304],[100.497866,13.745288],[100.498021,13.745277],[100.498333,13.745254],[100.49866,13.745225],[100.49923,13.74517],[100.499344,13.74516],[100.49931,13.744981],[100.499281,13.744843],[100.499215,13.744535],[100.499207,13.744499],[100.499144,13.7442],[100.499074,13.743873],[100.499024,13.743645],[100.498972,13.743423],[100.498921,13.743224],[100.498834,13.742939],[100.498541,13.742077],[100.498528,13.741971],[100.498537,13.741871],[100.498571,13.741771],[100.498602,13.7417],[100.498638,13.741638],[100.498683,13.741591],[100.498716,13.741568],[100.498761,13.741543],[100.498806,13.741527],[100.498952,13.741481],[100.49907,13.741447],[100.499084,13.741503],[100.499105,13.741583],[100.499158,13.741723],[100.499194,13.741847],[100.499287,13.742135],[100.499194,13.741847],[100.499158,13.741723],[100.499105,13.741583],[100.499084,13.741503],[100.49907,13.741447],[100.499536,13.741292],[100.499737,13.741231],[100.499828,13.741221],[100.499893,13.741222],[100.49995,13.74123],[100.500052,13.741265],[100.500156,13.741334],[100.500289,13.741533],[100.500617,13.742036],[100.500728,13.742203],[100.500971,13.742566],[100.501351,13.743132],[100.501476,13.743313],[100.501492,13.743336],[100.501549,13.743428],[100.50172,13.743695],[100.501932,13.744006],[100.502185,13.744387],[100.502122,13.744421],[100.50183,13.744484],[100.50148,13.74458],[100.501312,13.744627],[100.500978,13.744717],[100.500752,13.744778],[100.500532,13.744838],[100.500223,13.744923],[100.500022,13.744978],[100.499517,13.745115],[100.499344,13.74516],[100.49931,13.744981],[100.499281,13.744843],[100.499215,13.744535],[100.499207,13.744499],[100.499144,13.7442],[100.499074,13.743873],[100.499024,13.743645],[100.498972,13.743423],[100.498921,13.743224],[100.498834,13.742939],[100.498541,13.742077],[100.498528,13.741971],[100.498537,13.741871],[100.498571,13.741771],[100.498602,13.7417],[100.498638,13.741638],[100.49868,13.741536],[100.49869,13.741511],[100.498691,13.741404],[100.498681,13.741329],[100.498467,13.740705],[100.498414,13.740613],[100.49836,13.740549],[100.498311,13.740508],[100.498233,13.74047],[100.498183,13.740458],[100.498135,13.740452],[100.498089,13.740452],[100.49805,13.740446],[100.497997,13.740418],[100.497979,13.740391],[100.497918,13.740281],[100.497026,13.737712],[100.496943,13.737488],[100.496928,13.73744],[100.496932,13.737382],[100.496781,13.736724],[100.496715,13.736359],[100.496573,13.736058],[100.496462,13.735796],[100.496359,13.735534],[100.496151,13.734931],[100.496103,13.734792],[100.49589,13.734177],[100.495867,13.73411],[100.495825,13.733991],[100.495624,13.73341],[100.495527,13.733128],[100.495251,13.73233],[100.494991,13.731579],[100.494845,13.731159],[100.494752,13.730887],[100.494729,13.730803],[100.494586,13.730868],[100.49461,13.730966],[100.494693,13.731209],[100.494922,13.731883],[100.495107,13.732426],[100.495464,13.733447],[100.495662,13.73396],[100.495677,13.734],[100.495714,13.7341],[100.495756,13.734214],[100.495859,13.734495],[100.495901,13.734605],[100.495969,13.734769],[100.495998,13.73486],[100.496024,13.73494],[100.496298,13.735758],[100.496458,13.736187],[100.496634,13.736592],[100.496684,13.7367],[100.496666,13.737048],[100.496644,13.73726],[100.496576,13.737255],[100.495976,13.737215],[100.495986,13.737031],[100.49599,13.737009],[100.495989,13.736995],[100.495984,13.736985],[100.495971,13.73698],[100.495799,13.73697],[100.495653,13.736968],[100.495537,13.736959],[100.495519,13.73695],[100.495507,13.736939],[100.495505,13.736922],[100.495522,13.736714],[100.495505,13.736922],[100.495507,13.736939],[100.495519,13.73695],[100.495537,13.736959],[100.495653,13.736968],[100.495799,13.73697],[100.495971,13.73698],[100.495984,13.736985],[100.495989,13.736995],[100.49599,13.737009],[100.495986,13.737031],[100.495976,13.737215],[100.496576,13.737255],[100.496644,13.73726],[100.496632,13.737395],[100.496685,13.737366],[100.496708,13.737354],[100.496743,13.737349],[100.496774,13.737352],[100.496805,13.737362],[100.496943,13.737488],[100.496928,13.73744],[100.496932,13.737382],[100.496781,13.736724],[100.496715,13.736359],[100.496573,13.736058],[100.496462,13.735796],[100.496359,13.735534],[100.496151,13.734931],[100.496103,13.734792],[100.496173,13.734558],[100.496213,13.734493],[100.496269,13.734436],[100.4964,13.734362],[100.496546,13.7343],[100.496658,13.734266],[100.496836,13.734201],[100.49711,13.734102],[100.497242,13.734053],[100.49736,13.734007],[100.497574,13.733935],[100.497693,13.733864],[100.497775,13.733836],[100.497755,13.733764],[100.497738,13.733705],[100.497696,13.733577],[100.497665,13.733485],[100.497649,13.733443],[100.497556,13.733159],[100.497508,13.733012],[100.497486,13.732976],[100.497446,13.732973],[100.49731,13.733022],[100.497144,13.733055],[100.497076,13.732805],[100.497144,13.733055],[100.49731,13.733022],[100.497446,13.732973],[100.497486,13.732976],[100.497508,13.733012],[100.497556,13.733159],[100.497649,13.733443],[100.497665,13.733485],[100.497696,13.733577],[100.497738,13.733705],[100.497755,13.733764],[100.497775,13.733836],[100.497693,13.733864],[100.49756,13.733877],[100.497416,13.733912],[100.497333,13.733941],[100.497214,13.733984],[100.49709,13.734028],[100.496846,13.734108],[100.496811,13.734119],[100.496628,13.734175],[100.496501,13.734221],[100.496285,13.734287],[100.496212,13.734297],[100.496145,13.734291],[100.496073,13.734269],[100.49589,13.734177],[100.495867,13.73411],[100.495825,13.733991],[100.495624,13.73341],[100.495527,13.733128],[100.495251,13.73233],[100.494991,13.731579],[100.494845,13.731159],[100.494752,13.730887],[100.494729,13.730803],[100.494654,13.730592],[100.494555,13.730311],[100.494154,13.729141],[100.494073,13.728907],[100.493993,13.728673],[100.493935,13.728503],[100.493679,13.727755],[100.493505,13.727247],[100.49347,13.727151],[100.493447,13.727053],[100.493447,13.726991],[100.493469,13.726922],[100.493528,13.72689],[100.493603,13.726836],[100.49365,13.726794],[100.493688,13.726755],[100.493722,13.726709],[100.493749,13.726662],[100.493786,13.726593],[100.493807,13.726533],[100.493823,13.726471],[100.493833,13.726401],[100.493835,13.72633],[100.493829,13.726253],[100.493821,13.726185],[100.493801,13.726106],[100.493774,13.726028],[100.493735,13.725957],[100.493697,13.725897],[100.493654,13.725844],[100.493604,13.725796],[100.493547,13.725748],[100.493488,13.72571],[100.493415,13.725672],[100.493339,13.725648],[100.493257,13.725631],[100.493167,13.725621],[100.493063,13.725619],[100.492988,13.725627],[100.492921,13.72564],[100.49286,13.725659],[100.492791,13.725692],[100.492697,13.725743],[100.492624,13.725797],[100.492569,13.725849],[100.492515,13.725915],[100.492468,13.725981],[100.49243,13.726056],[100.492408,13.726118],[100.492394,13.726183],[100.492382,13.726292],[100.492381,13.726367],[100.492388,13.726442],[100.492399,13.726496],[100.492417,13.726551],[100.49244,13.726602],[100.492471,13.726652],[100.492506,13.726701],[100.492546,13.726752],[100.492594,13.726803],[100.492645,13.726846],[100.492699,13.726881],[100.492756,13.726914],[100.492809,13.72694],[100.492868,13.726961],[100.492929,13.726977],[100.492996,13.726991],[100.493066,13.727],[100.493195,13.72705],[100.493247,13.727088],[100.493286,13.727128],[100.493319,13.727179],[100.493508,13.727769],[100.493819,13.72867],[100.493748,13.728649],[100.493473,13.728566],[100.493181,13.728479],[100.493014,13.728429],[100.492819,13.72837],[100.492705,13.728336],[100.49268,13.728329],[100.492647,13.728314],[100.492511,13.728251],[100.492323,13.728163],[100.492282,13.728138],[100.491878,13.72789],[100.49168,13.727767],[100.491497,13.727655],[100.491403,13.727625],[100.491401,13.727642],[100.491389,13.727691],[100.49136,13.727844],[100.491334,13.727898],[100.491311,13.727947],[100.491154,13.72827],[100.490947,13.728697],[100.490861,13.728875],[100.490829,13.72886]]},"properties":{"type":"route","walk_index":11,"n_stops":6,"total_km":9.75}},{"type":"Feature","geometry":{"type":"LineString","coordinates":[[100.492674,13.752458],[100.49278,13.752461],[100.493404,13.752464],[100.493415,13.752464],[100.493551,13.752466],[100.493566,13.752369],[100.493585,13.752245],[100.493595,13.752179],[100.49365,13.751819],[100.49366,13.751752],[100.493697,13.751494],[100.493751,13.751154],[100.493755,13.751126],[100.493771,13.751022],[100.493793,13.750871],[100.493798,13.750841],[100.493964,13.749745],[100.494063,13.749758],[100.494311,13.749776],[100.494439,13.749786],[100.494913,13.749821],[100.495103,13.749835],[100.495186,13.749841],[100.495517,13.749856],[100.495603,13.74986],[100.495804,13.749869],[100.496079,13.749881],[100.496124,13.749883],[100.496124,13.749708],[100.49612,13.749503],[100.496124,13.748878],[100.496117,13.748339],[100.496108,13.747407],[100.496107,13.747306],[100.49598,13.747312],[100.494622,13.74738],[100.494569,13.747383],[100.494544,13.747386],[100.494466,13.747398],[100.494355,13.747429],[100.494345,13.747402],[100.494326,13.74738],[100.494301,13.747366],[100.494272,13.74736],[100.494245,13.747364],[100.49422,13.747376],[100.4942,13.747395],[100.494188,13.747419],[100.494185,13.747439],[100.494184,13.747445],[100.494189,13.747472],[100.494202,13.747495],[100.494222,13.747514],[100.494247,13.747525],[100.494274,13.747528],[100.494264,13.747772],[100.494261,13.74779],[100.494068,13.74906],[100.493964,13.749745],[100.493798,13.750841],[100.493793,13.750871],[100.493771,13.751022],[100.493755,13.751126],[100.493751,13.751154],[100.493697,13.751494],[100.49366,13.751752],[100.49365,13.751819],[100.493595,13.752179],[100.493585,13.752245],[100.493566,13.752369],[100.493551,13.752466],[100.493415,13.752464],[100.493404,13.752464],[100.49278,13.752461],[100.492663,13.752458],[100.49278,13.752461],[100.492976,13.752539],[100.49316,13.752641],[100.493282,13.752742],[100.493349,13.752798],[100.493466,13.752932],[100.493581,13.753104],[100.493596,13.75316],[100.493641,13.753321],[100.493875,13.754169],[100.493927,13.754356],[100.494077,13.754887],[100.494097,13.754958],[100.494205,13.755346],[100.494291,13.755652],[100.494351,13.755869],[100.494388,13.756004],[100.494493,13.756369],[100.494535,13.756687],[100.494663,13.757022],[100.494673,13.757047],[100.49471,13.757124],[100.494781,13.75722],[100.494908,13.757341],[100.495039,13.75744],[100.495154,13.757514],[100.495241,13.757561],[100.495651,13.757796],[100.495847,13.757895],[100.495986,13.757913],[100.49605,13.757922],[100.496187,13.757928],[100.496308,13.757919],[100.496436,13.757899],[100.49725,13.757737],[100.498206,13.757551],[100.498714,13.757449],[100.498672,13.757235],[100.498151,13.757338],[100.49721,13.757531],[100.497188,13.757393],[100.497186,13.757385],[100.497136,13.757053],[100.497129,13.756348],[100.497131,13.756126],[100.497122,13.756065],[100.497123,13.756058],[100.497125,13.755984],[100.497126,13.755976],[100.497141,13.755936],[100.496356,13.756138],[100.496316,13.756132],[100.496284,13.756106],[100.496278,13.756054],[100.496349,13.755615],[100.496278,13.756054],[100.496284,13.756106],[100.496316,13.756132],[100.496356,13.756138],[100.497141,13.755936],[100.497126,13.755976],[100.497125,13.755984],[100.497123,13.756058],[100.497122,13.756065],[100.497131,13.756126],[100.497129,13.756348],[100.497136,13.757053],[100.498116,13.756871],[100.498823,13.756711],[100.498856,13.756703],[100.498891,13.756975],[100.498898,13.757026],[100.498918,13.757185],[100.498932,13.757296],[100.498946,13.757402],[100.498967,13.757568],[100.498972,13.757607],[100.499008,13.757887],[100.499034,13.758095],[100.499074,13.758404],[100.499138,13.758904],[100.499193,13.759337],[100.499202,13.759402],[100.499218,13.75953],[100.499217,13.759648],[100.499177,13.759754],[100.499093,13.759883],[100.499074,13.75987],[100.499016,13.759851],[100.498973,13.759855],[100.498938,13.759869],[100.498914,13.759888],[100.498905,13.759898],[100.49889,13.759922],[100.498879,13.759965],[100.49888,13.759996],[100.498751,13.760034],[100.497468,13.760771],[100.497078,13.761013],[100.497027,13.76106],[100.49656,13.76062],[100.496502,13.760569],[100.496134,13.760235],[100.496071,13.760311],[100.495775,13.760667],[100.495549,13.760947],[100.495278,13.760741],[100.495241,13.760787],[100.49518,13.760863],[100.495158,13.760891],[100.49518,13.760863],[100.495241,13.760787],[100.495278,13.760741],[100.495033,13.760561],[100.494983,13.760531],[100.49502,13.760455],[100.495437,13.759958],[100.495544,13.75984],[100.495636,13.759746],[100.495605,13.759712],[100.496048,13.759498],[100.496092,13.759476],[100.496161,13.759443],[100.496414,13.759321],[100.496849,13.759111],[100.497034,13.759021],[100.497063,13.759007],[100.497245,13.758919],[100.497347,13.75887],[100.497431,13.758829],[100.497558,13.758767],[100.497592,13.758752],[100.497952,13.758578],[100.497996,13.758556],[100.498128,13.758492],[100.498858,13.758155],[100.499007,13.758105],[100.499034,13.758095],[100.499074,13.758404],[100.499138,13.758904],[100.499193,13.759337],[100.499202,13.759402],[100.499218,13.75953],[100.499217,13.759648],[100.499177,13.759754],[100.499093,13.759883],[100.499074,13.75987],[100.499016,13.759851],[100.498973,13.759855],[100.498938,13.759869],[100.498914,13.759888],[100.498905,13.759898],[100.49889,13.759922],[100.498879,13.759965],[100.49888,13.759996],[100.498898,13.760039],[100.498945,13.760142],[100.499178,13.760489],[100.499442,13.760882],[100.499678,13.761234],[100.499762,13.761181],[100.49986,13.761122],[100.499998,13.761033],[100.500523,13.760687],[100.501308,13.760175],[100.501506,13.760047],[100.501459,13.759979],[100.501402,13.75989],[100.501331,13.759778],[100.501051,13.759361],[100.500905,13.759104],[100.500866,13.759036],[100.50058,13.759187],[100.500866,13.759036],[100.500905,13.759104],[100.501051,13.759361],[100.501331,13.759778],[100.501402,13.75989],[100.501459,13.759979],[100.501506,13.760047],[100.502031,13.759704],[100.502434,13.759439],[100.502484,13.759405],[100.502513,13.759454],[100.50258,13.759569],[100.502862,13.760029],[100.503028,13.760286],[100.503186,13.760543],[100.503321,13.760757],[100.503353,13.76081],[100.503536,13.761134],[100.503653,13.761337],[100.503803,13.7616],[100.503951,13.761856],[100.504012,13.761951],[100.504151,13.762167],[100.504191,13.762224],[100.504216,13.762262],[100.504305,13.762391],[100.504172,13.762601],[100.504015,13.762873],[100.503464,13.763824],[100.503323,13.764069],[100.502885,13.764843],[100.502752,13.765079],[100.502631,13.76529],[100.502576,13.765267],[100.502546,13.765253],[100.502515,13.765249],[100.502175,13.765262],[100.501974,13.764934],[100.501867,13.764748],[100.501863,13.764734],[100.501629,13.764823],[100.501605,13.764824],[100.501584,13.76481],[100.501526,13.764682],[100.501464,13.764515],[100.501469,13.764478],[100.501491,13.764461],[100.501581,13.764414],[100.501491,13.764461],[100.501469,13.764478],[100.501464,13.764515],[100.501526,13.764682],[100.50123,13.764823],[100.501072,13.764898],[100.500818,13.765025],[100.501113,13.765567],[100.50101,13.765655],[100.501029,13.765669],[100.501199,13.766062],[100.501199,13.766062],[100.501199,13.766062],[100.501029,13.765669],[100.50101,13.765655],[100.500983,13.765654],[100.500452,13.765871],[100.500406,13.765793],[100.500058,13.765914],[100.500054,13.765916],[100.499891,13.765999],[100.499696,13.766098],[100.499267,13.766332],[100.499696,13.766098],[100.499891,13.765999],[100.500054,13.765916],[100.500058,13.765914],[100.500406,13.765793],[100.500265,13.765561],[100.500166,13.765384],[100.500135,13.765328],[100.499894,13.764913],[100.499851,13.764834],[100.499641,13.764466],[100.499629,13.764445],[100.499378,13.764011],[100.499368,13.763996],[100.499158,13.763652],[100.498863,13.763143],[100.498662,13.762801],[100.498639,13.762766],[100.498521,13.762553],[100.498389,13.762361],[100.498355,13.762319],[100.498245,13.762183],[100.498118,13.762268],[100.497986,13.762356],[100.497201,13.762876],[100.496794,13.763149],[100.496673,13.76323],[100.496633,13.763257],[100.496445,13.763384],[100.496375,13.763431],[100.496032,13.763663],[100.496072,13.763717],[100.496284,13.764005],[100.496289,13.764012],[100.49647,13.76425],[100.49666,13.764504],[100.496838,13.764763],[100.496982,13.764973],[100.497484,13.7647],[100.497592,13.764639]]},"properties":{"type":"route","walk_index":12,"n_stops":9,"total_km":9.06}},{"type":"Feature","geometry":{"type":"LineString","coordinates":[[100.492674,13.752458],[100.49278,13.752461],[100.493404,13.752464],[100.493415,13.752464],[100.493551,13.752466],[100.493566,13.752369],[100.493585,13.752245],[100.493595,13.752179],[100.49365,13.751819],[100.49366,13.751752],[100.493697,13.751494],[100.493751,13.751154],[100.493755,13.751126],[100.493771,13.751022],[100.493793,13.750871],[100.493798,13.750841],[100.493964,13.749745],[100.494063,13.749758],[100.494311,13.749776],[100.494439,13.749786],[100.494913,13.749821],[100.495103,13.749835],[100.495186,13.749841],[100.495517,13.749856],[100.495603,13.74986],[100.495804,13.749869],[100.496079,13.749881],[100.496124,13.749883],[100.496124,13.749708],[100.49612,13.749503],[100.496124,13.748878],[100.496117,13.748339],[100.496108,13.747407],[100.496107,13.747306],[100.49598,13.747312],[100.494622,13.74738],[100.494569,13.747383],[100.494544,13.747386],[100.494466,13.747398],[100.494355,13.747429],[100.494345,13.747402],[100.494326,13.74738],[100.494301,13.747366],[100.494272,13.74736],[100.494245,13.747364],[100.49422,13.747376],[100.4942,13.747395],[100.494188,13.747419],[100.494185,13.747439],[100.494184,13.747445],[100.494189,13.747472],[100.494202,13.747495],[100.494222,13.747514],[100.494247,13.747525],[100.494274,13.747528],[100.494264,13.747772],[100.494261,13.74779],[100.494068,13.74906],[100.493964,13.749745],[100.493798,13.750841],[100.493793,13.750871],[100.493771,13.751022],[100.493755,13.751126],[100.493751,13.751154],[100.493697,13.751494],[100.49366,13.751752],[100.49365,13.751819],[100.493595,13.752179],[100.493585,13.752245],[100.493566,13.752369],[100.493551,13.752466],[100.493415,13.752464],[100.493404,13.752464],[100.49278,13.752461],[100.492663,13.752458],[100.49278,13.752461],[100.492976,13.752539],[100.49316,13.752641],[100.493282,13.752742],[100.493349,13.752798],[100.493466,13.752932],[100.493581,13.753104],[100.493596,13.75316],[100.493641,13.753321],[100.493875,13.754169],[100.493927,13.754356],[100.494077,13.754887],[100.494097,13.754958],[100.494205,13.755346],[100.494291,13.755652],[100.494351,13.755869],[100.494388,13.756004],[100.494493,13.756369],[100.494535,13.756687],[100.494663,13.757022],[100.494673,13.757047],[100.49471,13.757124],[100.494781,13.75722],[100.494908,13.757341],[100.495039,13.75744],[100.495154,13.757514],[100.495241,13.757561],[100.495651,13.757796],[100.495847,13.757895],[100.495986,13.757913],[100.49605,13.757922],[100.496187,13.757928],[100.496308,13.757919],[100.496436,13.757899],[100.49725,13.757737],[100.498206,13.757551],[100.498714,13.757449],[100.498672,13.757235],[100.498151,13.757338],[100.49721,13.757531],[100.497188,13.757393],[100.497186,13.757385],[100.497136,13.757053],[100.497129,13.756348],[100.497131,13.756126],[100.497122,13.756065],[100.497123,13.756058],[100.497125,13.755984],[100.497126,13.755976],[100.497141,13.755936],[100.496356,13.756138],[100.496316,13.756132],[100.496284,13.756106],[100.496278,13.756054],[100.496349,13.755615],[100.496278,13.756054],[100.496284,13.756106],[100.496316,13.756132],[100.496356,13.756138],[100.497141,13.755936],[100.497126,13.755976],[100.497125,13.755984],[100.497123,13.756058],[100.497122,13.756065],[100.497131,13.756126],[100.497129,13.756348],[100.497136,13.757053],[100.498116,13.756871],[100.498823,13.756711],[100.498856,13.756703],[100.498891,13.756975],[100.498898,13.757026],[100.498918,13.757185],[100.498932,13.757296],[100.498946,13.757402],[100.498967,13.757568],[100.498972,13.757607],[100.499008,13.757887],[100.499034,13.758095],[100.499074,13.758404],[100.499138,13.758904],[100.499193,13.759337],[100.499202,13.759402],[100.499218,13.75953],[100.499217,13.759648],[100.499177,13.759754],[100.499093,13.759883],[100.499074,13.75987],[100.499016,13.759851],[100.498973,13.759855],[100.498938,13.759869],[100.498914,13.759888],[100.498905,13.759898],[100.49889,13.759922],[100.498879,13.759965],[100.49888,13.759996],[100.498751,13.760034],[100.497468,13.760771],[100.497078,13.761013],[100.497027,13.76106],[100.49656,13.76062],[100.496502,13.760569],[100.496134,13.760235],[100.496071,13.760311],[100.495775,13.760667],[100.495549,13.760947],[100.495278,13.760741],[100.495241,13.760787],[100.49518,13.760863],[100.495158,13.760891],[100.49518,13.760863],[100.495241,13.760787],[100.495278,13.760741],[100.495033,13.760561],[100.494983,13.760531],[100.49502,13.760455],[100.495437,13.759958],[100.495544,13.75984],[100.495636,13.759746],[100.495605,13.759712],[100.495523,13.759622],[100.495465,13.759558],[100.495391,13.759468],[100.495236,13.759275],[100.495188,13.759198],[100.495112,13.759082],[100.495034,13.758921],[100.494981,13.75886],[100.494957,13.758824],[100.494932,13.758788],[100.494834,13.758626],[100.494808,13.758591],[100.494776,13.758565],[100.494745,13.758546],[100.494702,13.758528],[100.49461,13.758497],[100.494193,13.758405],[100.494143,13.758401],[100.49409,13.758405],[100.494047,13.758417],[100.494017,13.758432],[100.493986,13.758459],[100.493245,13.759294],[100.492872,13.759733],[100.492633,13.760018],[100.491961,13.760861],[100.491915,13.760819],[100.491822,13.760732],[100.491796,13.760708],[100.491771,13.760632],[100.491743,13.760579],[100.491735,13.760545],[100.491732,13.760505],[100.491783,13.760419],[100.492176,13.759999],[100.492309,13.759867],[100.492422,13.759749],[100.492522,13.759639],[100.492624,13.759524],[100.492531,13.759442],[100.492186,13.75979],[100.491931,13.760043],[100.491905,13.760016],[100.491895,13.760006],[100.49169,13.759776],[100.491696,13.759771],[100.49169,13.759776],[100.491895,13.760006],[100.491905,13.760016],[100.491931,13.760043],[100.49165,13.760339],[100.491607,13.760436],[100.491602,13.760491],[100.49164,13.76058],[100.491712,13.760664],[100.491796,13.760708],[100.491822,13.760732],[100.491915,13.760819],[100.491961,13.760861],[100.49212,13.760984],[100.492749,13.761473],[100.492889,13.761582],[100.49298,13.761648],[100.49353,13.762072],[100.493791,13.762277],[100.493934,13.762389],[100.494227,13.762625],[100.494476,13.762829],[100.494542,13.762883],[100.494626,13.762951],[100.494644,13.762966],[100.494788,13.763083],[100.494834,13.76312],[100.494899,13.763172],[100.494931,13.763198],[100.495148,13.763372],[100.495203,13.763416],[100.495224,13.763432],[100.495491,13.763645],[100.495585,13.763712],[100.495662,13.763736],[100.495747,13.763747],[100.495836,13.763741],[100.49595,13.763712],[100.495982,13.763693],[100.496032,13.763663],[100.496072,13.763717],[100.496284,13.764005],[100.496289,13.764012],[100.49647,13.76425],[100.49666,13.764504],[100.496838,13.764763],[100.496982,13.764973],[100.497484,13.7647],[100.497592,13.764639],[100.497677,13.764591],[100.497878,13.764477],[100.498187,13.764215],[100.499158,13.763652],[100.499368,13.763996],[100.499378,13.764011],[100.499629,13.764445],[100.499641,13.764466],[100.499851,13.764834],[100.499894,13.764913],[100.500135,13.765328],[100.500166,13.765384],[100.500265,13.765561],[100.500406,13.765793],[100.500058,13.765914],[100.500054,13.765916],[100.499891,13.765999],[100.499696,13.766098],[100.499267,13.766332],[100.499696,13.766098],[100.499891,13.765999],[100.500054,13.765916],[100.500058,13.765914],[100.500406,13.765793],[100.500452,13.765871],[100.500553,13.766029],[100.500566,13.766049],[100.500589,13.766086],[100.500674,13.766223],[100.50073,13.766313],[100.500956,13.766693],[100.500967,13.766711],[100.501059,13.766852],[100.501101,13.766912],[100.501141,13.766956],[100.501293,13.766867],[100.501311,13.766856],[100.50133,13.766844],[100.501765,13.766546],[100.501888,13.766467],[100.502164,13.766294],[100.502224,13.766249],[100.502292,13.766185],[100.502321,13.766284],[100.502385,13.766505],[100.502402,13.766565],[100.502481,13.766838],[100.502755,13.766767],[100.50277,13.766759],[100.502786,13.766745]]},"properties":{"type":"route","walk_index":13,"n_stops":8,"total_km":7.99}},{"type":"Feature","geometry":{"type":"LineString","coordinates":[[100.4927,13.7516],[100.4926905,13.7515102],[100.49278,13.752461],[100.493404,13.752464],[100.493415,13.752464],[100.493551,13.752466],[100.493566,13.752369],[100.493585,13.752245],[100.493595,13.752179],[100.49365,13.751819],[100.49366,13.751752],[100.493697,13.751494],[100.493751,13.751154],[100.493755,13.751126],[100.493771,13.751022],[100.493868,13.751032],[100.493933,13.751039],[100.494172,13.751064],[100.494327,13.751079],[100.495001,13.751147],[100.495365,13.751186],[100.495995,13.751251],[100.496049,13.751257],[100.496097,13.751262],[100.49614,13.751266],[100.496327,13.751271],[100.496394,13.751278],[100.496403,13.751175],[100.496411,13.751079],[100.496428,13.750894],[100.49647,13.750418],[100.496509,13.749982],[100.496525,13.749801],[100.496527,13.749728],[100.496658,13.749724],[100.497113,13.74971],[100.497184,13.749706],[100.497218,13.749704],[100.497525,13.749689],[100.49758,13.749687],[100.497798,13.749676],[100.497862,13.74967],[100.4979,13.749651],[100.497929,13.749637],[100.497936,13.74963],[100.498019,13.749614],[100.498041,13.749612],[100.498764,13.749575],[100.498903,13.749567],[100.499042,13.74956],[100.499205,13.749552],[100.500041,13.749508],[100.500073,13.749506],[100.50016,13.749502],[100.500136,13.749336],[100.500015,13.748528],[100.499981,13.748303],[100.49997,13.748225],[100.50006,13.748216],[100.501222,13.748091],[100.501283,13.748098],[100.501329,13.748226],[100.501354,13.748292],[100.501355,13.748301],[100.501363,13.748372],[100.501371,13.748432],[100.501429,13.748914],[100.501567,13.750048],[100.501642,13.750659],[100.501691,13.751059],[100.501743,13.751484],[100.501746,13.751513],[100.501743,13.751545],[100.501741,13.751553],[100.501736,13.751574],[100.501711,13.751652],[100.501517,13.75166],[100.501052,13.751694],[100.500969,13.751738],[100.500923,13.751778],[100.500888,13.751825],[100.50084,13.75194],[100.500882,13.75204],[100.500899,13.752098],[100.500921,13.752179],[100.500951,13.752265],[100.500961,13.752319],[100.501003,13.752572],[100.501018,13.752671],[100.501088,13.753097],[100.501102,13.753176],[100.501121,13.753278],[100.50113,13.753328],[100.501147,13.753424],[100.50105,13.753439],[100.501041,13.75344],[100.500996,13.753447],[100.500495,13.753524],[100.500301,13.753554],[100.500295,13.753555],[100.500084,13.753588],[100.499939,13.75361],[100.499821,13.753628],[100.499209,13.753723],[100.499189,13.753726],[100.49906,13.753746],[100.498995,13.753756],[100.498872,13.753775],[100.498856,13.753777],[100.498607,13.753815],[100.498576,13.75382],[100.498492,13.753833],[100.498512,13.753987],[100.498525,13.754094],[100.498529,13.754123],[100.498583,13.754501],[100.498593,13.754571],[100.498603,13.754647],[100.498637,13.754888],[100.498684,13.754881],[100.498762,13.754868],[100.4988,13.754862],[100.49879,13.754881],[100.49879,13.75491],[100.498812,13.75509],[100.499051,13.755059],[100.499058,13.755058],[100.499345,13.755021],[100.499416,13.755012],[100.499345,13.755021],[100.499058,13.755058],[100.499051,13.755059],[100.498812,13.75509],[100.49879,13.75491],[100.49879,13.754881],[100.4988,13.754862],[100.498762,13.754868],[100.498684,13.754881],[100.498637,13.754888],[100.498722,13.755506],[100.498727,13.755545],[100.498737,13.755631],[100.498743,13.755688],[100.498764,13.755897],[100.498766,13.755915],[100.498813,13.756311],[100.498856,13.756703],[100.498891,13.756975],[100.498898,13.757026],[100.498918,13.757185],[100.498932,13.757296],[100.498946,13.757402],[100.499103,13.75737],[100.499424,13.757306],[100.500398,13.757106],[100.501198,13.756933],[100.501237,13.756924],[100.501264,13.756918],[100.501406,13.75692],[100.501573,13.756939],[100.501613,13.756974],[100.501699,13.757022],[100.501787,13.757046],[100.501911,13.757043],[100.502026,13.757],[100.502106,13.756939],[100.502161,13.756868],[100.502188,13.756811],[100.502209,13.756704],[100.5022,13.756635],[100.502173,13.756535],[100.502112,13.756446],[100.502087,13.756424],[100.502217,13.756305],[100.502245,13.756275],[100.50226,13.75625],[100.502287,13.756181],[100.502303,13.75609],[100.502305,13.756064],[100.50231,13.755995],[100.502336,13.755971],[100.502366,13.75597],[100.50257,13.755934],[100.502761,13.755896],[100.503109,13.755831],[100.503236,13.755808],[100.503515,13.755746],[100.503687,13.755712],[100.503753,13.755699],[100.504069,13.755587],[100.504062,13.755556],[100.504044,13.755484],[100.503966,13.75518],[100.503899,13.754921],[100.503894,13.754898],[100.503823,13.754631],[100.504049,13.754565],[100.504155,13.754533],[100.504049,13.754565],[100.503823,13.754631],[100.503894,13.754898],[100.503899,13.754921],[100.503966,13.75518],[100.504044,13.755484],[100.504062,13.755556],[100.504069,13.755587],[100.50423,13.755532],[100.504262,13.75552],[100.504741,13.755348],[100.505125,13.755209],[100.505266,13.755157],[100.505285,13.755266],[100.505283,13.755385],[100.505265,13.755512],[100.505258,13.755613],[100.505251,13.755642],[100.505224,13.755793],[100.505211,13.755845],[100.505188,13.755917],[100.505069,13.755935],[100.504757,13.75599],[100.504607,13.756021],[100.504569,13.756029],[100.504366,13.75607],[100.503362,13.756278],[100.50251,13.756455],[100.502458,13.756466],[100.502434,13.756471],[100.502331,13.756469],[100.502112,13.756446],[100.502087,13.756424],[100.502034,13.756385],[100.501974,13.756356],[100.501841,13.756225],[100.501815,13.756201],[100.501788,13.756176],[100.501763,13.756146],[100.50172,13.756085],[100.501711,13.756048],[100.501706,13.756028],[100.501701,13.756009],[100.501693,13.755977],[100.501448,13.755013],[100.501442,13.754989],[100.501423,13.754916],[100.50142,13.754902],[100.501403,13.754836],[100.501384,13.754737],[100.50138,13.754718],[100.501369,13.754646],[100.501305,13.754284],[100.501295,13.754226],[100.501168,13.753538],[100.501147,13.753424],[100.50113,13.753328],[100.501121,13.753278],[100.501102,13.753176],[100.501088,13.753097],[100.501018,13.752671],[100.501003,13.752572],[100.500961,13.752319],[100.500951,13.752265],[100.500961,13.75217],[100.500981,13.752097],[100.50102,13.752052],[100.501088,13.752019],[100.501474,13.751968],[100.501695,13.751948],[100.501877,13.751934],[100.50192,13.751931],[100.501994,13.751925],[100.502077,13.751916],[100.502086,13.751917],[100.502094,13.751917],[100.502136,13.751921],[100.502424,13.751947],[100.502683,13.751972],[100.502718,13.751975],[100.503042,13.752003],[100.503137,13.752011],[100.503252,13.752021],[100.503324,13.752028],[100.503618,13.752057],[100.503669,13.752062],[100.503813,13.752075],[100.504407,13.75213],[100.504428,13.752132],[100.504522,13.752136],[100.50454,13.752209],[100.504559,13.752291],[100.504619,13.752539],[100.504639,13.75262],[100.504659,13.752699],[100.504587,13.752716],[100.504571,13.75272],[100.503966,13.752866],[100.503797,13.752906],[100.503803,13.75293],[100.503809,13.752953],[100.503821,13.753006],[100.503841,13.753089],[100.503854,13.753144],[100.503882,13.753261],[100.503886,13.753276],[100.503937,13.753494],[100.50395,13.753549],[100.503937,13.753494],[100.503886,13.753276],[100.503882,13.753261],[100.503854,13.753144],[100.503841,13.753089],[100.503821,13.753006],[100.503809,13.752953],[100.503803,13.75293],[100.503797,13.752906],[100.503763,13.752915],[100.503642,13.752944],[100.503353,13.753014],[100.503203,13.75305],[100.503176,13.753056],[100.503143,13.753064],[100.503097,13.753089],[100.50308,13.753098],[100.50306,13.753109],[100.502996,13.753142],[100.502402,13.753239],[100.502381,13.753242],[100.502289,13.753257],[100.502265,13.753261],[100.502188,13.753257],[100.502141,13.75291],[100.502138,13.752885],[100.502104,13.752637],[100.502055,13.752273],[100.502027,13.752064],[100.502012,13.752],[100.502009,13.751988],[100.502004,13.751969],[100.501994,13.751925],[100.501946,13.75171],[100.501927,13.751467],[100.501884,13.751042],[100.501843,13.750641],[100.501822,13.750441],[100.501785,13.7501],[100.501736,13.749673],[100.501696,13.749332],[100.501651,13.748948],[100.501646,13.748894],[100.501641,13.748849],[100.501591,13.748306],[100.501589,13.748273],[100.501586,13.74825],[100.501557,13.748188],[100.501525,13.748152],[100.501492,13.748126],[100.501433,13.748099],[100.501373,13.74807],[100.501332,13.748045],[100.501292,13.748005],[100.501269,13.747974],[100.50125,13.747946],[100.501248,13.747932],[100.501187,13.747595],[100.501115,13.747202],[100.501105,13.747146],[100.501089,13.747057],[100.50119,13.747052],[100.501207,13.747051],[100.502051,13.747009],[100.502116,13.747006],[100.502567,13.746983],[100.503043,13.746959],[100.503069,13.746957],[100.50317,13.746953],[100.503285,13.746927],[100.503327,13.746917],[100.503761,13.746818],[100.504002,13.746761],[100.504136,13.746732],[100.504176,13.746719],[100.504268,13.74668],[100.504385,13.746605],[100.505107,13.746054],[100.505144,13.746099],[100.505163,13.74611],[100.505322,13.746357],[100.505617,13.74691],[100.505869,13.747339],[100.506,13.747582],[100.505882,13.747639],[100.506,13.747582],[100.506215,13.747998],[100.506743,13.747731],[100.506849,13.747682],[100.50689,13.747778],[100.506925,13.747854],[100.50695,13.747909],[100.506982,13.747992],[100.507028,13.748087],[100.507087,13.748245],[100.507103,13.748287],[100.507339,13.748854],[100.507354,13.748891],[100.507496,13.749209],[100.507559,13.74935],[100.507643,13.749529],[100.5078,13.749875],[100.507863,13.750015],[100.50793,13.750163],[100.508002,13.750325],[100.508201,13.75077],[100.508224,13.750821],[100.508283,13.750953],[100.508476,13.751355],[100.508672,13.751758],[100.508737,13.751902],[100.508868,13.751869],[100.508934,13.751845],[100.509502,13.751645],[100.50924,13.750727],[100.50919,13.750293],[100.509171,13.750132],[100.509151,13.749957],[100.509134,13.749811],[100.509126,13.749748],[100.509111,13.749614],[100.509559,13.749397],[100.509111,13.749614],[100.509084,13.749213],[100.509005,13.748606],[100.508974,13.748369],[100.509897,13.747885],[100.510756,13.747393],[100.510808,13.747461],[100.510961,13.747837],[100.511106,13.748194],[100.511492,13.747987],[100.511524,13.74797],[100.511866,13.74779],[100.511894,13.747765],[100.51195,13.747709],[100.512055,13.747556],[100.512183,13.747393],[100.512366,13.747192],[100.512804,13.747514],[100.512981,13.747647],[100.513086,13.747737],[100.513227,13.747859],[100.513237,13.74787],[100.513308,13.747819],[100.513319,13.747811],[100.513329,13.747765],[100.513277,13.747502],[100.513263,13.747431],[100.51324,13.747371],[100.513228,13.747338],[100.51321,13.74729],[100.513381,13.747258],[100.513522,13.747232],[100.513545,13.747212],[100.513562,13.747184],[100.513542,13.747063],[100.513542,13.747062],[100.513525,13.746956],[100.513503,13.746926],[100.51346,13.746911],[100.513332,13.74693],[100.51315,13.746958],[100.513142,13.746882],[100.513117,13.746652],[100.513103,13.746545],[100.513099,13.746523],[100.51308,13.746396],[100.513052,13.746231],[100.513036,13.746155],[100.512907,13.746178],[100.512877,13.746184],[100.512022,13.746356],[100.51175,13.746411],[100.511594,13.746192],[100.511497,13.745992],[100.511404,13.745811],[100.511197,13.745405],[100.510751,13.744658],[100.51042,13.744063],[100.510026,13.744287]]},"properties":{"type":"route","walk_index":14,"n_stops":10,"total_km":9.87}},{"type":"Feature","geometry":{"type":"LineString","coordinates":[[100.4927,13.7516],[100.4926905,13.7515102],[100.49278,13.752461],[100.493404,13.752464],[100.493415,13.752464],[100.493551,13.752466],[100.493566,13.752369],[100.493585,13.752245],[100.493595,13.752179],[100.49365,13.751819],[100.49366,13.751752],[100.493697,13.751494],[100.493751,13.751154],[100.493755,13.751126],[100.493771,13.751022],[100.493793,13.750871],[100.493798,13.750841],[100.493964,13.749745],[100.494063,13.749758],[100.494311,13.749776],[100.494439,13.749786],[100.494913,13.749821],[100.495103,13.749835],[100.495186,13.749841],[100.495517,13.749856],[100.495603,13.74986],[100.495804,13.749869],[100.496079,13.749881],[100.496124,13.749883],[100.496124,13.749708],[100.49612,13.749503],[100.496124,13.748878],[100.496117,13.748339],[100.496108,13.747407],[100.496107,13.747306],[100.496105,13.747218],[100.496087,13.745992],[100.496088,13.745604],[100.496088,13.745503],[100.496093,13.745427],[100.496114,13.745258],[100.496134,13.745127],[100.496136,13.745113],[100.496204,13.744633],[100.496212,13.744541],[100.496212,13.744447],[100.496194,13.744339],[100.49615,13.744244],[100.496084,13.744157],[100.495699,13.743763],[100.495511,13.743563],[100.495298,13.743339],[100.494865,13.742882],[100.494786,13.742866],[100.494715,13.74286],[100.494645,13.742867],[100.494568,13.742887],[100.494459,13.742926],[100.494353,13.742963],[100.494345,13.742967],[100.494316,13.742982],[100.493955,13.743159],[100.493773,13.743271],[100.493624,13.743393],[100.493551,13.743467],[100.493482,13.743532],[100.493237,13.743776],[100.493011,13.744037],[100.492825,13.744219],[100.492706,13.744352],[100.492505,13.744565],[100.492359,13.744722],[100.492313,13.744771],[100.491954,13.745151],[100.491925,13.745197],[100.491957,13.745214],[100.491977,13.745222],[100.491999,13.745231],[100.492796,13.745517],[100.492874,13.745545],[100.493149,13.745642],[100.493721,13.745847],[100.494239,13.746043],[100.494265,13.746053],[100.494345,13.746085],[100.494392,13.745765],[100.494413,13.745624],[100.494434,13.745478],[100.49462,13.745475],[100.49491,13.74547],[100.495186,13.745465],[100.495696,13.745451],[100.495821,13.745445],[100.495928,13.74544],[100.495994,13.745434],[100.496026,13.745432],[100.496093,13.745427],[100.496206,13.745416],[100.496387,13.745398],[100.496465,13.745389],[100.496609,13.745374],[100.497219,13.745311],[100.497328,13.745306],[100.497398,13.745305],[100.497509,13.745304],[100.497866,13.745288],[100.498021,13.745277],[100.498333,13.745254],[100.49866,13.745225],[100.49923,13.74517],[100.499344,13.74516],[100.49931,13.744981],[100.499281,13.744843],[100.499215,13.744535],[100.499207,13.744499],[100.499144,13.7442],[100.499074,13.743873],[100.499024,13.743645],[100.498972,13.743423],[100.498921,13.743224],[100.498834,13.742939],[100.498541,13.742077],[100.498528,13.741971],[100.498537,13.741871],[100.498571,13.741771],[100.498602,13.7417],[100.498638,13.741638],[100.49868,13.741536],[100.49869,13.741511],[100.498691,13.741404],[100.498681,13.741329],[100.498467,13.740705],[100.498414,13.740613],[100.49836,13.740549],[100.498311,13.740508],[100.498233,13.74047],[100.498183,13.740458],[100.498135,13.740452],[100.498089,13.740452],[100.49805,13.740446],[100.497997,13.740418],[100.497979,13.740391],[100.497918,13.740281],[100.497026,13.737712],[100.496943,13.737488],[100.496928,13.73744],[100.496932,13.737382],[100.496781,13.736724],[100.496715,13.736359],[100.496573,13.736058],[100.496462,13.735796],[100.496359,13.735534],[100.496151,13.734931],[100.496103,13.734792],[100.49589,13.734177],[100.495867,13.73411],[100.495825,13.733991],[100.495624,13.73341],[100.495527,13.733128],[100.495251,13.73233],[100.494991,13.731579],[100.494845,13.731159],[100.494752,13.730887],[100.494729,13.730803],[100.494586,13.730868],[100.49461,13.730966],[100.494693,13.731209],[100.494922,13.731883],[100.495107,13.732426],[100.495464,13.733447],[100.495662,13.73396],[100.495677,13.734],[100.495714,13.7341],[100.495756,13.734214],[100.495623,13.734203],[100.495456,13.734199],[100.495312,13.734196],[100.495248,13.734195],[100.495168,13.734194],[100.495087,13.734217],[100.494857,13.734283],[100.494596,13.734383],[100.494446,13.734456],[100.494317,13.73457],[100.494266,13.734649],[100.494231,13.734716],[100.494178,13.734836],[100.494086,13.735156],[100.494065,13.735258],[100.494047,13.735354],[100.493991,13.735521],[100.493961,13.735589],[100.493905,13.735691],[100.493773,13.735935],[100.493642,13.736075],[100.49352,13.736184],[100.493228,13.736409],[100.493149,13.736474],[100.49308,13.736489],[100.493072,13.736491],[100.493016,13.736531],[100.492984,13.736555],[100.492977,13.73656],[100.492839,13.736668],[100.492812,13.736728],[100.492557,13.736945],[100.492146,13.737228],[100.491888,13.737409],[100.491694,13.737559],[100.491461,13.737723],[100.491431,13.737744],[100.490981,13.738073],[100.490676,13.738298],[100.490585,13.738362],[100.490449,13.738466],[100.490325,13.738563],[100.490212,13.738683],[100.489656,13.739365],[100.489113,13.74004],[100.488514,13.740787],[100.488098,13.741328],[100.48803,13.741416],[100.487962,13.741521],[100.487588,13.742121],[100.487537,13.7422],[100.487636,13.742257],[100.487757,13.742327],[100.487835,13.74237],[100.487883,13.742403],[100.487927,13.742265],[100.488431,13.741228],[100.488605,13.741312],[100.488634,13.741302],[100.48895,13.740724],[100.489512,13.741104],[100.48956,13.741137],[100.489808,13.740777],[100.489251,13.740279],[100.489137,13.740181],[100.489106,13.740149],[100.489101,13.740122],[100.489082,13.740087],[100.48905,13.740071],[100.489019,13.740071],[100.488989,13.740088],[100.488762,13.74037],[100.488096,13.741255],[100.487961,13.741444],[100.487962,13.741521],[100.48803,13.741416],[100.488098,13.741328],[100.488514,13.740787],[100.489113,13.74004],[100.489656,13.739365],[100.490212,13.738683],[100.490325,13.738563],[100.490449,13.738466],[100.490585,13.738362],[100.490676,13.738298],[100.490981,13.738073],[100.49117,13.738321],[100.491209,13.738426],[100.491238,13.738559],[100.491242,13.738687],[100.491244,13.73877],[100.491572,13.739194],[100.491806,13.739498],[100.492128,13.739917],[100.49214,13.739932],[100.491972,13.740061],[100.491954,13.740074],[100.491939,13.740088],[100.491897,13.740115],[100.491633,13.740342],[100.491563,13.740398],[100.491633,13.740342],[100.491897,13.740115],[100.491939,13.740088],[100.491954,13.740074],[100.491972,13.740061],[100.49214,13.739932],[100.492128,13.739917],[100.491806,13.739498],[100.491572,13.739194],[100.491244,13.73877],[100.491242,13.738687],[100.491238,13.738559],[100.491209,13.738426],[100.49117,13.738321],[100.490981,13.738073],[100.490676,13.738298],[100.490585,13.738362],[100.490449,13.738466],[100.490325,13.738563],[100.490212,13.738683],[100.489656,13.739365],[100.489113,13.74004],[100.488514,13.740787],[100.488098,13.741328],[100.48803,13.741416],[100.487962,13.741521],[100.487588,13.742121],[100.487537,13.7422],[100.487447,13.742147],[100.487425,13.742132],[100.48707,13.74198],[100.48704,13.741959],[100.487091,13.741197],[100.487178,13.740711],[100.486995,13.740636],[100.486952,13.740602],[100.486953,13.740564],[100.48701,13.740472],[100.487173,13.740207],[100.487237,13.740106],[100.48745,13.73977],[100.487666,13.739491],[100.48745,13.73977],[100.487237,13.740106],[100.487173,13.740207],[100.48701,13.740472],[100.486953,13.740564],[100.486952,13.740602],[100.486995,13.740636],[100.487178,13.740711],[100.487091,13.741197],[100.48704,13.741959],[100.48707,13.74198],[100.487425,13.742132],[100.487447,13.742147],[100.487537,13.7422],[100.487636,13.742257],[100.487757,13.742327],[100.487835,13.74237],[100.487883,13.742403],[100.48791,13.742457],[100.487904,13.742529],[100.487787,13.74275],[100.487486,13.743349],[100.48765,13.743404],[100.487991,13.743518],[100.488284,13.74362],[100.488512,13.743699],[100.488498,13.743739],[100.488473,13.743808],[100.48847,13.743818]]},"properties":{"type":"route","walk_index":15,"n_stops":7,"total_km":9.71}},{"type":"Feature","geometry":{"type":"LineString","coordinates":[[100.492674,13.752458],[100.49278,13.752461],[100.493404,13.752464],[100.493415,13.752464],[100.493551,13.752466],[100.493566,13.752369],[100.493585,13.752245],[100.493595,13.752179],[100.49365,13.751819],[100.49366,13.751752],[100.493697,13.751494],[100.493751,13.751154],[100.493755,13.751126],[100.493771,13.751022],[100.493793,13.750871],[100.493798,13.750841],[100.493964,13.749745],[100.494063,13.749758],[100.494311,13.749776],[100.494439,13.749786],[100.494913,13.749821],[100.495103,13.749835],[100.495186,13.749841],[100.495517,13.749856],[100.495603,13.74986],[100.495804,13.749869],[100.496079,13.749881],[100.496124,13.749883],[100.496124,13.749708],[100.49612,13.749503],[100.496124,13.748878],[100.496117,13.748339],[100.496108,13.747407],[100.496107,13.747306],[100.49598,13.747312],[100.494622,13.74738],[100.494569,13.747383],[100.494544,13.747386],[100.494466,13.747398],[100.494355,13.747429],[100.494345,13.747402],[100.494326,13.74738],[100.494301,13.747366],[100.494272,13.74736],[100.494245,13.747364],[100.49422,13.747376],[100.4942,13.747395],[100.494188,13.747419],[100.494185,13.747439],[100.494184,13.747445],[100.494189,13.747472],[100.494202,13.747495],[100.494222,13.747514],[100.494247,13.747525],[100.494274,13.747528],[100.494264,13.747772],[100.494261,13.74779],[100.494068,13.74906],[100.493964,13.749745],[100.493798,13.750841],[100.493793,13.750871],[100.493771,13.751022],[100.493755,13.751126],[100.493751,13.751154],[100.493697,13.751494],[100.49366,13.751752],[100.49365,13.751819],[100.493595,13.752179],[100.493585,13.752245],[100.493566,13.752369],[100.493551,13.752466],[100.493415,13.752464],[100.493404,13.752464],[100.49278,13.752461],[100.492663,13.752458],[100.49278,13.752461],[100.493404,13.752464],[100.493415,13.752464],[100.493551,13.752466],[100.493566,13.752369],[100.493585,13.752245],[100.493595,13.752179],[100.49365,13.751819],[100.49366,13.751752],[100.493697,13.751494],[100.493751,13.751154],[100.493755,13.751126],[100.493771,13.751022],[100.493868,13.751032],[100.493933,13.751039],[100.494172,13.751064],[100.494327,13.751079],[100.495001,13.751147],[100.495365,13.751186],[100.495995,13.751251],[100.496049,13.751257],[100.496097,13.751262],[100.49614,13.751266],[100.496327,13.751271],[100.496394,13.751278],[100.496403,13.751175],[100.496411,13.751079],[100.496428,13.750894],[100.49647,13.750418],[100.496509,13.749982],[100.496525,13.749801],[100.496527,13.749728],[100.496658,13.749724],[100.497113,13.74971],[100.497184,13.749706],[100.497218,13.749704],[100.497525,13.749689],[100.49758,13.749687],[100.497798,13.749676],[100.497862,13.74967],[100.4979,13.749651],[100.497929,13.749637],[100.497936,13.74963],[100.498019,13.749614],[100.498041,13.749612],[100.498764,13.749575],[100.498903,13.749567],[100.499042,13.74956],[100.499205,13.749552],[100.500041,13.749508],[100.500073,13.749506],[100.50016,13.749502],[100.500136,13.749336],[100.500015,13.748528],[100.499981,13.748303],[100.49997,13.748225],[100.50006,13.748216],[100.501222,13.748091],[100.501283,13.748098],[100.501329,13.748226],[100.501354,13.748292],[100.501355,13.748301],[100.501363,13.748372],[100.501371,13.748432],[100.501429,13.748914],[100.501567,13.750048],[100.501642,13.750659],[100.501691,13.751059],[100.501743,13.751484],[100.501746,13.751513],[100.501743,13.751545],[100.501741,13.751553],[100.501736,13.751574],[100.501711,13.751652],[100.501517,13.75166],[100.501052,13.751694],[100.500969,13.751738],[100.500923,13.751778],[100.500888,13.751825],[100.50084,13.75194],[100.500909,13.751981],[100.500974,13.752008],[100.501088,13.752019],[100.501474,13.751968],[100.501695,13.751948],[100.501877,13.751934],[100.50192,13.751931],[100.501994,13.751925],[100.502077,13.751916],[100.502086,13.751917],[100.502094,13.751917],[100.502136,13.751921],[100.502424,13.751947],[100.502683,13.751972],[100.502718,13.751975],[100.503042,13.752003],[100.503137,13.752011],[100.503252,13.752021],[100.503324,13.752028],[100.503618,13.752057],[100.503669,13.752062],[100.503813,13.752075],[100.504407,13.75213],[100.504428,13.752132],[100.504522,13.752136],[100.50454,13.752209],[100.504559,13.752291],[100.504619,13.752539],[100.504639,13.75262],[100.504659,13.752699],[100.504587,13.752716],[100.504571,13.75272],[100.503966,13.752866],[100.503797,13.752906],[100.503803,13.75293],[100.503809,13.752953],[100.503821,13.753006],[100.503841,13.753089],[100.503854,13.753144],[100.503882,13.753261],[100.503886,13.753276],[100.503937,13.753494],[100.50395,13.753549],[100.503937,13.753494],[100.503886,13.753276],[100.503882,13.753261],[100.503854,13.753144],[100.503841,13.753089],[100.503821,13.753006],[100.503809,13.752953],[100.503803,13.75293],[100.503797,13.752906],[100.503763,13.752915],[100.503642,13.752944],[100.503353,13.753014],[100.503203,13.75305],[100.503176,13.753056],[100.503143,13.753064],[100.503097,13.753089],[100.50308,13.753098],[100.50306,13.753109],[100.502996,13.753142],[100.502402,13.753239],[100.502381,13.753242],[100.502289,13.753257],[100.502265,13.753261],[100.502188,13.753257],[100.502141,13.75291],[100.502138,13.752885],[100.502104,13.752637],[100.502055,13.752273],[100.502027,13.752064],[100.502012,13.752],[100.502009,13.751988],[100.502004,13.751969],[100.501994,13.751925],[100.502077,13.751916],[100.502086,13.751917],[100.502094,13.751917],[100.502136,13.751921],[100.502424,13.751947],[100.502683,13.751972],[100.502718,13.751975],[100.503042,13.752003],[100.503137,13.752011],[100.503252,13.752021],[100.503324,13.752028],[100.503618,13.752057],[100.503669,13.752062],[100.503813,13.752075],[100.504407,13.75213],[100.504428,13.752132],[100.504522,13.752136],[100.50454,13.752209],[100.504559,13.752291],[100.504619,13.752539],[100.504639,13.75262],[100.504659,13.752699],[100.504675,13.752761],[100.504793,13.753271],[100.504891,13.753687],[100.504897,13.753711],[100.504904,13.753739],[100.504937,13.753871],[100.504944,13.753899],[100.504956,13.753943],[100.505006,13.754139],[100.505046,13.754298],[100.505126,13.754609],[100.505208,13.754931],[100.505266,13.755157],[100.505285,13.755266],[100.505283,13.755385],[100.505265,13.755512],[100.505258,13.755613],[100.505251,13.755642],[100.505224,13.755793],[100.505211,13.755845],[100.505188,13.755917],[100.505069,13.755935],[100.504757,13.75599],[100.504607,13.756021],[100.504569,13.756029],[100.504366,13.75607],[100.503362,13.756278],[100.50334,13.756172],[100.503336,13.756152],[100.503318,13.756091],[100.503265,13.755906],[100.503236,13.755808],[100.503515,13.755746],[100.503687,13.755712],[100.503753,13.755699],[100.504069,13.755587],[100.504062,13.755556],[100.504044,13.755484],[100.503966,13.75518],[100.503899,13.754921],[100.503894,13.754898],[100.503823,13.754631],[100.504049,13.754565],[100.504155,13.754533],[100.504049,13.754565],[100.503823,13.754631],[100.503894,13.754898],[100.503899,13.754921],[100.503966,13.75518],[100.504044,13.755484],[100.504062,13.755556],[100.504069,13.755587],[100.50423,13.755532],[100.504262,13.75552],[100.504741,13.755348],[100.505125,13.755209],[100.505266,13.755157],[100.505285,13.755266],[100.505283,13.755385],[100.505265,13.755512],[100.505258,13.755613],[100.505251,13.755642],[100.505224,13.755793],[100.505211,13.755845],[100.505188,13.755917],[100.505069,13.755935],[100.504757,13.75599],[100.504607,13.756021],[100.504569,13.756029],[100.504366,13.75607],[100.503362,13.756278],[100.50251,13.756455],[100.502458,13.756466],[100.502434,13.756471],[100.502331,13.756469],[100.502112,13.756446],[100.502087,13.756424],[100.502034,13.756385],[100.501974,13.756356],[100.50185,13.756332],[100.501739,13.756345],[100.50166,13.756377],[100.501591,13.756425],[100.501532,13.756492],[100.501493,13.756568],[100.501303,13.756685],[100.501283,13.756692],[100.501231,13.756711],[100.501196,13.756719],[100.500369,13.756886],[100.49934,13.757098],[100.499129,13.757141],[100.49906,13.757155],[100.498918,13.757185],[100.498898,13.757026],[100.498891,13.756975],[100.498856,13.756703],[100.498813,13.756311],[100.498766,13.755915],[100.498764,13.755897],[100.498743,13.755688],[100.498737,13.755631],[100.498727,13.755545],[100.498722,13.755506],[100.498637,13.754888],[100.498684,13.754881],[100.498762,13.754868],[100.4988,13.754862],[100.49879,13.754881],[100.49879,13.75491],[100.498812,13.75509],[100.499051,13.755059],[100.499058,13.755058],[100.499345,13.755021],[100.499416,13.755012],[100.499345,13.755021],[100.499058,13.755058],[100.499051,13.755059],[100.498812,13.75509],[100.49879,13.75491],[100.49879,13.754881],[100.4988,13.754862],[100.498762,13.754868],[100.498684,13.754881],[100.498637,13.754888],[100.498603,13.754647],[100.498593,13.754571],[100.498519,13.754576],[100.497907,13.754616],[100.497657,13.754634],[100.497187,13.754672],[100.496494,13.754711],[100.496349,13.755615],[100.496278,13.756054],[100.496284,13.756106],[100.496316,13.756132],[100.496356,13.756138],[100.497141,13.755936],[100.497126,13.755976],[100.497125,13.755984],[100.497123,13.756058],[100.497122,13.756065],[100.497131,13.756126],[100.497129,13.756348],[100.497136,13.757053],[100.498116,13.756871],[100.498823,13.756711],[100.498856,13.756703],[100.498891,13.756975],[100.498898,13.757026],[100.498918,13.757185],[100.498932,13.757296],[100.498946,13.757402],[100.498967,13.757568],[100.498972,13.757607],[100.499008,13.757887],[100.499034,13.758095],[100.499074,13.758404],[100.499138,13.758904],[100.499193,13.759337],[100.499202,13.759402],[100.499218,13.75953],[100.499217,13.759648],[100.499177,13.759754],[100.499093,13.759883],[100.499074,13.75987],[100.499016,13.759851],[100.498973,13.759855],[100.498938,13.759869],[100.498914,13.759888],[100.498905,13.759898],[100.49889,13.759922],[100.498879,13.759965],[100.49888,13.759996],[100.498751,13.760034],[100.497468,13.760771],[100.497078,13.761013],[100.497027,13.76106],[100.49656,13.76062],[100.496502,13.760569],[100.496134,13.760235],[100.496071,13.760311],[100.495775,13.760667],[100.495549,13.760947],[100.495278,13.760741],[100.495241,13.760787],[100.49518,13.760863],[100.495158,13.760891]]},"properties":{"type":"route","walk_index":16,"n_stops":9,"total_km":9.24}},{"type":"Feature","geometry":{"type":"LineString","coordinates":[[100.492674,13.752458],[100.492567,13.752455],[100.492378,13.75245],[100.492198,13.752446],[100.491617,13.752433],[100.49139,13.752428],[100.491255,13.752425],[100.491288,13.752537],[100.491323,13.752651],[100.491571,13.753446],[100.491618,13.753611],[100.491802,13.754293],[100.491857,13.754493],[100.491918,13.754711],[100.492052,13.755193],[100.492081,13.755302],[100.492093,13.755348],[100.492125,13.755462],[100.492159,13.755582],[100.492225,13.75583],[100.492326,13.756175],[100.492525,13.756901],[100.492565,13.757051],[100.492585,13.757125],[100.492663,13.757481],[100.492768,13.75784],[100.492787,13.757913],[100.492812,13.757996],[100.492888,13.75825],[100.493019,13.758707],[100.493026,13.75873],[100.493036,13.758812],[100.493032,13.758865],[100.493017,13.758912],[100.492996,13.758953],[100.492966,13.758987],[100.492886,13.759075],[100.492531,13.759442],[100.492186,13.75979],[100.491931,13.760043],[100.491905,13.760016],[100.491895,13.760006],[100.49169,13.759776],[100.491696,13.759771],[100.49169,13.759776],[100.491895,13.760006],[100.491905,13.760016],[100.491931,13.760043],[100.49165,13.760339],[100.491607,13.760436],[100.491602,13.760491],[100.49164,13.76058],[100.491712,13.760664],[100.491796,13.760708],[100.491822,13.760732],[100.491915,13.760819],[100.491961,13.760861],[100.49212,13.760984],[100.492749,13.761473],[100.492889,13.761582],[100.49298,13.761648],[100.49353,13.762072],[100.493791,13.762277],[100.493934,13.762389],[100.494227,13.762625],[100.494476,13.762829],[100.494542,13.762883],[100.494626,13.762951],[100.494644,13.762966],[100.494788,13.763083],[100.494834,13.76312],[100.494899,13.763172],[100.494931,13.763198],[100.495148,13.763372],[100.495203,13.763416],[100.495224,13.763432],[100.495491,13.763645],[100.495585,13.763712],[100.495662,13.763736],[100.495747,13.763747],[100.495836,13.763741],[100.49595,13.763712],[100.495982,13.763693],[100.496032,13.763663],[100.496375,13.763431],[100.496445,13.763384],[100.496633,13.763257],[100.496673,13.76323],[100.496794,13.763149],[100.497201,13.762876],[100.497986,13.762356],[100.498118,13.762268],[100.498245,13.762183],[100.49814,13.762057],[100.497619,13.761582],[100.497394,13.761389],[100.497027,13.76106],[100.49656,13.76062],[100.496502,13.760569],[100.496134,13.760235],[100.496104,13.760208],[100.495881,13.760004],[100.495636,13.759746],[100.495605,13.759712],[100.495523,13.759622],[100.495465,13.759558],[100.495391,13.759468],[100.495236,13.759275],[100.495188,13.759198],[100.495112,13.759082],[100.495034,13.758921],[100.494976,13.758726],[100.494973,13.758714],[100.494961,13.758645],[100.494953,13.758497],[100.494974,13.758333],[100.495003,13.758246],[100.495045,13.758167],[100.4951,13.758101],[100.495171,13.758047],[100.495199,13.758031],[100.495275,13.757989],[100.495348,13.757963],[100.495433,13.75794],[100.495607,13.757913],[100.495847,13.757895],[100.495986,13.757913],[100.49605,13.757922],[100.496187,13.757928],[100.496308,13.757919],[100.496436,13.757899],[100.49725,13.757737],[100.498206,13.757551],[100.498714,13.757449],[100.498672,13.757235],[100.498151,13.757338],[100.49721,13.757531],[100.496436,13.757682],[100.496312,13.757697],[100.496187,13.757702],[100.496106,13.757696],[100.496053,13.757691],[100.495935,13.757674],[100.495795,13.757632],[100.495545,13.757556],[100.495358,13.757505],[100.495275,13.75748],[100.495187,13.757461],[100.495116,13.757449],[100.495039,13.75744],[100.494961,13.757437],[100.494898,13.757447],[100.494811,13.75747],[100.494748,13.757486],[100.4946,13.757552],[100.494414,13.757682],[100.494182,13.757925],[100.493767,13.758381],[100.493352,13.758844],[100.493202,13.759017],[100.493049,13.759196],[100.492851,13.759438],[100.491576,13.761061],[100.490036,13.763061],[100.489403,13.763854],[100.488761,13.764666],[100.487565,13.766154],[100.487449,13.766299],[100.487159,13.766582],[100.48682,13.767017],[100.486273,13.767643],[100.485985,13.767991],[100.48577,13.768254],[100.485739,13.768293],[100.485671,13.768379],[100.485575,13.768514],[100.485482,13.768664],[100.48517,13.769121],[100.484959,13.769427],[100.484871,13.769539],[100.484531,13.76998],[100.484356,13.770206],[100.484211,13.770386],[100.484181,13.770422],[100.483884,13.770813],[100.483844,13.770866],[100.483406,13.771356],[100.48331,13.771466],[100.48323,13.771558],[100.48312,13.771697],[100.482615,13.772336],[100.482443,13.772543],[100.482333,13.772671],[100.481944,13.773087],[100.481869,13.773167],[100.481741,13.773308],[100.481942,13.773535],[100.482066,13.773396],[100.482136,13.773319],[100.482221,13.773226],[100.482571,13.772841],[100.482808,13.772571],[100.482984,13.772365],[100.483148,13.772165],[100.483492,13.77173],[100.483797,13.771318],[100.483869,13.771217],[100.484221,13.770766],[100.484384,13.770553],[100.484639,13.770227],[100.484952,13.769827],[100.485156,13.769567],[100.48535,13.769311],[100.485425,13.769225],[100.485708,13.768925],[100.485746,13.768887],[100.485846,13.768779],[100.485947,13.768671],[100.486089,13.768498],[100.486312,13.768185],[100.486537,13.767884],[100.486839,13.76748],[100.487352,13.76679],[100.487513,13.766558],[100.487691,13.766287],[100.4879,13.76602],[100.48817,13.765764],[100.488275,13.765652],[100.488357,13.765588],[100.488423,13.765538],[100.488477,13.76549],[100.488581,13.765372],[100.488614,13.765336],[100.488666,13.765294],[100.488718,13.765264],[100.488808,13.765225],[100.489478,13.764359],[100.489791,13.763966],[100.490065,13.763635],[100.490081,13.763609],[100.490089,13.763587],[100.490087,13.763563],[100.490075,13.763542],[100.489965,13.763453],[100.489773,13.763304],[100.489653,13.763212],[100.489612,13.763193],[100.489568,13.763191],[100.489534,13.763206],[100.489418,13.763354],[100.489269,13.763545],[100.48872,13.764251],[100.488659,13.764205],[100.488625,13.764183],[100.488601,13.764169],[100.488326,13.764141],[100.488251,13.764133],[100.488027,13.764113],[100.487646,13.764073],[100.487579,13.764068],[100.487515,13.764037],[100.487477,13.763914],[100.487459,13.763823],[100.48747,13.763749],[100.487497,13.763578],[100.48747,13.763749],[100.487459,13.763823],[100.487477,13.763914],[100.487515,13.764037],[100.487579,13.764068],[100.487646,13.764073],[100.488027,13.764113],[100.488251,13.764133],[100.488326,13.764141],[100.488601,13.764169],[100.488625,13.764183],[100.488659,13.764205],[100.48872,13.764251],[100.488271,13.764826],[100.488115,13.765025],[100.488021,13.765145],[100.487938,13.765251],[100.487461,13.765862],[100.487003,13.766453],[100.48685,13.76665],[100.486438,13.767177],[100.486146,13.767486],[100.48602,13.767594],[100.485921,13.767651],[100.48583,13.767692],[100.485648,13.767759],[100.485581,13.767771],[100.485573,13.767773],[100.485551,13.767776],[100.485464,13.767788],[100.485385,13.767776],[100.485304,13.767745],[100.485216,13.767694],[100.484962,13.767504],[100.484714,13.767312],[100.484639,13.767223],[100.484388,13.766922],[100.484259,13.766761],[100.483887,13.766259],[100.483724,13.765991],[100.483575,13.765745],[100.483442,13.765529],[100.483338,13.765299],[100.483245,13.765074],[100.483124,13.76475],[100.482993,13.764311],[100.482925,13.764046],[100.482913,13.764001],[100.482854,13.763764],[100.482832,13.763659],[100.482816,13.763558],[100.482807,13.763473],[100.482801,13.763377],[100.482778,13.762829],[100.482756,13.762087],[100.482751,13.761903],[100.482728,13.76118],[100.482724,13.760923],[100.482721,13.760778],[100.48272,13.760495],[100.482723,13.760313],[100.482729,13.760193],[100.482738,13.760086],[100.482752,13.759985],[100.482805,13.759759],[100.482819,13.759723],[100.482835,13.759696],[100.482851,13.759678],[100.482874,13.759661],[100.4829,13.759649],[100.482924,13.759642],[100.482952,13.759636],[100.482981,13.759631],[100.484046,13.759525],[100.484118,13.759523],[100.484164,13.759522],[100.484219,13.759528],[100.484271,13.759538],[100.484334,13.759556],[100.484394,13.759569],[100.484478,13.75959],[100.48478,13.75968],[100.484793,13.75971],[100.484817,13.759733],[100.484841,13.759746],[100.484881,13.759746],[100.484912,13.759733],[100.484936,13.75971],[100.484949,13.75968],[100.484949,13.759648],[100.484936,13.759618],[100.484912,13.759595],[100.484881,13.759582],[100.484848,13.759582],[100.484817,13.759595],[100.484793,13.759617],[100.484664,13.759582],[100.484442,13.759504],[100.484374,13.759482],[100.484292,13.759458],[100.484229,13.759445],[100.48416,13.759437],[100.484077,13.759438],[100.483528,13.7595],[100.483527,13.759472],[100.483519,13.759217]]},"properties":{"type":"route","walk_index":17,"n_stops":4,"total_km":9.84}},{"type":"Feature","geometry":{"type":"LineString","coordinates":[[100.4927,13.7516],[100.4926905,13.7515102],[100.49278,13.752461],[100.493404,13.752464],[100.493415,13.752464],[100.493551,13.752466],[100.493566,13.752369],[100.493585,13.752245],[100.493595,13.752179],[100.49365,13.751819],[100.49366,13.751752],[100.493697,13.751494],[100.493751,13.751154],[100.493755,13.751126],[100.493771,13.751022],[100.493793,13.750871],[100.493798,13.750841],[100.493964,13.749745],[100.494063,13.749758],[100.494311,13.749776],[100.494439,13.749786],[100.494913,13.749821],[100.495103,13.749835],[100.495186,13.749841],[100.495517,13.749856],[100.495603,13.74986],[100.495804,13.749869],[100.496079,13.749881],[100.496124,13.749883],[100.496124,13.749708],[100.49612,13.749503],[100.496124,13.748878],[100.496117,13.748339],[100.496108,13.747407],[100.496107,13.747306],[100.496105,13.747218],[100.496087,13.745992],[100.496088,13.745604],[100.496088,13.745503],[100.496093,13.745427],[100.496114,13.745258],[100.496134,13.745127],[100.496136,13.745113],[100.496204,13.744633],[100.496212,13.744541],[100.496212,13.744447],[100.496194,13.744339],[100.49615,13.744244],[100.496084,13.744157],[100.495699,13.743763],[100.495511,13.743563],[100.495298,13.743339],[100.494865,13.742882],[100.494786,13.742866],[100.494715,13.74286],[100.494645,13.742867],[100.494568,13.742887],[100.494459,13.742926],[100.494353,13.742963],[100.494345,13.742967],[100.494316,13.742982],[100.493955,13.743159],[100.493773,13.743271],[100.493624,13.743393],[100.493551,13.743467],[100.493482,13.743532],[100.493237,13.743776],[100.493011,13.744037],[100.492825,13.744219],[100.492706,13.744352],[100.492505,13.744565],[100.492359,13.744722],[100.492313,13.744771],[100.491954,13.745151],[100.491925,13.745197],[100.491957,13.745214],[100.491977,13.745222],[100.491999,13.745231],[100.492796,13.745517],[100.492874,13.745545],[100.493149,13.745642],[100.493721,13.745847],[100.494239,13.746043],[100.494265,13.746053],[100.494345,13.746085],[100.494328,13.746197],[100.494201,13.747044],[100.494195,13.747087],[100.494245,13.747364],[100.49422,13.747376],[100.4942,13.747395],[100.494188,13.747419],[100.494185,13.747439],[100.494184,13.747445],[100.494189,13.747472],[100.494202,13.747495],[100.494222,13.747514],[100.494247,13.747525],[100.494274,13.747528],[100.494303,13.747521],[100.494328,13.747506],[100.494346,13.747484],[100.494355,13.747457],[100.494355,13.747429],[100.494466,13.747398],[100.494544,13.747386],[100.494569,13.747383],[100.494622,13.74738],[100.49598,13.747312],[100.496107,13.747306],[100.496178,13.747302],[100.496365,13.747293],[100.496436,13.74729],[100.496443,13.747426],[100.496469,13.748257],[100.496472,13.748427],[100.496476,13.748514],[100.496522,13.749601],[100.496527,13.749728],[100.496658,13.749724],[100.497113,13.74971],[100.497184,13.749706],[100.497218,13.749704],[100.497525,13.749689],[100.49758,13.749687],[100.497798,13.749676],[100.497862,13.74967],[100.4979,13.749651],[100.497929,13.749637],[100.497936,13.74963],[100.498019,13.749614],[100.498041,13.749612],[100.498764,13.749575],[100.498903,13.749567],[100.499042,13.74956],[100.499205,13.749552],[100.500041,13.749508],[100.500073,13.749506],[100.50016,13.749502],[100.500136,13.749336],[100.500015,13.748528],[100.499981,13.748303],[100.49997,13.748225],[100.50006,13.748216],[100.501222,13.748091],[100.501283,13.748098],[100.501329,13.748226],[100.501354,13.748292],[100.501355,13.748301],[100.501363,13.748372],[100.501371,13.748432],[100.501429,13.748914],[100.501567,13.750048],[100.501642,13.750659],[100.501691,13.751059],[100.501743,13.751484],[100.501746,13.751513],[100.501743,13.751545],[100.501741,13.751553],[100.501736,13.751574],[100.501711,13.751652],[100.501517,13.75166],[100.501052,13.751694],[100.500969,13.751738],[100.500923,13.751778],[100.500888,13.751825],[100.50084,13.75194],[100.500909,13.751981],[100.500974,13.752008],[100.501088,13.752019],[100.501474,13.751968],[100.501602,13.751906],[100.50173,13.751851],[100.501786,13.75181],[100.50188,13.751741],[100.501946,13.75171],[100.501927,13.751467],[100.501884,13.751042],[100.501843,13.750641],[100.501822,13.750441],[100.501785,13.7501],[100.501736,13.749673],[100.501696,13.749332],[100.501651,13.748948],[100.501646,13.748894],[100.501641,13.748849],[100.501591,13.748306],[100.501589,13.748273],[100.501586,13.74825],[100.501557,13.748188],[100.501525,13.748152],[100.501492,13.748126],[100.501433,13.748099],[100.501373,13.74807],[100.501332,13.748045],[100.501292,13.748005],[100.501269,13.747974],[100.50125,13.747946],[100.501248,13.747932],[100.501187,13.747595],[100.501115,13.747202],[100.501105,13.747146],[100.501089,13.747057],[100.501063,13.746945],[100.50106,13.746931],[100.500997,13.746665],[100.500874,13.746167],[100.50081,13.745905],[100.500651,13.745345],[100.500552,13.7449],[100.500532,13.744838],[100.500223,13.744923],[100.500022,13.744978],[100.499517,13.745115],[100.499344,13.74516],[100.499362,13.74525],[100.499479,13.74585],[100.499166,13.745912],[100.498747,13.745993],[100.498604,13.746015],[100.49811,13.746093],[100.49751,13.746183],[100.497536,13.746386],[100.497575,13.746685],[100.497598,13.74687],[100.497619,13.747028],[100.497623,13.747063],[100.497625,13.747078],[100.497644,13.747229],[100.49747,13.747238],[100.497455,13.747238],[100.497416,13.74724],[100.497092,13.747257],[100.497057,13.747258],[100.497,13.747261],[100.496772,13.747273],[100.496572,13.747283],[100.496555,13.747283],[100.496436,13.74729],[100.496432,13.747191],[100.496424,13.746975],[100.496413,13.746227],[100.496424,13.745955],[100.496432,13.745687],[100.496443,13.745594],[100.496454,13.745485],[100.496465,13.745389],[100.496609,13.745374],[100.497219,13.745311],[100.497328,13.745306],[100.497398,13.745305],[100.497509,13.745304],[100.497866,13.745288],[100.498021,13.745277],[100.498333,13.745254],[100.49866,13.745225],[100.49923,13.74517],[100.499344,13.74516],[100.49931,13.744981],[100.499281,13.744843],[100.499215,13.744535],[100.499207,13.744499],[100.499144,13.7442],[100.499074,13.743873],[100.499024,13.743645],[100.498972,13.743423],[100.498921,13.743224],[100.498834,13.742939],[100.498541,13.742077],[100.498528,13.741971],[100.498537,13.741871],[100.498571,13.741771],[100.498602,13.7417],[100.498638,13.741638],[100.498683,13.741591],[100.498716,13.741568],[100.498761,13.741543],[100.498806,13.741527],[100.498952,13.741481],[100.49907,13.741447],[100.499084,13.741503],[100.499105,13.741583],[100.499158,13.741723],[100.499194,13.741847],[100.499287,13.742135]]},"properties":{"type":"route","walk_index":18,"n_stops":7,"total_km":6.7}},{"type":"Feature","geometry":{"type":"LineString","coordinates":[[100.492674,13.752458],[100.492567,13.752455],[100.492378,13.75245],[100.492198,13.752446],[100.491617,13.752433],[100.49139,13.752428],[100.491255,13.752425],[100.491288,13.752537],[100.491323,13.752651],[100.491571,13.753446],[100.491618,13.753611],[100.491802,13.754293],[100.491857,13.754493],[100.491802,13.754293],[100.491618,13.753611],[100.491571,13.753446],[100.49159,13.753301],[100.491683,13.753061],[100.491818,13.752863],[100.491937,13.752733],[100.492061,13.752643],[100.492241,13.752518],[100.492378,13.75245],[100.492567,13.752455],[100.492663,13.752458],[100.49278,13.752461],[100.492976,13.752539],[100.49316,13.752641],[100.493282,13.752742],[100.493349,13.752798],[100.493466,13.752932],[100.493581,13.753104],[100.493596,13.75316],[100.493641,13.753321],[100.493875,13.754169],[100.493927,13.754356],[100.494077,13.754887],[100.494097,13.754958],[100.494205,13.755346],[100.494291,13.755652],[100.494351,13.755869],[100.494388,13.756004],[100.494493,13.756369],[100.494535,13.756687],[100.494663,13.757022],[100.494673,13.757047],[100.49471,13.757124],[100.494781,13.75722],[100.494908,13.757341],[100.495039,13.75744],[100.495154,13.757514],[100.495241,13.757561],[100.495651,13.757796],[100.495847,13.757895],[100.495986,13.757913],[100.49605,13.757922],[100.496187,13.757928],[100.496308,13.757919],[100.496436,13.757899],[100.49725,13.757737],[100.498206,13.757551],[100.498714,13.757449],[100.498672,13.757235],[100.498151,13.757338],[100.49721,13.757531],[100.497188,13.757393],[100.497186,13.757385],[100.497136,13.757053],[100.497129,13.756348],[100.497131,13.756126],[100.497122,13.756065],[100.497123,13.756058],[100.497125,13.755984],[100.497126,13.755976],[100.497141,13.755936],[100.496356,13.756138],[100.496316,13.756132],[100.496284,13.756106],[100.496278,13.756054],[100.496349,13.755615],[100.496494,13.754711],[100.497187,13.754672],[100.497657,13.754634],[100.497907,13.754616],[100.498519,13.754576],[100.498593,13.754571],[100.498603,13.754647],[100.498637,13.754888],[100.498684,13.754881],[100.498762,13.754868],[100.4988,13.754862],[100.49879,13.754881],[100.49879,13.75491],[100.498812,13.75509],[100.499051,13.755059],[100.499058,13.755058],[100.499345,13.755021],[100.499416,13.755012],[100.499345,13.755021],[100.499058,13.755058],[100.499051,13.755059],[100.498812,13.75509],[100.49879,13.75491],[100.49879,13.754881],[100.4988,13.754862],[100.498762,13.754868],[100.498684,13.754881],[100.498637,13.754888],[100.498603,13.754647],[100.498593,13.754571],[100.498583,13.754501],[100.498529,13.754123],[100.498525,13.754094],[100.498512,13.753987],[100.498492,13.753833],[100.498576,13.75382],[100.498607,13.753815],[100.498856,13.753777],[100.498872,13.753775],[100.498995,13.753756],[100.49906,13.753746],[100.499189,13.753726],[100.499209,13.753723],[100.499821,13.753628],[100.499939,13.75361],[100.500084,13.753588],[100.500295,13.753555],[100.500301,13.753554],[100.500495,13.753524],[100.500996,13.753447],[100.501041,13.75344],[100.50105,13.753439],[100.501147,13.753424],[100.50113,13.753328],[100.501121,13.753278],[100.501102,13.753176],[100.501088,13.753097],[100.501018,13.752671],[100.501003,13.752572],[100.500961,13.752319],[100.500951,13.752265],[100.500961,13.75217],[100.500981,13.752097],[100.50102,13.752052],[100.501088,13.752019],[100.501474,13.751968],[100.501602,13.751906],[100.50173,13.751851],[100.501786,13.75181],[100.50188,13.751741],[100.501946,13.75171],[100.501927,13.751467],[100.501884,13.751042],[100.501843,13.750641],[100.501822,13.750441],[100.501785,13.7501],[100.501736,13.749673],[100.501696,13.749332],[100.501651,13.748948],[100.501646,13.748894],[100.501641,13.748849],[100.501591,13.748306],[100.501589,13.748273],[100.501586,13.74825],[100.501539,13.748198],[100.501507,13.748185],[100.501476,13.748183],[100.501436,13.748188],[100.501404,13.74821],[100.501385,13.748241],[100.501354,13.748292],[100.501355,13.748301],[100.501363,13.748372],[100.501371,13.748432],[100.501429,13.748914],[100.501567,13.750048],[100.501642,13.750659],[100.501691,13.751059],[100.501743,13.751484],[100.501746,13.751513],[100.501743,13.751545],[100.501741,13.751553],[100.501736,13.751574],[100.501711,13.751652],[100.501517,13.75166],[100.501052,13.751694],[100.500969,13.751738],[100.500923,13.751778],[100.500888,13.751825],[100.50084,13.75194],[100.500882,13.75204],[100.500899,13.752098],[100.500921,13.752179],[100.500951,13.752265],[100.500961,13.752319],[100.501003,13.752572],[100.501018,13.752671],[100.500952,13.752672],[100.50039,13.752672],[100.50037,13.752672],[100.500296,13.752671],[100.50003,13.752672],[100.499925,13.752672],[100.499849,13.752675],[100.499609,13.752681],[100.499277,13.752678],[100.498391,13.752616],[100.498347,13.752612],[100.498327,13.752485],[100.498293,13.752201],[100.498229,13.751743],[100.498219,13.751674],[100.498214,13.751644],[100.498188,13.751472],[100.498016,13.751443],[100.497614,13.7514],[100.497581,13.751396],[100.497544,13.751392],[100.497462,13.751382],[100.49706,13.751344],[100.496569,13.751296],[100.496504,13.751289],[100.496394,13.751278],[100.496403,13.751175],[100.496411,13.751079],[100.496428,13.750894],[100.49647,13.750418],[100.496509,13.749982],[100.496525,13.749801],[100.496527,13.749728],[100.496658,13.749724],[100.497113,13.74971],[100.497184,13.749706],[100.497218,13.749704],[100.497525,13.749689],[100.49758,13.749687],[100.497798,13.749676],[100.497862,13.74967],[100.4979,13.749651],[100.497929,13.749637],[100.497936,13.74963],[100.498019,13.749614],[100.498041,13.749612],[100.498764,13.749575],[100.498903,13.749567],[100.499042,13.74956],[100.499205,13.749552],[100.500041,13.749508],[100.500073,13.749506],[100.50016,13.749502],[100.500136,13.749336],[100.500015,13.748528],[100.499981,13.748303],[100.49997,13.748225],[100.499967,13.748204],[100.499952,13.748129],[100.499951,13.748124],[100.499947,13.748102],[100.499867,13.747732],[100.499811,13.747417],[100.499786,13.7473],[100.499781,13.747276],[100.49977,13.747226],[100.499748,13.747124],[100.499885,13.747117],[100.499904,13.747116],[100.500285,13.747097],[100.500386,13.747092],[100.50046,13.747088],[100.500918,13.747066],[100.500982,13.747062],[100.501089,13.747057],[100.501063,13.746945],[100.50106,13.746931],[100.500997,13.746665],[100.500874,13.746167],[100.50081,13.745905],[100.500651,13.745345],[100.500552,13.7449],[100.500532,13.744838],[100.500223,13.744923],[100.500022,13.744978],[100.499517,13.745115],[100.499344,13.74516],[100.499362,13.74525],[100.499479,13.74585],[100.499166,13.745912],[100.498747,13.745993],[100.498604,13.746015],[100.49811,13.746093],[100.49751,13.746183],[100.497536,13.746386],[100.497575,13.746685],[100.497598,13.74687],[100.497619,13.747028],[100.497623,13.747063],[100.497625,13.747078],[100.497644,13.747229],[100.49747,13.747238],[100.497455,13.747238],[100.497416,13.74724],[100.497092,13.747257],[100.497057,13.747258],[100.497,13.747261],[100.496772,13.747273],[100.496572,13.747283],[100.496555,13.747283],[100.496436,13.74729],[100.496365,13.747293],[100.496178,13.747302],[100.496107,13.747306],[100.49598,13.747312],[100.494622,13.74738],[100.494569,13.747383],[100.494544,13.747386],[100.494466,13.747398],[100.494355,13.747429],[100.494345,13.747402],[100.494326,13.74738],[100.494301,13.747366],[100.494272,13.74736],[100.494245,13.747364],[100.49422,13.747376],[100.4942,13.747395],[100.494188,13.747419],[100.494185,13.747439],[100.494184,13.747445],[100.494189,13.747472],[100.494202,13.747495],[100.494222,13.747514],[100.494247,13.747525],[100.494274,13.747528],[100.494264,13.747772],[100.494261,13.74779],[100.494068,13.74906],[100.493964,13.749745],[100.494063,13.749758],[100.494311,13.749776],[100.494439,13.749786],[100.494913,13.749821],[100.495103,13.749835],[100.495186,13.749841],[100.495517,13.749856],[100.495603,13.74986]]},"properties":{"type":"route","walk_index":19,"n_stops":8,"total_km":7.71}}]}